=== statement-completion-axioms.log ===
DerridaRetaux.FixedArity.cubicWeightedInfiniteChain (m : ℕ) (data : DerridaRetaux.ProfileInitialData m) :
  ∃ μ,
    MeasureTheory.IsProbabilityMeasure μ ∧
      (∀ (n : ℕ), MeasureTheory.Measure.map (fun w i => w ↑i) μ = (DerridaRetaux.spinePathPMF m data n).toMeasure) ∧
        (∀ (n : ℕ), MeasureTheory.Measure.map (fun w => w n) μ = (DerridaRetaux.spineMarginalPMF m data n).toMeasure) ∧
          ∀ (n : ℕ),
            MeasureTheory.Measure.map (fun w => (fun i => w ↑i, w (n + 1))) μ =
              ((DerridaRetaux.spinePathPMF m data n).bind fun u =>
                  PMF.map (fun k => (u, k))
                    (DerridaRetaux.spineKernel m data n (DerridaRetaux.finPathTerminal u))).toMeasure
'DerridaRetaux.FixedArity.cubicWeightedInfiniteChain' depends on axioms: [propext, Classical.choice, Quot.sound]
DerridaRetaux.FixedArity.momentLaplaceLocalIntegralDerivatives (m : ℕ) (data : DerridaRetaux.ProfileInitialData m)
  (phi : ℕ → ℕ) (g : (k : ℕ) → BoundedContinuousFunction ↑(DerridaRetaux.gridExhaustionRectangle k) ℝ)
  (hphi : Filter.Tendsto phi Filter.atTop Filter.atTop)
  (hlim :
    ∀ (k : ℕ),
      TendstoUniformly
        (fun n q =>
          DerridaRetaux.gridBilinearInterp (phi n) (DerridaRetaux.orbitScaledGrid m data.law (phi n)) (↑q).1 (↑q).2)
        (fun q => (g k) q) Filter.atTop) :
  let A := fun r t => DerridaRetaux.continuumMoment (fun x => DerridaRetaux.gluedExhaustionLimit g t x) r;
  let U := fun t p => DerridaRetaux.continuumLaplace (fun x => DerridaRetaux.gluedExhaustionLimit g t x) p;
  let beta := fun t => DerridaRetaux.gluedExhaustionLimit g t 0;
  ∀ (a b : ℝ),
    0 < a →
      a ≤ b →
        DerridaRetaux.HasIntegralDerivativeOn (A 0) (fun t => -beta t + 1 / 2 * A 0 t ^ 2) (Set.Icc a b) ∧
          DerridaRetaux.HasIntegralDerivativeOn (A 2) (fun t => A 0 t * A 2 t - 1) (Set.Icc a b) ∧
            DerridaRetaux.HasIntegralDerivativeOn (A 3) (fun t => A 0 t * A 3 t) (Set.Icc a b) ∧
              ∀ (p : ℝ),
                0 ≤ p →
                  DerridaRetaux.HasIntegralDerivativeOn (fun t => U t p)
                    (fun t => p * U t p + 1 / 2 * U t p ^ 2 - beta t) (Set.Icc a b)
'DerridaRetaux.FixedArity.momentLaplaceLocalIntegralDerivatives' depends on axioms: [propext,
 Classical.choice,
 Quot.sound,
 DerridaRetaux.HumanInputs.cdhls_excess_upper,
 DerridaRetaux.HumanInputs.cdhls_product_upper]

=== all-source-axioms.log ===
DerridaRetaux.Audit.deterministicCriticalClassification_without_arity_is_false :
  Not
    (∀ (m : Nat) (p : DerridaRetaux.ProbabilityMass),
      DerridaRetaux.Critical m p → DerridaRetaux.IsDirac p → And (Eq.{1} m 2) (Eq.{1} p (DerridaRetaux.diracMass 1)))
'DerridaRetaux.Audit.deterministicCriticalClassification_without_arity_is_false' depends on axioms: [propext,
 Classical.choice,
 Quot.sound]
DerridaRetaux.Critical (m : Nat) (p : DerridaRetaux.ProbabilityMass) : Prop
'DerridaRetaux.Critical' depends on axioms: [propext, Classical.choice, Quot.sound]
DerridaRetaux.FixedArity.arrivalRecursion (m : Nat) (p₀ : DerridaRetaux.ProbabilityMass) (hm : LE.le.{0} 2 m)
  (hcrit : DerridaRetaux.Critical m p₀)
  (hnotBinaryFixedPoint : Not (And (Eq.{1} m 2) (Eq.{1} p₀ (DerridaRetaux.diracMass 1)))) :
  And
    (∀ (s N : Nat),
      Eq.{1} (DerridaRetaux.arrivalCoeff m p₀ (HAdd.hAdd.{0, 0, 0} s 1) N)
        (HAdd.hAdd.{0, 0, 0}
          (HSub.hSub.{0, 0, 0} (DerridaRetaux.arrivalCoeff m p₀ s N)
            (ite.{1} (Eq.{1} N s) (DerridaRetaux.arrivalBoundary m p₀ s) 0))
          (DerridaRetaux.shiftByInt (HSub.hSub.{0, 0, 0} 1 ↑s) (DerridaRetaux.arrivalFormulaSource m p₀ s) N)))
    (And
      (∀ (s : Nat),
        Eq.{1} (DerridaRetaux.arrivalKappa m p₀ (HAdd.hAdd.{0, 0, 0} s 1))
          (HDiv.hDiv.{0, 0, 0} (DerridaRetaux.arrivalKappa m p₀ s)
            (HAdd.hAdd.{0, 0, 0} 1
              (HMul.hMul.{0, 0, 0} (DerridaRetaux.arrivalKappa m p₀ s) (DerridaRetaux.arrivalBoundary m p₀ s)))))
      (∀ (s N : Nat),
        LE.le.{0} s N →
          Eq.{1} (DerridaRetaux.arrivalCoeff m p₀ s N)
            (HAdd.hAdd.{0, 0, 0} (DerridaRetaux.arrivalCoeff m p₀ 0 N)
              (∑ j ∈ Finset.range s,
                DerridaRetaux.arrivalFormulaSource m p₀ j (HSub.hSub.{0, 0, 0} (HAdd.hAdd.{0, 0, 0} N j) 1)))))
'DerridaRetaux.FixedArity.arrivalRecursion' depends on axioms: [propext, Classical.choice, Quot.sound]
DerridaRetaux.FixedArity.cubicMoment (m : Nat) (p₀ : DerridaRetaux.ProbabilityMass) (hm : LE.le.{0} 2 m)
  (hcrit : DerridaRetaux.Critical m p₀) (hthird : DerridaRetaux.TiltSummable m 3 p₀)
  (hnotBinaryFixedPoint : Not (And (Eq.{1} m 2) (Eq.{1} p₀ (DerridaRetaux.diracMass 1)))) :
  ∃ C,
    And (LT.lt.{0} 0 C)
      (And (∀ (n : Nat), LT.lt.{0} 0 (DerridaRetaux.normalizedCubicMoment m (DerridaRetaux.orbit m p₀ n)))
        (And
          (∀ (n : Nat),
            Eq.{1}
              (HMul.hMul.{0, 0, 0} (DerridaRetaux.tiltDenom m (DerridaRetaux.orbit m p₀ n))
                (DerridaRetaux.normalizedCubicMoment m (DerridaRetaux.orbit m p₀ (HAdd.hAdd.{0, 0, 0} n 1))))
              (HMul.hMul.{0, 0, 0} (↑m) (DerridaRetaux.normalizedCubicMoment m (DerridaRetaux.orbit m p₀ n))))
          (And
            (∀ (n : Nat),
              Eq.{1} (DerridaRetaux.normalizedCubicMoment m (DerridaRetaux.orbit m p₀ n))
                (HMul.hMul.{0, 0, 0}
                  (HMul.hMul.{0, 0, 0} (DerridaRetaux.normalizedCubicMoment m p₀)
                    (HDiv.hDiv.{0, 0, 0} (DerridaRetaux.tiltedPartition m p₀)
                      (DerridaRetaux.tiltedPartition m (DerridaRetaux.orbit m p₀ n))))
                  (DerridaRetaux.criticalProduct m p₀ n)))
            (∀ (n : Nat),
              And
                (LE.le.{0} (DerridaRetaux.normalizedCubicMoment m (DerridaRetaux.orbit m p₀ n))
                  (HMul.hMul.{0, 0, 0} C (HPow.hPow.{0, 0, 0} (↑(HAdd.hAdd.{0, 0, 0} n 1)) 2)))
                (And
                  (LE.le.{0}
                    (∑' (k : Nat),
                      HMul.hMul.{0, 0, 0} (HPow.hPow.{0, 0, 0} (↑k) 3)
                        (DerridaRetaux.normalizedTilt m (DerridaRetaux.orbit m p₀ n) k))
                    (HMul.hMul.{0, 0, 0} C (HPow.hPow.{0, 0, 0} (↑(HAdd.hAdd.{0, 0, 0} n 1)) 2)))
                  (LE.le.{0}
                    (∑' (k : Nat),
                      HMul.hMul.{0, 0, 0} (HPow.hPow.{0, 0, 0} (↑k) 2)
                        (DerridaRetaux.normalizedTilt m (DerridaRetaux.orbit m p₀ n) k))
                    (HMul.hMul.{0, 0, 0} C ↑(HAdd.hAdd.{0, 0, 0} n 1))))))))
'DerridaRetaux.FixedArity.cubicMoment' depends on axioms: [propext,
 Classical.choice,
 Quot.sound,
 DerridaRetaux.HumanInputs.cdhls_product_upper]
DerridaRetaux.FixedArity.cubicWeightedChain (m : Nat) (data : DerridaRetaux.ProfileInitialData m) :
  And
    (∀ (n : Nat),
      Eq.{1} (PMF.bind.{0, 0} (DerridaRetaux.spineMarginalPMF m data n) (DerridaRetaux.spineKernel m data n))
        (DerridaRetaux.spineMarginalPMF m data (HAdd.hAdd.{0, 0, 0} n 1)))
    (And
      (∀ (n : Nat),
        Eq.{1} (PMF.map.{0, 0} DerridaRetaux.finPathInitial (DerridaRetaux.spinePathPMF m data n))
          (DerridaRetaux.spineMarginalPMF m data 0))
      (And
        (∀ (n : Nat),
          Eq.{1} (PMF.map.{0, 0} DerridaRetaux.finPathTerminal (DerridaRetaux.spinePathPMF m data n))
            (DerridaRetaux.spineMarginalPMF m data n))
        (And
          (∀ (n : Nat),
            And
              (Eq.{1} (DerridaRetaux.spineExpectedPositiveIncrement m data n)
                (DerridaRetaux.spineIncrementRatio m
                  (DerridaRetaux.zeroTilt m
                    (DerridaRetaux.orbit m
                      (DerridaRetaux.CriticalInitialData.law
                        (DerridaRetaux.ProfileInitialData.toCriticalInitialData data))
                      n))
                  (DerridaRetaux.normalizedFactorialTwo m
                    (DerridaRetaux.orbit m
                      (DerridaRetaux.CriticalInitialData.law
                        (DerridaRetaux.ProfileInitialData.toCriticalInitialData data))
                      n))
                  (DerridaRetaux.normalizedFactorialThree m
                    (DerridaRetaux.orbit m
                      (DerridaRetaux.CriticalInitialData.law
                        (DerridaRetaux.ProfileInitialData.toCriticalInitialData data))
                      n))))
              (LE.le.{0} (DerridaRetaux.spineExpectedPositiveIncrement m data n) 4))
          (∀ (n : Nat) (R : Real),
            LT.lt.{0} 0 R →
              LE.le.{0} (DerridaRetaux.spineMarginalTail m data n R)
                (HAdd.hAdd.{0, 0, 0} (DerridaRetaux.spineMarginalTail m data 0 (HDiv.hDiv.{0, 0, 0} R 2))
                  (HDiv.hDiv.{0, 0, 0} (HMul.hMul.{0, 0, 0} 8 ↑n) R))))))
'DerridaRetaux.FixedArity.cubicWeightedChain' depends on axioms: [propext, Classical.choice, Quot.sound]
DerridaRetaux.FixedArity.farArrivalBound (m : Nat) (p₀ : DerridaRetaux.ProbabilityMass) (hm : LE.le.{0} 2 m)
  (hcrit : DerridaRetaux.Critical m p₀) (hthird : DerridaRetaux.TiltSummable m 3 p₀)
  (hnotBinaryFixedPoint : Not (And (Eq.{1} m 2) (Eq.{1} p₀ (DerridaRetaux.diracMass 1)))) :
  ∃ omega C,
    And (LT.lt.{0} 0 C)
      (And (Bornology.IsBounded.{0} (Set.range.{0, 1} omega))
        (And (Filter.Tendsto.{0, 0} omega Filter.atTop.{0} (nhds.{0} 0))
          (∀ (s N : Nat),
            LT.lt.{0} (HAdd.hAdd.{0, 0, 0} s (DerridaRetaux.SourceMonomialTag.sourceDifferenceCutoff m)) N →
              LE.le.{0} (DerridaRetaux.arrivalCoeff m p₀ s N)
                (HDiv.hDiv.{0, 0, 0} (HAdd.hAdd.{0, 0, 0} (omega N) (HMul.hMul.{0, 0, 0} C ↑(HAdd.hAdd.{0, 0, 0} s 1)))
                  (HPow.hPow.{0, 0, 0} (↑N) 3)))))
'DerridaRetaux.FixedArity.farArrivalBound' depends on axioms: [propext,
 Classical.choice,
 Quot.sound,
 DerridaRetaux.HumanInputs.cdhls_excess_upper,
 DerridaRetaux.HumanInputs.cdhls_product_upper]
DerridaRetaux.FixedArity.firstTiltedAtomTail (m : Nat) (p₀ : DerridaRetaux.ProbabilityMass) (hm : LE.le.{0} 2 m)
  (hcrit : DerridaRetaux.Critical m p₀) (hthird : DerridaRetaux.TiltSummable m 3 p₀)
  (hnotBinaryFixedPoint : Not (And (Eq.{1} m 2) (Eq.{1} p₀ (DerridaRetaux.diracMass 1)))) :
  ∃ C,
    And (LT.lt.{0} 0 C)
      (∀ (n : Nat),
        And (LE.le.{0} 0 (DerridaRetaux.firstTiltedAtomTail m p₀ n))
          (LE.le.{0} (DerridaRetaux.firstTiltedAtomTail m p₀ n) (HDiv.hDiv.{0, 0, 0} C ↑(HAdd.hAdd.{0, 0, 0} n 1))))
'DerridaRetaux.FixedArity.firstTiltedAtomTail' depends on axioms: [propext,
 Classical.choice,
 Quot.sound,
 DerridaRetaux.HumanInputs.cdhls_excess_upper]
DerridaRetaux.FixedArity.identifySubsequentialLimit (m : Nat) (data : DerridaRetaux.ProfileInitialData m)
  (phi : Nat → Nat) (g : (k : Nat) → BoundedContinuousFunction.{0, 0} (↑(DerridaRetaux.gridExhaustionRectangle k)) Real)
  (hphi : Filter.Tendsto.{0, 0} phi Filter.atTop.{0} Filter.atTop.{0})
  (hlim :
    ∀ (k : Nat),
      TendstoUniformly.{0, 0, 0}
        (fun n q =>
          DerridaRetaux.gridBilinearInterp (phi n)
            (DerridaRetaux.orbitScaledGrid m
              (DerridaRetaux.CriticalInitialData.law (DerridaRetaux.ProfileInitialData.toCriticalInitialData data))
              (phi n))
            (↑q).1 (↑q).2)
        (fun q => (g k) q) Filter.atTop.{0})
  (t x : Real) :
  LT.lt.{0} 0 t →
    LE.le.{0} 0 x →
      Eq.{1} (DerridaRetaux.gluedExhaustionLimit g t x)
        (HMul.hMul.{0, 0, 0} (HDiv.hDiv.{0, 0, 0} 4 (HPow.hPow.{0, 0, 0} t 2))
          (Real.exp (HDiv.hDiv.{0, 0, 0} (HMul.hMul.{0, 0, 0} (-2) x) t)))
'DerridaRetaux.FixedArity.identifySubsequentialLimit' depends on axioms: [propext,
 Classical.choice,
 Quot.sound,
 DerridaRetaux.HumanInputs.cdhls_excess_upper,
 DerridaRetaux.HumanInputs.cdhls_product_upper,
 DerridaRetaux.HumanInputs.kotani_characteristic_eq_implies_translate]
DerridaRetaux.FixedArity.momentLaplaceODE (m : Nat) (data : DerridaRetaux.ProfileInitialData m) (phi : Nat → Nat)
  (g : (k : Nat) → BoundedContinuousFunction.{0, 0} (↑(DerridaRetaux.gridExhaustionRectangle k)) Real)
  (hphi : Filter.Tendsto.{0, 0} phi Filter.atTop.{0} Filter.atTop.{0})
  (hlim :
    ∀ (k : Nat),
      TendstoUniformly.{0, 0, 0}
        (fun n q =>
          DerridaRetaux.gridBilinearInterp (phi n)
            (DerridaRetaux.orbitScaledGrid m
              (DerridaRetaux.CriticalInitialData.law (DerridaRetaux.ProfileInitialData.toCriticalInitialData data))
              (phi n))
            (↑q).1 (↑q).2)
        (fun q => (g k) q) Filter.atTop.{0}) :
  let A := fun r t => DerridaRetaux.continuumMoment (fun x => DerridaRetaux.gluedExhaustionLimit g t x) r;
  let U := fun t p => DerridaRetaux.continuumLaplace (fun x => DerridaRetaux.gluedExhaustionLimit g t x) p;
  let beta := fun t => DerridaRetaux.gluedExhaustionLimit g t 0;
  And
    (∀ (t : Real),
      LT.lt.{0} 0 t →
        HasDerivAt.{0, 0} (A 0)
          (HAdd.hAdd.{0, 0, 0} (Neg.neg.{0} (beta t)) (HMul.hMul.{0, 0, 0} (1 / 2) (HPow.hPow.{0, 0, 0} (A 0 t) 2))) t)
    (And
      (∀ (t : Real),
        LT.lt.{0} 0 t → HasDerivAt.{0, 0} (A 2) (HSub.hSub.{0, 0, 0} (HMul.hMul.{0, 0, 0} (A 0 t) (A 2 t)) 1) t)
      (And (∀ (t : Real), LT.lt.{0} 0 t → HasDerivAt.{0, 0} (A 3) (HMul.hMul.{0, 0, 0} (A 0 t) (A 3 t)) t)
        (∀ (p : Real),
          LE.le.{0} 0 p →
            ∀ (t : Real),
              LT.lt.{0} 0 t →
                HasDerivAt.{0, 0} (fun s => U s p)
                  (HSub.hSub.{0, 0, 0}
                    (HAdd.hAdd.{0, 0, 0} (HMul.hMul.{0, 0, 0} p (U t p))
                      (HMul.hMul.{0, 0, 0} (1 / 2) (HPow.hPow.{0, 0, 0} (U t p) 2)))
                    (beta t))
                  t)))
'DerridaRetaux.FixedArity.momentLaplaceODE' depends on axioms: [propext,
 Classical.choice,
 Quot.sound,
 DerridaRetaux.HumanInputs.cdhls_excess_upper,
 DerridaRetaux.HumanInputs.cdhls_product_upper]
DerridaRetaux.FixedArity.pointwiseBound (m : Nat) (p₀ : DerridaRetaux.ProbabilityMass) (hm : LE.le.{0} 2 m)
  (hcrit : DerridaRetaux.Critical m p₀) (hthird : DerridaRetaux.TiltSummable m 3 p₀)
  (hnotBinaryFixedPoint : Not (And (Eq.{1} m 2) (Eq.{1} p₀ (DerridaRetaux.diracMass 1)))) :
  ∃ C,
    And (LT.lt.{0} 0 C)
      (∀ (n j : Nat),
        LE.le.{0} (DerridaRetaux.positiveTiltedDensity m (DerridaRetaux.orbit m p₀ n) j)
          (HDiv.hDiv.{0, 0, 0} (HMul.hMul.{0, 0, 0} C ↑(HAdd.hAdd.{0, 0, 0} n 1))
            (HPow.hPow.{0, 0, 0} (↑(HAdd.hAdd.{0, 0, 0} (HAdd.hAdd.{0, 0, 0} n j) 1)) 3)))
'DerridaRetaux.FixedArity.pointwiseBound' depends on axioms: [propext,
 Classical.choice,
 Quot.sound,
 DerridaRetaux.HumanInputs.cdhls_excess_upper,
 DerridaRetaux.HumanInputs.cdhls_product_upper]
DerridaRetaux.FixedArity.profile (m : Nat) (data : DerridaRetaux.ProfileInitialData m) :
  And
    (∀ (R : Real),
      LE.le.{0} 0 R →
        ∃ error,
          And (Filter.Tendsto.{0, 0} error Filter.atTop.{0} (nhds.{0} 0))
            (∀ (n : Nat),
              LT.lt.{0} 0 n →
                ∀ (x : Real),
                  LE.le.{0} 0 x →
                    LE.le.{0} x R →
                      LE.le.{0}
                        (abs.{0}
                          (HSub.hSub.{0, 0, 0}
                            (HMul.hMul.{0, 0, 0} (HPow.hPow.{0, 0, 0} (↑n) 2)
                              (DerridaRetaux.rho m
                                (DerridaRetaux.orbit m
                                  (DerridaRetaux.CriticalInitialData.law
                                    (DerridaRetaux.ProfileInitialData.toCriticalInitialData data))
                                  n)
                                (DerridaRetaux.gridIndex n x)))
                            (HMul.hMul.{0, 0, 0} 4 (Real.exp (HMul.hMul.{0, 0, 0} (-2) x)))))
                        (error n)))
    (And
      (Filter.Tendsto.{0, 0}
        (fun n =>
          HMul.hMul.{0, 0, 0} (↑n)
            (DerridaRetaux.excess m
              (DerridaRetaux.orbit m
                (DerridaRetaux.CriticalInitialData.law (DerridaRetaux.ProfileInitialData.toCriticalInitialData data))
                n)))
        Filter.atTop.{0} (nhds.{0} (HDiv.hDiv.{0, 0, 0} 2 (HSub.hSub.{0, 0, 0} (↑m) 1))))
      (And
        (Filter.Tendsto.{0, 0}
          (fun n =>
            HMul.hMul.{0, 0, 0} (HPow.hPow.{0, 0, 0} (↑n) 2)
              (DerridaRetaux.survival
                (DerridaRetaux.orbit m
                  (DerridaRetaux.CriticalInitialData.law (DerridaRetaux.ProfileInitialData.toCriticalInitialData data))
                  n)))
          Filter.atTop.{0} (nhds.{0} (HDiv.hDiv.{0, 0, 0} 4 (HPow.hPow.{0, 0, 0} (HSub.hSub.{0, 0, 0} (↑m) 1) 2))))
        (And
          (Filter.Tendsto.{0, 0}
            (fun n =>
              HMul.hMul.{0, 0, 0} (HPow.hPow.{0, 0, 0} (↑n) 2)
                (HSub.hSub.{0, 0, 0}
                  (DerridaRetaux.excess m
                    (DerridaRetaux.orbit m
                      (DerridaRetaux.CriticalInitialData.law
                        (DerridaRetaux.ProfileInitialData.toCriticalInitialData data))
                      n))
                  (DerridaRetaux.excess m
                    (DerridaRetaux.orbit m
                      (DerridaRetaux.CriticalInitialData.law
                        (DerridaRetaux.ProfileInitialData.toCriticalInitialData data))
                      (HAdd.hAdd.{0, 0, 0} n 1)))))
            Filter.atTop.{0} (nhds.{0} (HDiv.hDiv.{0, 0, 0} 2 (HSub.hSub.{0, 0, 0} (↑m) 1))))
          (And
            (Filter.Tendsto.{0, 0}
              (fun n =>
                HMul.hMul.{0, 0, 0} (HPow.hPow.{0, 0, 0} (↑n) 2)
                  (DerridaRetaux.probabilityFirstMoment
                    (DerridaRetaux.orbit m
                      (DerridaRetaux.CriticalInitialData.law
                        (DerridaRetaux.ProfileInitialData.toCriticalInitialData data))
                      n)))
              Filter.atTop.{0}
              (nhds.{0}
                (HDiv.hDiv.{0, 0, 0} (HMul.hMul.{0, 0, 0} 4 ↑m) (HPow.hPow.{0, 0, 0} (HSub.hSub.{0, 0, 0} (↑m) 1) 3))))
            (And
              (∀ (k : Nat),
                LE.le.{0} 1 k →
                  Filter.Tendsto.{0, 0}
                    (fun n =>
                      HMul.hMul.{0, 0, 0} (HPow.hPow.{0, 0, 0} (↑n) 2)
                        (DerridaRetaux.ProbabilityMass.mass
                          (DerridaRetaux.orbit m
                            (DerridaRetaux.CriticalInitialData.law
                              (DerridaRetaux.ProfileInitialData.toCriticalInitialData data))
                            n)
                          k))
                    Filter.atTop.{0}
                    (nhds.{0}
                      (HDiv.hDiv.{0, 0, 0} 4
                        (HMul.hMul.{0, 0, 0} (HSub.hSub.{0, 0, 0} (↑m) 1) (HPow.hPow.{0, 0, 0} (↑m) k)))))
              (And
                (Filter.Tendsto.{0, 0}
                  (fun n =>
                    HDiv.hDiv.{0, 0, 0}
                      (DerridaRetaux.probabilityFirstMoment
                        (DerridaRetaux.orbit m
                          (DerridaRetaux.CriticalInitialData.law
                            (DerridaRetaux.ProfileInitialData.toCriticalInitialData data))
                          n))
                      (DerridaRetaux.survival
                        (DerridaRetaux.orbit m
                          (DerridaRetaux.CriticalInitialData.law
                            (DerridaRetaux.ProfileInitialData.toCriticalInitialData data))
                          n)))
                  Filter.atTop.{0} (nhds.{0} (HDiv.hDiv.{0, 0, 0} (↑m) (HSub.hSub.{0, 0, 0} (↑m) 1))))
                (Asymptotics.IsBigO.{0, 0, 0} Filter.atTop.{0}
                  (fun n =>
                    DerridaRetaux.conditionalPositiveL1Error m
                      (DerridaRetaux.orbit m
                        (DerridaRetaux.CriticalInitialData.law
                          (DerridaRetaux.ProfileInitialData.toCriticalInitialData data))
                        n))
                  fun n => HDiv.hDiv.{0, 0, 0} (Real.log ↑(HAdd.hAdd.{0, 0, 0} n 2)) ↑(HAdd.hAdd.{0, 0, 0} n 1))))))))
'DerridaRetaux.FixedArity.profile' depends on axioms: [propext,
 Classical.choice,
 Quot.sound,
 DerridaRetaux.HumanInputs.cdhls_excess_upper,
 DerridaRetaux.HumanInputs.cdhls_product_upper,
 DerridaRetaux.HumanInputs.kotani_characteristic_eq_implies_translate]
DerridaRetaux.FixedArity.profileDensity (m : Nat) (data : DerridaRetaux.ProfileInitialData m) (R : Real) :
  LE.le.{0} 0 R →
    ∃ error,
      And (Filter.Tendsto.{0, 0} error Filter.atTop.{0} (nhds.{0} 0))
        (∀ (n : Nat),
          LT.lt.{0} 0 n →
            ∀ (x : Real),
              LE.le.{0} 0 x →
                LE.le.{0} x R →
                  LE.le.{0}
                    (abs.{0}
                      (HSub.hSub.{0, 0, 0}
                        (HMul.hMul.{0, 0, 0} (HPow.hPow.{0, 0, 0} (↑n) 2)
                          (DerridaRetaux.rho m
                            (DerridaRetaux.orbit m
                              (DerridaRetaux.CriticalInitialData.law
                                (DerridaRetaux.ProfileInitialData.toCriticalInitialData data))
                              n)
                            (DerridaRetaux.gridIndex n x)))
                        (HMul.hMul.{0, 0, 0} 4 (Real.exp (HMul.hMul.{0, 0, 0} (-2) x)))))
                    (error n))
'DerridaRetaux.FixedArity.profileDensity' depends on axioms: [propext,
 Classical.choice,
 Quot.sound,
 DerridaRetaux.HumanInputs.cdhls_excess_upper,
 DerridaRetaux.HumanInputs.cdhls_product_upper,
 DerridaRetaux.HumanInputs.kotani_characteristic_eq_implies_translate]
DerridaRetaux.FixedArity.sharpness (m : Nat) (r : Real) (hm : LE.le.{0} 2 m) (hr₀ : LE.le.{0} 0 r)
  (hr₃ : LT.lt.{0} r 3) :
  ∃ p₀,
    And (DerridaRetaux.Critical m p₀)
      (And (Not (DerridaRetaux.IsDirac p₀))
        (And (DerridaRetaux.RealTiltSummable m r p₀)
          (And (Not (DerridaRetaux.TiltSummable m 3 p₀))
            (Not
              (Filter.Tendsto.{0, 0}
                (fun n =>
                  HMul.hMul.{0, 0, 0} (↑n)
                    (HSub.hSub.{0, 0, 0} (DerridaRetaux.tiltedPartition m (DerridaRetaux.orbit m p₀ n)) 1))
                Filter.atTop.{0} (nhds.{0} (HDiv.hDiv.{0, 0, 0} 2 (HSub.hSub.{0, 0, 0} (↑m) 1))))))))
'DerridaRetaux.FixedArity.sharpness' depends on axioms: [propext,
 Classical.choice,
 Quot.sound,
 DerridaRetaux.HumanInputs.chenShi_stable_product]
DerridaRetaux.FixedArity.sharpness_core (m : Nat) (r : Real) (hm : LE.le.{0} 2 m) (hr₀ : LE.le.{0} 0 r)
  (hr₃ : LT.lt.{0} r 3)
  (hStable :
    DerridaRetaux.ChenShiStableProductFact m (DerridaRetaux.sharpnessPowerLaw m r hm hr₀ hr₃)
      (DerridaRetaux.sharpPowerExponent r)
      (HMul.hMul.{0, 0, 0} (DerridaRetaux.sharpNormalizingConstant m (DerridaRetaux.sharpPowerExponent r))
        (DerridaRetaux.sharpTailConstant m (DerridaRetaux.sharpPowerExponent r)))
      hm ⋯ ⋯ ⋯ ⋯) :
  ∃ p₀,
    And (DerridaRetaux.Critical m p₀)
      (And (Not (DerridaRetaux.IsDirac p₀))
        (And (DerridaRetaux.RealTiltSummable m r p₀)
          (And (Not (DerridaRetaux.TiltSummable m 3 p₀))
            (Not
              (Filter.Tendsto.{0, 0}
                (fun n =>
                  HMul.hMul.{0, 0, 0} (↑n)
                    (HSub.hSub.{0, 0, 0} (DerridaRetaux.tiltedPartition m (DerridaRetaux.orbit m p₀ n)) 1))
                Filter.atTop.{0} (nhds.{0} (HDiv.hDiv.{0, 0, 0} 2 (HSub.hSub.{0, 0, 0} (↑m) 1))))))))
'DerridaRetaux.FixedArity.sharpness_core' depends on axioms: [propext, Classical.choice, Quot.sound]
DerridaRetaux.FixedArity.smoothing (m : Nat) (p₀ : DerridaRetaux.ProbabilityMass) (hm : LE.le.{0} 2 m)
  (hcrit : DerridaRetaux.Critical m p₀) (hthird : DerridaRetaux.TiltSummable m 3 p₀)
  (hnotBinaryFixedPoint : Not (And (Eq.{1} m 2) (Eq.{1} p₀ (DerridaRetaux.diracMass 1)))) :
  ∃ C,
    And (LT.lt.{0} 0 C)
      (And
        (∀ (n : Nat),
          DerridaRetaux.WeightedSupThreeLE (DerridaRetaux.profileScale n)
            (DerridaRetaux.positiveTiltedDensity m (DerridaRetaux.orbit m p₀ n))
            (HDiv.hDiv.{0, 0, 0} C (HPow.hPow.{0, 0, 0} (DerridaRetaux.profileScale n) 2)))
        (And
          (∀ (n : Nat),
            DerridaRetaux.WeightedSupThreeLE (DerridaRetaux.profileScale n)
              (DerridaRetaux.discreteDerivative (DerridaRetaux.positiveTiltedDensity m (DerridaRetaux.orbit m p₀ n)))
              (HDiv.hDiv.{0, 0, 0} (HMul.hMul.{0, 0, 0} C (Real.log ↑(HAdd.hAdd.{0, 0, 0} n 2)))
                (HPow.hPow.{0, 0, 0} (DerridaRetaux.profileScale n) 3)))
          (And
            (∀ (n h : Nat),
              LE.le.{0} 1 h →
                LE.le.{0} h (HAdd.hAdd.{0, 0, 0} n 1) →
                  DerridaRetaux.WeightedSupThreeLE (DerridaRetaux.profileScale n)
                    (HSub.hSub.{0, 0, 0} (DerridaRetaux.positiveTiltedDensity m (DerridaRetaux.orbit m p₀ n))
                      (Nat.iterate.{1} DerridaRetaux.shiftLeft h
                        (DerridaRetaux.positiveTiltedDensity m (DerridaRetaux.orbit m p₀ n))))
                    (HMul.hMul.{0, 0, 0}
                      (HDiv.hDiv.{0, 0, 0} (HMul.hMul.{0, 0, 0} C ↑h)
                        (HPow.hPow.{0, 0, 0} (DerridaRetaux.profileScale n) 3))
                      (HAdd.hAdd.{0, 0, 0} 1 (Real.log (HDiv.hDiv.{0, 0, 0} (DerridaRetaux.profileScale n) ↑h)))))
            (∀ (n h : Nat),
              LE.le.{0} 1 h →
                LE.le.{0} h (HAdd.hAdd.{0, 0, 0} n 1) →
                  DerridaRetaux.SupLE
                    (HSub.hSub.{0, 0, 0}
                      (DerridaRetaux.positiveTiltedDensity m (DerridaRetaux.orbit m p₀ (HAdd.hAdd.{0, 0, 0} n h)))
                      (DerridaRetaux.positiveTiltedDensity m (DerridaRetaux.orbit m p₀ n)))
                    (HMul.hMul.{0, 0, 0}
                      (HDiv.hDiv.{0, 0, 0} (HMul.hMul.{0, 0, 0} C ↑h)
                        (HPow.hPow.{0, 0, 0} (DerridaRetaux.profileScale n) 3))
                      (HAdd.hAdd.{0, 0, 0} 1 (Real.log (HDiv.hDiv.{0, 0, 0} (DerridaRetaux.profileScale n) ↑h))))))))
'DerridaRetaux.FixedArity.smoothing' depends on axioms: [propext,
 Classical.choice,
 Quot.sound,
 DerridaRetaux.HumanInputs.cdhls_excess_upper,
 DerridaRetaux.HumanInputs.cdhls_product_upper]
DerridaRetaux.FixedArity.smoothingTwoParameter (m : Nat) (p₀ : DerridaRetaux.ProbabilityMass) (hm : LE.le.{0} 2 m)
  (hcrit : DerridaRetaux.Critical m p₀) (hthird : DerridaRetaux.TiltSummable m 3 p₀)
  (hnotBinaryFixedPoint : Not (And (Eq.{1} m 2) (Eq.{1} p₀ (DerridaRetaux.diracMass 1)))) :
  ∃ C,
    And (LT.lt.{0} 0 C)
      (∀ (n a h : Nat),
        LE.le.{0} 1 h →
          LE.le.{0} a (HDiv.hDiv.{0, 0, 0} n 2) →
            DerridaRetaux.WeightedSupThreeLE (DerridaRetaux.profileScale n)
              (HSub.hSub.{0, 0, 0} (DerridaRetaux.positiveTiltedDensity m (DerridaRetaux.orbit m p₀ n))
                (Nat.iterate.{1} DerridaRetaux.shiftLeft h
                  (DerridaRetaux.positiveTiltedDensity m (DerridaRetaux.orbit m p₀ n))))
              (HMul.hMul.{0, 0, 0} (HDiv.hDiv.{0, 0, 0} C (HPow.hPow.{0, 0, 0} (DerridaRetaux.profileScale n) 3))
                (HAdd.hAdd.{0, 0, 0} (↑(HAdd.hAdd.{0, 0, 0} a 1))
                  (HMul.hMul.{0, 0, 0} (↑h)
                    (HAdd.hAdd.{0, 0, 0} 1
                      (Real.log (HDiv.hDiv.{0, 0, 0} (DerridaRetaux.profileScale n) ↑(HAdd.hAdd.{0, 0, 0} a 1))))))))
'DerridaRetaux.FixedArity.smoothingTwoParameter' depends on axioms: [propext,
 Classical.choice,
 Quot.sound,
 DerridaRetaux.HumanInputs.cdhls_excess_upper,
 DerridaRetaux.HumanInputs.cdhls_product_upper]
DerridaRetaux.FixedArity.sourceDifference (m : Nat) (p₀ : DerridaRetaux.ProbabilityMass) (hm : LE.le.{0} 2 m)
  (hcrit : DerridaRetaux.Critical m p₀) (hthird : DerridaRetaux.TiltSummable m 3 p₀)
  (hnotBinaryFixedPoint : Not (And (Eq.{1} m 2) (Eq.{1} p₀ (DerridaRetaux.diracMass 1)))) :
  ∃ C,
    And (LT.lt.{0} 0 C)
      (∀ (s N : Nat),
        LT.lt.{0} (HAdd.hAdd.{0, 0, 0} s (DerridaRetaux.SourceMonomialTag.sourceDifferenceCutoff m)) N →
          LE.le.{0}
            (DerridaRetaux.absoluteCoefficientTail
              (fun k =>
                HSub.hSub.{0, 0, 0} (DerridaRetaux.arrivalFormulaSource m p₀ (HAdd.hAdd.{0, 0, 0} s 1) k)
                  (DerridaRetaux.arrivalFormulaSource m p₀ s k))
              (HAdd.hAdd.{0, 0, 0} N s))
            (HDiv.hDiv.{0, 0, 0}
              (HMul.hMul.{0, 0, 0} C
                (HAdd.hAdd.{0, 0, 0} 1
                  (HMul.hMul.{0, 0, 0} (DerridaRetaux.arrivalBoundary m p₀ s)
                    (HPow.hPow.{0, 0, 0} (↑(HAdd.hAdd.{0, 0, 0} s 1)) 2))))
              (HPow.hPow.{0, 0, 0} (↑N) 3)))
'DerridaRetaux.FixedArity.sourceDifference' depends on axioms: [propext,
 Classical.choice,
 Quot.sound,
 DerridaRetaux.HumanInputs.cdhls_excess_upper,
 DerridaRetaux.HumanInputs.cdhls_product_upper]
DerridaRetaux.FixedArity.subsequentialConstructedString_cumulative_eq_model (m : Nat)
  (data : DerridaRetaux.ProfileInitialData m) (phi : Nat → Nat)
  (g : (k : Nat) → BoundedContinuousFunction.{0, 0} (↑(DerridaRetaux.gridExhaustionRectangle k)) Real)
  (hphi : Filter.Tendsto.{0, 0} phi Filter.atTop.{0} Filter.atTop.{0})
  (hlim :
    ∀ (k : Nat),
      TendstoUniformly.{0, 0, 0}
        (fun n q =>
          DerridaRetaux.gridBilinearInterp (phi n)
            (DerridaRetaux.orbitScaledGrid m
              (DerridaRetaux.CriticalInitialData.law (DerridaRetaux.ProfileInitialData.toCriticalInitialData data))
              (phi n))
            (↑q).1 (↑q).2)
        (fun q => (g k) q) Filter.atTop.{0})
  {κ : Real} (hκ : LT.lt.{0} 0 κ) (x : Real) :
  Eq.{1}
    (DerridaRetaux.stringCumulative
      (DerridaRetaux.constructedEntranceString κ
        (fun t => DerridaRetaux.continuumMoment (fun y => DerridaRetaux.gluedExhaustionLimit g t y) 2) fun t =>
        DerridaRetaux.continuumMoment (fun y => DerridaRetaux.gluedExhaustionLimit g t y) 3)
      x)
    (DerridaRetaux.stringCumulative
      (DerridaRetaux.modelEntranceString (HDiv.hDiv.{0, 0, 0} (HMul.hMul.{0, 0, 0} 2 κ) 3)) x)
'DerridaRetaux.FixedArity.subsequentialConstructedString_cumulative_eq_model' depends on axioms: [propext,
 Classical.choice,
 Quot.sound,
 DerridaRetaux.HumanInputs.cdhls_excess_upper,
 DerridaRetaux.HumanInputs.cdhls_product_upper,
 DerridaRetaux.HumanInputs.kotani_characteristic_eq_implies_translate]
DerridaRetaux.FixedArity.subsequentialConstructedString_hasSingularCharacteristic (m : Nat)
  (data : DerridaRetaux.ProfileInitialData m) (phi : Nat → Nat)
  (g : (k : Nat) → BoundedContinuousFunction.{0, 0} (↑(DerridaRetaux.gridExhaustionRectangle k)) Real)
  (hphi : Filter.Tendsto.{0, 0} phi Filter.atTop.{0} Filter.atTop.{0})
  (hlim :
    ∀ (k : Nat),
      TendstoUniformly.{0, 0, 0}
        (fun n q =>
          DerridaRetaux.gridBilinearInterp (phi n)
            (DerridaRetaux.orbitScaledGrid m
              (DerridaRetaux.CriticalInitialData.law (DerridaRetaux.ProfileInitialData.toCriticalInitialData data))
              (phi n))
            (↑q).1 (↑q).2)
        (fun q => (g k) q) Filter.atTop.{0})
  {κ p : Real} (hκ : LT.lt.{0} 0 κ) (hp : LT.lt.{0} 0 p) :
  DerridaRetaux.HasSingularCharacteristic
    (DerridaRetaux.constructedEntranceString κ
      (fun t => DerridaRetaux.continuumMoment (fun x => DerridaRetaux.gluedExhaustionLimit g t x) 2) fun t =>
      DerridaRetaux.continuumMoment (fun x => DerridaRetaux.gluedExhaustionLimit g t x) 3)
    (Neg.neg.{0} (HDiv.hDiv.{0, 0, 0} (HPow.hPow.{0, 0, 0} p 2) 4))
    (HDiv.hDiv.{0, 0, 0} (HMul.hMul.{0, 0, 0} (Neg.neg.{0} κ) p) 3)
'DerridaRetaux.FixedArity.subsequentialConstructedString_hasSingularCharacteristic' depends on axioms: [propext,
 Classical.choice,
 Quot.sound,
 DerridaRetaux.HumanInputs.cdhls_excess_upper,
 DerridaRetaux.HumanInputs.cdhls_product_upper]
DerridaRetaux.FixedArity.subsequentialDensity_eq_yaglom (m : Nat) (data : DerridaRetaux.ProfileInitialData m)
  (phi : Nat → Nat) (g : (k : Nat) → BoundedContinuousFunction.{0, 0} (↑(DerridaRetaux.gridExhaustionRectangle k)) Real)
  (hphi : Filter.Tendsto.{0, 0} phi Filter.atTop.{0} Filter.atTop.{0})
  (hlim :
    ∀ (k : Nat),
      TendstoUniformly.{0, 0, 0}
        (fun n q =>
          DerridaRetaux.gridBilinearInterp (phi n)
            (DerridaRetaux.orbitScaledGrid m
              (DerridaRetaux.CriticalInitialData.law (DerridaRetaux.ProfileInitialData.toCriticalInitialData data))
              (phi n))
            (↑q).1 (↑q).2)
        (fun q => (g k) q) Filter.atTop.{0})
  {κ : Real} (hκ : LT.lt.{0} 0 κ) (t x : Real) :
  LT.lt.{0} 0 t →
    LE.le.{0} 0 x →
      Eq.{1} (DerridaRetaux.gluedExhaustionLimit g t x)
        (HMul.hMul.{0, 0, 0} (HDiv.hDiv.{0, 0, 0} 4 (HPow.hPow.{0, 0, 0} t 2))
          (Real.exp (HDiv.hDiv.{0, 0, 0} (HMul.hMul.{0, 0, 0} (-2) x) t)))
'DerridaRetaux.FixedArity.subsequentialDensity_eq_yaglom' depends on axioms: [propext,
 Classical.choice,
 Quot.sound,
 DerridaRetaux.HumanInputs.cdhls_excess_upper,
 DerridaRetaux.HumanInputs.cdhls_product_upper,
 DerridaRetaux.HumanInputs.kotani_characteristic_eq_implies_translate]
DerridaRetaux.FixedArity.subsequentialHasWeakEquationOn (m : Nat) (data : DerridaRetaux.ProfileInitialData m)
  (phi : Nat → Nat) (g : (k : Nat) → BoundedContinuousFunction.{0, 0} (↑(DerridaRetaux.gridExhaustionRectangle k)) Real)
  (hphi : Filter.Tendsto.{0, 0} phi Filter.atTop.{0} Filter.atTop.{0})
  (hlim :
    ∀ (k : Nat),
      TendstoUniformly.{0, 0, 0}
        (fun n q =>
          DerridaRetaux.gridBilinearInterp (phi n)
            (DerridaRetaux.orbitScaledGrid m
              (DerridaRetaux.CriticalInitialData.law (DerridaRetaux.ProfileInitialData.toCriticalInitialData data))
              (phi n))
            (↑q).1 (↑q).2)
        (fun q => (g k) q) Filter.atTop.{0})
  (eta T : Real) (heta : LT.lt.{0} 0 eta) :
  DerridaRetaux.HasWeakEquationOn (fun t x => DerridaRetaux.gluedExhaustionLimit g t x) (Set.Icc.{0} eta T)
'DerridaRetaux.FixedArity.subsequentialHasWeakEquationOn' depends on axioms: [propext,
 Classical.choice,
 Quot.sound,
 DerridaRetaux.HumanInputs.cdhls_excess_upper,
 DerridaRetaux.HumanInputs.cdhls_product_upper,
 DerridaRetaux.HumanInputs.kotani_characteristic_eq_implies_translate]
DerridaRetaux.FixedArity.subsequentialLimitProperties (m : Nat) (data : DerridaRetaux.ProfileInitialData m)
  (phi : Nat → Nat) (g : (k : Nat) → BoundedContinuousFunction.{0, 0} (↑(DerridaRetaux.gridExhaustionRectangle k)) Real)
  (hphi : Filter.Tendsto.{0, 0} phi Filter.atTop.{0} Filter.atTop.{0})
  (hlim :
    ∀ (k : Nat),
      TendstoUniformly.{0, 0, 0}
        (fun n p =>
          DerridaRetaux.gridBilinearInterp (phi n)
            (DerridaRetaux.orbitScaledGrid m
              (DerridaRetaux.CriticalInitialData.law (DerridaRetaux.ProfileInitialData.toCriticalInitialData data))
              (phi n))
            (↑p).1 (↑p).2)
        (fun p => (g k) p) Filter.atTop.{0}) :
  ∃ C,
    And (LT.lt.{0} 0 C)
      (And
        (∀ (t : Real),
          LT.lt.{0} 0 t →
            And
              (LE.le.{0} (DerridaRetaux.continuumMoment (fun x => DerridaRetaux.gluedExhaustionLimit g t x) 0)
                (HDiv.hDiv.{0, 0, 0} C t))
              (And (Eq.{1} (DerridaRetaux.continuumMoment (fun x => DerridaRetaux.gluedExhaustionLimit g t x) 1) 1)
                (And
                  (LE.le.{0} (DerridaRetaux.continuumMoment (fun x => DerridaRetaux.gluedExhaustionLimit g t x) 2)
                    (HMul.hMul.{0, 0, 0} C t))
                  (LE.le.{0} (DerridaRetaux.continuumMoment (fun x => DerridaRetaux.gluedExhaustionLimit g t x) 3)
                    (HMul.hMul.{0, 0, 0} C (HPow.hPow.{0, 0, 0} t 2))))))
        (And
          (∀ (t delta : Real),
            LT.lt.{0} 0 t →
              LT.lt.{0} 0 delta →
                LE.le.{0}
                  (∫ (x : Real) in Set.Ioi.{0} delta,
                    HMul.hMul.{0, 0, 0} (HPow.hPow.{0, 0, 0} x 3) (DerridaRetaux.gluedExhaustionLimit g t x))
                  (HDiv.hDiv.{0, 0, 0} (HMul.hMul.{0, 0, 0} C (HPow.hPow.{0, 0, 0} t 3)) delta))
          (∀ (t₀ t x : Real),
            LT.lt.{0} 0 t₀ →
              LT.lt.{0} t₀ t →
                LE.le.{0} 0 x →
                  Eq.{1} (DerridaRetaux.gluedExhaustionLimit g t x)
                    (HAdd.hAdd.{0, 0, 0}
                      (DerridaRetaux.gluedExhaustionLimit g t₀ (HSub.hSub.{0, 0, 0} (HAdd.hAdd.{0, 0, 0} x t) t₀))
                      (∫ (s : Real) in t₀..t,
                        HMul.hMul.{0, 0, 0} (1 / 2)
                          (DerridaRetaux.positiveSelfConvolution (fun y => DerridaRetaux.gluedExhaustionLimit g s y)
                            (HSub.hSub.{0, 0, 0} (HAdd.hAdd.{0, 0, 0} x t) s)))))))
'DerridaRetaux.FixedArity.subsequentialLimitProperties' depends on axioms: [propext,
 Classical.choice,
 Quot.sound,
 DerridaRetaux.HumanInputs.cdhls_excess_upper,
 DerridaRetaux.HumanInputs.cdhls_product_upper]
DerridaRetaux.FixedArity.subsequentialMildEquation (m : Nat) (p₀ : DerridaRetaux.ProbabilityMass) (hm : LE.le.{0} 2 m)
  (hcrit : DerridaRetaux.Critical m p₀) (hthird : DerridaRetaux.TiltSummable m 3 p₀)
  (hnotBinaryFixedPoint : Not (And (Eq.{1} m 2) (Eq.{1} p₀ (DerridaRetaux.diracMass 1)))) (phi : Nat → Nat)
  (g : (k : Nat) → BoundedContinuousFunction.{0, 0} (↑(DerridaRetaux.gridExhaustionRectangle k)) Real)
  (hphi : Filter.Tendsto.{0, 0} phi Filter.atTop.{0} Filter.atTop.{0})
  (hlim :
    ∀ (k : Nat),
      TendstoUniformly.{0, 0, 0}
        (fun n p => DerridaRetaux.gridBilinearInterp (phi n) (DerridaRetaux.orbitScaledGrid m p₀ (phi n)) (↑p).1 (↑p).2)
        (fun p => (g k) p) Filter.atTop.{0})
  (t₀ t x : Real) :
  LT.lt.{0} 0 t₀ →
    LE.le.{0} t₀ t →
      LE.le.{0} 0 x →
        Eq.{1} (DerridaRetaux.gluedExhaustionLimit g t x)
          (HAdd.hAdd.{0, 0, 0}
            (DerridaRetaux.gluedExhaustionLimit g t₀ (HSub.hSub.{0, 0, 0} (HAdd.hAdd.{0, 0, 0} x t) t₀))
            (∫ (s : Real) in t₀..t,
              HMul.hMul.{0, 0, 0} (1 / 2)
                (DerridaRetaux.positiveSelfConvolution (fun y => DerridaRetaux.gluedExhaustionLimit g s y)
                  (HSub.hSub.{0, 0, 0} (HAdd.hAdd.{0, 0, 0} x t) s))))
'DerridaRetaux.FixedArity.subsequentialMildEquation' depends on axioms: [propext,
 Classical.choice,
 Quot.sound,
 DerridaRetaux.HumanInputs.cdhls_excess_upper,
 DerridaRetaux.HumanInputs.cdhls_product_upper]
DerridaRetaux.FixedArity.subsequentialMoment_bounds (m : Nat) (data : DerridaRetaux.ProfileInitialData m)
  (phi : Nat → Nat) (g : (k : Nat) → BoundedContinuousFunction.{0, 0} (↑(DerridaRetaux.gridExhaustionRectangle k)) Real)
  (hphi : Filter.Tendsto.{0, 0} phi Filter.atTop.{0} Filter.atTop.{0})
  (hlim :
    ∀ (k : Nat),
      TendstoUniformly.{0, 0, 0}
        (fun n p =>
          DerridaRetaux.gridBilinearInterp (phi n)
            (DerridaRetaux.orbitScaledGrid m
              (DerridaRetaux.CriticalInitialData.law (DerridaRetaux.ProfileInitialData.toCriticalInitialData data))
              (phi n))
            (↑p).1 (↑p).2)
        (fun p => (g k) p) Filter.atTop.{0}) :
  ∃ C,
    And (LT.lt.{0} 0 C)
      (∀ (t : Real),
        LT.lt.{0} 0 t →
          And
            (LE.le.{0} (DerridaRetaux.continuumMoment (fun x => DerridaRetaux.gluedExhaustionLimit g t x) 0)
              (HDiv.hDiv.{0, 0, 0} C t))
            (And (Eq.{1} (DerridaRetaux.continuumMoment (fun x => DerridaRetaux.gluedExhaustionLimit g t x) 1) 1)
              (And
                (LE.le.{0} (DerridaRetaux.continuumMoment (fun x => DerridaRetaux.gluedExhaustionLimit g t x) 2)
                  (HMul.hMul.{0, 0, 0} C t))
                (LE.le.{0} (DerridaRetaux.continuumMoment (fun x => DerridaRetaux.gluedExhaustionLimit g t x) 3)
                  (HMul.hMul.{0, 0, 0} C (HPow.hPow.{0, 0, 0} t 2))))))
'DerridaRetaux.FixedArity.subsequentialMoment_bounds' depends on axioms: [propext,
 Classical.choice,
 Quot.sound,
 DerridaRetaux.HumanInputs.cdhls_excess_upper,
 DerridaRetaux.HumanInputs.cdhls_product_upper]
DerridaRetaux.FixedArity.subsequentialMoment_tendsto (m : Nat) (data : DerridaRetaux.ProfileInitialData m)
  (phi : Nat → Nat) (g : (k : Nat) → BoundedContinuousFunction.{0, 0} (↑(DerridaRetaux.gridExhaustionRectangle k)) Real)
  (hphi : Filter.Tendsto.{0, 0} phi Filter.atTop.{0} Filter.atTop.{0})
  (hlim :
    ∀ (k : Nat),
      TendstoUniformly.{0, 0, 0}
        (fun n p =>
          DerridaRetaux.gridBilinearInterp (phi n)
            (DerridaRetaux.orbitScaledGrid m
              (DerridaRetaux.CriticalInitialData.law (DerridaRetaux.ProfileInitialData.toCriticalInitialData data))
              (phi n))
            (↑p).1 (↑p).2)
        (fun p => (g k) p) Filter.atTop.{0})
  (t : Real) (ht : LT.lt.{0} 0 t) (r : Nat) (hr : LE.le.{0} r 3) :
  Filter.Tendsto.{0, 0}
    (fun n =>
      DerridaRetaux.scaledDiscreteMoment
        (DerridaRetaux.positiveTiltedDensity m
          (DerridaRetaux.orbit m
            (DerridaRetaux.CriticalInitialData.law (DerridaRetaux.ProfileInitialData.toCriticalInitialData data))
            (DerridaRetaux.gridIndex (phi n) t)))
        r (phi n))
    Filter.atTop.{0} (nhds.{0} (DerridaRetaux.continuumMoment (fun x => DerridaRetaux.gluedExhaustionLimit g t x) r))
'DerridaRetaux.FixedArity.subsequentialMoment_tendsto' depends on axioms: [propext,
 Classical.choice,
 Quot.sound,
 DerridaRetaux.HumanInputs.cdhls_excess_upper,
 DerridaRetaux.HumanInputs.cdhls_product_upper]
DerridaRetaux.FixedArity.subsequentialThirdMomentTail (m : Nat) (data : DerridaRetaux.ProfileInitialData m)
  (phi : Nat → Nat) (g : (k : Nat) → BoundedContinuousFunction.{0, 0} (↑(DerridaRetaux.gridExhaustionRectangle k)) Real)
  (hphi : Filter.Tendsto.{0, 0} phi Filter.atTop.{0} Filter.atTop.{0})
  (hlim :
    ∀ (k : Nat),
      TendstoUniformly.{0, 0, 0}
        (fun n p =>
          DerridaRetaux.gridBilinearInterp (phi n)
            (DerridaRetaux.orbitScaledGrid m
              (DerridaRetaux.CriticalInitialData.law (DerridaRetaux.ProfileInitialData.toCriticalInitialData data))
              (phi n))
            (↑p).1 (↑p).2)
        (fun p => (g k) p) Filter.atTop.{0}) :
  ∃ C,
    And (LT.lt.{0} 0 C)
      (∀ (t delta : Real),
        LT.lt.{0} 0 t →
          LT.lt.{0} 0 delta →
            LE.le.{0}
              (∫ (x : Real) in Set.Ioi.{0} delta,
                HMul.hMul.{0, 0, 0} (HPow.hPow.{0, 0, 0} x 3) (DerridaRetaux.gluedExhaustionLimit g t x))
              (HDiv.hDiv.{0, 0, 0} (HMul.hMul.{0, 0, 0} C (HPow.hPow.{0, 0, 0} t 3)) delta))
'DerridaRetaux.FixedArity.subsequentialThirdMomentTail' depends on axioms: [propext,
 Classical.choice,
 Quot.sound,
 DerridaRetaux.HumanInputs.cdhls_excess_upper,
 DerridaRetaux.HumanInputs.cdhls_product_upper]
DerridaRetaux.FixedArity.subsequential_physicalTime_identification (m : Nat) (data : DerridaRetaux.ProfileInitialData m)
  (phi : Nat → Nat) (g : (k : Nat) → BoundedContinuousFunction.{0, 0} (↑(DerridaRetaux.gridExhaustionRectangle k)) Real)
  (hphi : Filter.Tendsto.{0, 0} phi Filter.atTop.{0} Filter.atTop.{0})
  (hlim :
    ∀ (k : Nat),
      TendstoUniformly.{0, 0, 0}
        (fun n q =>
          DerridaRetaux.gridBilinearInterp (phi n)
            (DerridaRetaux.orbitScaledGrid m
              (DerridaRetaux.CriticalInitialData.law (DerridaRetaux.ProfileInitialData.toCriticalInitialData data))
              (phi n))
            (↑q).1 (↑q).2)
        (fun q => (g k) q) Filter.atTop.{0})
  {κ : Real} (hκ : LT.lt.{0} 0 κ) :
  And
    (∀ (t : Real),
      LT.lt.{0} 0 t →
        Eq.{1}
          (DerridaRetaux.stringXi κ
            (fun s => DerridaRetaux.continuumMoment (fun x => DerridaRetaux.gluedExhaustionLimit g s x) 2)
            (fun s => DerridaRetaux.continuumMoment (fun x => DerridaRetaux.gluedExhaustionLimit g s x) 3) t)
          (HDiv.hDiv.{0, 0, 0} (Neg.neg.{0} (HDiv.hDiv.{0, 0, 0} (HMul.hMul.{0, 0, 0} 2 κ) 3)) t))
    (And
      (∀ (t : Real),
        LT.lt.{0} 0 t →
          Eq.{1}
            (DerridaRetaux.stringY κ
              (fun s => DerridaRetaux.continuumMoment (fun x => DerridaRetaux.gluedExhaustionLimit g s x) 3) t)
            (HDiv.hDiv.{0, 0, 0} (HDiv.hDiv.{0, 0, 0} (HMul.hMul.{0, 0, 0} 2 κ) 3) (HPow.hPow.{0, 0, 0} t 2)))
      (∀ (t : Real),
        LT.lt.{0} 0 t →
          Eq.{1} (DerridaRetaux.continuumMoment (fun x => DerridaRetaux.gluedExhaustionLimit g t x) 0)
            (HDiv.hDiv.{0, 0, 0} 2 t)))
'DerridaRetaux.FixedArity.subsequential_physicalTime_identification' depends on axioms: [propext,
 Classical.choice,
 Quot.sound,
 DerridaRetaux.HumanInputs.cdhls_excess_upper,
 DerridaRetaux.HumanInputs.cdhls_product_upper,
 DerridaRetaux.HumanInputs.kotani_characteristic_eq_implies_translate]
DerridaRetaux.FixedArity.thirdMomentTail (m : Nat) (data : DerridaRetaux.ProfileInitialData m) :
  ∃ C,
    And (LT.lt.{0} 0 C)
      (And
        (∀ (n : Nat) (R : Real),
          LE.le.{0} 2 R →
            LE.le.{0}
              (DerridaRetaux.normalizedTiltThirdTail m
                (DerridaRetaux.orbit m
                  (DerridaRetaux.CriticalInitialData.law (DerridaRetaux.ProfileInitialData.toCriticalInitialData data))
                  n)
                R)
              (HMul.hMul.{0, 0, 0} (HMul.hMul.{0, 0, 0} C (HPow.hPow.{0, 0, 0} (↑(HAdd.hAdd.{0, 0, 0} n 1)) 2))
                (HAdd.hAdd.{0, 0, 0} (DerridaRetaux.spineMarginalTail m data 0 (HDiv.hDiv.{0, 0, 0} R 2))
                  (HDiv.hDiv.{0, 0, 0} (↑n) R))))
        (∀ (eta T : Real),
          LT.lt.{0} 0 eta →
            LT.lt.{0} eta T →
              ∀ (epsilon : Real),
                LT.lt.{0} 0 epsilon →
                  ∀ᶠ (A : Real) in Filter.atTop.{0},
                    ∀ᶠ (N : Nat) in Filter.atTop.{0},
                      ∀ (n : Nat),
                        LE.le.{0} (HMul.hMul.{0, 0, 0} eta ↑N) ↑n →
                          LE.le.{0} (↑n) (HMul.hMul.{0, 0, 0} T ↑N) →
                            LE.le.{0}
                              (HDiv.hDiv.{0, 0, 0}
                                (DerridaRetaux.normalizedTiltThirdTail m
                                  (DerridaRetaux.orbit m
                                    (DerridaRetaux.CriticalInitialData.law
                                      (DerridaRetaux.ProfileInitialData.toCriticalInitialData data))
                                    n)
                                  (HMul.hMul.{0, 0, 0} A ↑N))
                                (HPow.hPow.{0, 0, 0} (↑N) 2))
                              epsilon))
'DerridaRetaux.FixedArity.thirdMomentTail' depends on axioms: [propext,
 Classical.choice,
 Quot.sound,
 DerridaRetaux.HumanInputs.cdhls_product_upper]
DerridaRetaux.FixedArity.thirdOrderTaylorRemainder (m : Nat) (data : DerridaRetaux.ProfileInitialData m)
  (phi : Nat → Nat) (g : (k : Nat) → BoundedContinuousFunction.{0, 0} (↑(DerridaRetaux.gridExhaustionRectangle k)) Real)
  (hphi : Filter.Tendsto.{0, 0} phi Filter.atTop.{0} Filter.atTop.{0})
  (hlim :
    ∀ (k : Nat),
      TendstoUniformly.{0, 0, 0}
        (fun n q =>
          DerridaRetaux.gridBilinearInterp (phi n)
            (DerridaRetaux.orbitScaledGrid m
              (DerridaRetaux.CriticalInitialData.law (DerridaRetaux.ProfileInitialData.toCriticalInitialData data))
              (phi n))
            (↑q).1 (↑q).2)
        (fun q => (g k) q) Filter.atTop.{0})
  (p : Real) (hp : LT.lt.{0} 0 p) :
  And
    (∀ (t : Real),
      LT.lt.{0} 0 t →
        Eq.{1} (DerridaRetaux.FixedArity.subsequentialLaplaceGap g t p)
          (HAdd.hAdd.{0, 0, 0}
            (HSub.hSub.{0, 0, 0}
              (HMul.hMul.{0, 0, 0} (HDiv.hDiv.{0, 0, 0} (HPow.hPow.{0, 0, 0} p 2) 2)
                (DerridaRetaux.continuumMoment (fun x => DerridaRetaux.gluedExhaustionLimit g t x) 2))
              (HMul.hMul.{0, 0, 0} (HDiv.hDiv.{0, 0, 0} (HPow.hPow.{0, 0, 0} p 3) 6)
                (DerridaRetaux.continuumMoment (fun x => DerridaRetaux.gluedExhaustionLimit g t x) 3)))
            (DerridaRetaux.FixedArity.subsequentialThirdRemainder g t p)))
    (And
      (Filter.Tendsto.{0, 0}
        (fun t =>
          HDiv.hDiv.{0, 0, 0} (DerridaRetaux.FixedArity.subsequentialThirdRemainder g t p)
            (DerridaRetaux.continuumMoment (fun x => DerridaRetaux.gluedExhaustionLimit g t x) 3))
        (nhdsWithin.{0} 0 (Set.Ioi.{0} 0)) (nhds.{0} 0))
      (∃ K,
        And (LE.le.{0} 0 K)
          (∀ (t : Real),
            LT.lt.{0} 0 t →
              LE.le.{0} t 1 →
                LE.le.{0}
                  (abs.{0}
                    (HDiv.hDiv.{0, 0, 0} (DerridaRetaux.FixedArity.subsequentialThirdRemainder g t p)
                      (DerridaRetaux.continuumMoment (fun x => DerridaRetaux.gluedExhaustionLimit g t x) 3)))
                  (HMul.hMul.{0, 0, 0} K (Real.sqrt t)))))
'DerridaRetaux.FixedArity.thirdOrderTaylorRemainder' depends on axioms: [propext,
 Classical.choice,
 Quot.sound,
 DerridaRetaux.HumanInputs.cdhls_excess_upper,
 DerridaRetaux.HumanInputs.cdhls_product_upper]
DerridaRetaux.HasIntegralDerivativeOn (F g : Real → Real) (K : Set.{0} Real) : Prop
'DerridaRetaux.HasIntegralDerivativeOn' depends on axioms: [propext, Classical.choice, Quot.sound]
DerridaRetaux.HasIntegralDerivativeOn.contDiffOn_Ioo_of_continuousOn_Icc (F g : Real → Real) (eta T : Real)
  (hF : DerridaRetaux.HasIntegralDerivativeOn F g (Set.Icc.{0} eta T))
  (hg : ContinuousOn.{0, 0} g (Set.Icc.{0} eta T)) : ContDiffOn.{0, 0, 0} Real 1 F (Set.Ioo.{0} eta T)
'DerridaRetaux.HasIntegralDerivativeOn.contDiffOn_Ioo_of_continuousOn_Icc' depends on axioms: [propext,
 Classical.choice,
 Quot.sound]
DerridaRetaux.HasIntegralDerivativeOn.hasDerivAt_of_continuousOn_Icc (F g : Real → Real) (eta T t : Real)
  (hF : DerridaRetaux.HasIntegralDerivativeOn F g (Set.Icc.{0} eta T)) (hg : ContinuousOn.{0, 0} g (Set.Icc.{0} eta T))
  (ht : Membership.mem.{0, 0} (Set.Ioo.{0} eta T) t) : HasDerivAt.{0, 0} F (g t) t
'DerridaRetaux.HasIntegralDerivativeOn.hasDerivAt_of_continuousOn_Icc' depends on axioms: [propext,
 Classical.choice,
 Quot.sound]
DerridaRetaux.HasSingularCharacteristic (M : DerridaRetaux.EntranceString) (lambda h : Real) : Prop
'DerridaRetaux.HasSingularCharacteristic' depends on axioms: [propext, Classical.choice, Quot.sound]
DerridaRetaux.ProfileInitialData (m : Nat) : Type
'DerridaRetaux.ProfileInitialData' depends on axioms: [propext, Classical.choice, Quot.sound]
DerridaRetaux.SourceMonomialTag (m : Nat) : Type
'DerridaRetaux.SourceMonomialTag' does not depend on any axioms
DerridaRetaux.SourceMonomialTag.Valid {m : Nat} (t : DerridaRetaux.SourceMonomialTag m) : Prop
'DerridaRetaux.SourceMonomialTag.Valid' depends on axioms: [propext, Classical.choice, Quot.sound]
DerridaRetaux.SourceMonomialTag.e_le_arity_product {m : Nat} {t : DerridaRetaux.SourceMonomialTag m}
  (hvalid : DerridaRetaux.SourceMonomialTag.Valid t) :
  LE.le.{0} (DerridaRetaux.SourceMonomialTag.e t) (HMul.hMul.{0, 0, 0} m (HSub.hSub.{0, 0, 0} m 1))
'DerridaRetaux.SourceMonomialTag.e_le_arity_product' depends on axioms: [propext, Classical.choice, Quot.sound]
DerridaRetaux.SourceMonomialTag.q_add_w_ge_two_of_w_pos {m : Nat} {t : DerridaRetaux.SourceMonomialTag m}
  (hvalid : DerridaRetaux.SourceMonomialTag.Valid t) (hw : LE.le.{0} 1 (DerridaRetaux.SourceMonomialTag.w t)) :
  LE.le.{0} 2 (HAdd.hAdd.{0, 0, 0} (DerridaRetaux.SourceMonomialTag.q t) (DerridaRetaux.SourceMonomialTag.w t))
'DerridaRetaux.SourceMonomialTag.q_add_w_ge_two_of_w_pos' depends on axioms: [propext, Classical.choice, Quot.sound]
DerridaRetaux.SourceMonomialTag.q_eq_outerDegree_sub_nB_add_e_of_function {m : Nat}
  {t : DerridaRetaux.SourceMonomialTag m} (hvalid : DerridaRetaux.SourceMonomialTag.Valid t)
  (hkind : Eq.{1} (DerridaRetaux.SourceMonomialTag.kind t) DerridaRetaux.SourceChangeKind.functionChange) :
  Eq.{1} (DerridaRetaux.SourceMonomialTag.q t)
    (HAdd.hAdd.{0, 0, 0}
      (HSub.hSub.{0, 0, 0} ↑(DerridaRetaux.SourceMonomialTag.outerDegree t) ↑(DerridaRetaux.SourceMonomialTag.nB t))
      (DerridaRetaux.SourceMonomialTag.e t))
'DerridaRetaux.SourceMonomialTag.q_eq_outerDegree_sub_nB_add_e_of_function' depends on axioms: [propext,
 Classical.choice,
 Quot.sound]
DerridaRetaux.SourceMonomialTag.q_eq_zero_only_allBoundary {m s : Nat} {t : DerridaRetaux.SourceMonomialTag m}
  (hvalid : DerridaRetaux.SourceMonomialTag.Valid t) (hq : Eq.{1} (DerridaRetaux.SourceMonomialTag.q t) 0) :
  And (Eq.{1} (DerridaRetaux.SourceMonomialTag.kind t) DerridaRetaux.SourceChangeKind.functionChange)
    (And (Eq.{1} ↑(DerridaRetaux.SourceMonomialTag.nB t) ↑(DerridaRetaux.SourceMonomialTag.outerDegree t))
      (And (Eq.{1} (↑(DerridaRetaux.SourceMonomialTag.nF t)) 0)
        (And (∀ (r : DerridaRetaux.SourceArity m), Eq.{1} (↑(DerridaRetaux.SourceMonomialTag.nR t r)) 0)
          (And (Eq.{1} (DerridaRetaux.SourceMonomialTag.w t) ↑(DerridaRetaux.SourceMonomialTag.outerDegree t))
            (And (Eq.{1} (DerridaRetaux.SourceMonomialTag.e t) 0)
              (Eq.{1} (DerridaRetaux.SourceMonomialTag.sigma t s) (HMul.hMul.{0, 0, 0} 2 ↑s)))))))
'DerridaRetaux.SourceMonomialTag.q_eq_zero_only_allBoundary' depends on axioms: [propext, Classical.choice, Quot.sound]
DerridaRetaux.SourceMonomialTag.q_ge_three_of_w_eq_zero {m : Nat} {t : DerridaRetaux.SourceMonomialTag m}
  (hvalid : DerridaRetaux.SourceMonomialTag.Valid t) (hw : Eq.{1} (DerridaRetaux.SourceMonomialTag.w t) 0) :
  LE.le.{0} 3 (DerridaRetaux.SourceMonomialTag.q t)
'DerridaRetaux.SourceMonomialTag.q_ge_three_of_w_eq_zero' depends on axioms: [propext, Classical.choice, Quot.sound]
DerridaRetaux.SourceMonomialTag.q_le_arity_sq {m : Nat} {t : DerridaRetaux.SourceMonomialTag m}
  (hvalid : DerridaRetaux.SourceMonomialTag.Valid t) :
  LE.le.{0} (DerridaRetaux.SourceMonomialTag.q t) (HPow.hPow.{0, 0, 0} m 2)
'DerridaRetaux.SourceMonomialTag.q_le_arity_sq' depends on axioms: [propext, Classical.choice, Quot.sound]
DerridaRetaux.SourceMonomialTag.residualExponent_le_two_of_w_pos {m : Nat} {t : DerridaRetaux.SourceMonomialTag m}
  (hvalid : DerridaRetaux.SourceMonomialTag.Valid t) (hw : LE.le.{0} 1 (DerridaRetaux.SourceMonomialTag.w t)) :
  LE.le.{0}
    (HSub.hSub.{0, 0, 0} (HSub.hSub.{0, 0, 0} 4 ↑(DerridaRetaux.SourceMonomialTag.q t))
      ↑(DerridaRetaux.SourceMonomialTag.w t))
    2
'DerridaRetaux.SourceMonomialTag.residualExponent_le_two_of_w_pos' depends on axioms: [propext,
 Classical.choice,
 Quot.sound]
DerridaRetaux.SourceMonomialTag.tailThreshold_eq {m : Nat} (t : DerridaRetaux.SourceMonomialTag m) (N s : Nat) :
  Eq.{1} (DerridaRetaux.SourceMonomialTag.tailThreshold t N s)
    (HSub.hSub.{0, 0, 0}
      (HAdd.hAdd.{0, 0, 0} (↑N)
        (HMul.hMul.{0, 0, 0} (HSub.hSub.{0, 0, 0} (↑(DerridaRetaux.SourceMonomialTag.q t)) 1) ↑s))
      ↑(DerridaRetaux.SourceMonomialTag.e t))
'DerridaRetaux.SourceMonomialTag.tailThreshold_eq' depends on axioms: [propext, Classical.choice, Quot.sound]
DerridaRetaux.SourceMonomialTag.tailThreshold_twice_gt {m N s : Nat} {t : DerridaRetaux.SourceMonomialTag m}
  (hvalid : DerridaRetaux.SourceMonomialTag.Valid t) (hq : LE.le.{0} 1 (DerridaRetaux.SourceMonomialTag.q t))
  (hN : LT.lt.{0} (HAdd.hAdd.{0, 0, 0} s (DerridaRetaux.SourceMonomialTag.sourceDifferenceCutoff m)) N) :
  LT.lt.{0} (↑N) (HMul.hMul.{0, 0, 0} 2 (DerridaRetaux.SourceMonomialTag.tailThreshold t N s))
'DerridaRetaux.SourceMonomialTag.tailThreshold_twice_gt' depends on axioms: [propext, Classical.choice, Quot.sound]
DerridaRetaux.SourceMonomialTag.valid_branch_trichotomy {m : Nat} {t : DerridaRetaux.SourceMonomialTag m}
  (hvalid : DerridaRetaux.SourceMonomialTag.Valid t) :
  Or (Eq.{1} (DerridaRetaux.SourceMonomialTag.q t) 0)
    (Or
      (And (LE.le.{0} 1 (DerridaRetaux.SourceMonomialTag.q t))
        (And (Eq.{1} (DerridaRetaux.SourceMonomialTag.w t) 0) (LE.le.{0} 3 (DerridaRetaux.SourceMonomialTag.q t))))
      (And (LE.le.{0} 1 (DerridaRetaux.SourceMonomialTag.q t))
        (And (LE.le.{0} 1 (DerridaRetaux.SourceMonomialTag.w t))
          (LE.le.{0} 2
            (HAdd.hAdd.{0, 0, 0} (DerridaRetaux.SourceMonomialTag.q t) (DerridaRetaux.SourceMonomialTag.w t))))))
'DerridaRetaux.SourceMonomialTag.valid_branch_trichotomy' depends on axioms: [propext, Classical.choice, Quot.sound]
DerridaRetaux.TendstoInL1On (gSeq : Nat → Real → Real) (g : Real → Real) (K : Set.{0} Real) : Prop
'DerridaRetaux.TendstoInL1On' depends on axioms: [propext, Classical.choice, Quot.sound]
DerridaRetaux.WeightedSupThreeLE (L : Real) (f : DerridaRetaux.Seq) (C : Real) : Prop
'DerridaRetaux.WeightedSupThreeLE' depends on axioms: [propext, Classical.choice, Quot.sound]
DerridaRetaux.abs_gridBilinearInterp_sub_le_of_node_modulus (N : Nat) (a : Nat → Nat → Real) (omega : Real → Real)
  (t x s y spaceStep timeStep : Real) (hN : LT.lt.{0} 0 N) (ht : LE.le.{0} 0 t) (hx : LE.le.{0} 0 x)
  (hs : LE.le.{0} 0 s) (hy : LE.le.{0} 0 y) (homega : Monotone.{0, 0} omega)
  (hspace : ∀ (n j : Nat), LE.le.{0} (abs.{0} (HSub.hSub.{0, 0, 0} (a n (HAdd.hAdd.{0, 0, 0} j 1)) (a n j))) spaceStep)
  (htime : ∀ (n j : Nat), LE.le.{0} (abs.{0} (HSub.hSub.{0, 0, 0} (a (HAdd.hAdd.{0, 0, 0} n 1) j) (a n j))) timeStep)
  (hnode :
    ∀ (n j n' j' : Nat),
      LE.le.{0} (abs.{0} (HSub.hSub.{0, 0, 0} (a n j) (a n' j')))
        (omega
          (HAdd.hAdd.{0, 0, 0} (abs.{0} (HSub.hSub.{0, 0, 0} (HDiv.hDiv.{0, 0, 0} ↑n ↑N) (HDiv.hDiv.{0, 0, 0} ↑n' ↑N)))
            (abs.{0} (HSub.hSub.{0, 0, 0} (HDiv.hDiv.{0, 0, 0} ↑j ↑N) (HDiv.hDiv.{0, 0, 0} ↑j' ↑N)))))) :
  LE.le.{0}
    (abs.{0}
      (HSub.hSub.{0, 0, 0} (DerridaRetaux.gridBilinearInterp N a t x) (DerridaRetaux.gridBilinearInterp N a s y)))
    (HAdd.hAdd.{0, 0, 0} (HMul.hMul.{0, 0, 0} 2 (HAdd.hAdd.{0, 0, 0} timeStep spaceStep))
      (omega
        (HAdd.hAdd.{0, 0, 0}
          (HAdd.hAdd.{0, 0, 0} (abs.{0} (HSub.hSub.{0, 0, 0} t s)) (abs.{0} (HSub.hSub.{0, 0, 0} x y)))
          (HDiv.hDiv.{0, 0, 0} 4 ↑N))))
'DerridaRetaux.abs_gridBilinearInterp_sub_le_of_node_modulus' depends on axioms: [propext, Classical.choice, Quot.sound]
DerridaRetaux.abs_normalizedIntegratedExpThirdRemainder_le_sqrt (μ : MeasureTheory.Measure.{0} Real) {p t c C : Real}
  (hp : LE.le.{0} 0 p) (ht : LT.lt.{0} 0 t) (hc : LT.lt.{0} 0 c) (hC : LE.le.{0} 0 C)
  (hthird : MeasureTheory.IntegrableOn.{0, 0} (fun x => HPow.hPow.{0, 0, 0} x 3) (Set.Ici.{0} 0) μ)
  (hA3Lower : LE.le.{0} (HMul.hMul.{0, 0, 0} c (HPow.hPow.{0, 0, 0} t 2)) (DerridaRetaux.positiveHalfLineMoment 3 μ))
  (htail :
    LE.le.{0} (DerridaRetaux.positiveHalfLineThirdMomentTail μ (Real.sqrt t))
      (HDiv.hDiv.{0, 0, 0} (HMul.hMul.{0, 0, 0} C (HPow.hPow.{0, 0, 0} t 3)) (Real.sqrt t))) :
  LE.le.{0}
    (abs.{0}
      (HDiv.hDiv.{0, 0, 0} (DerridaRetaux.integratedExpThirdRemainder μ p) (DerridaRetaux.positiveHalfLineMoment 3 μ)))
    (HMul.hMul.{0, 0, 0}
      (HAdd.hAdd.{0, 0, 0} (HDiv.hDiv.{0, 0, 0} (HPow.hPow.{0, 0, 0} p 4) 24)
        (HDiv.hDiv.{0, 0, 0} (HMul.hMul.{0, 0, 0} (HPow.hPow.{0, 0, 0} p 3) C) (HMul.hMul.{0, 0, 0} 6 c)))
      (Real.sqrt t))
'DerridaRetaux.abs_normalizedIntegratedExpThirdRemainder_le_sqrt' depends on axioms: [propext,
 Classical.choice,
 Quot.sound]
DerridaRetaux.actual_sourceDifference_terms_have_valid_normalForms {m R : Nat} (p₀ : DerridaRetaux.ProbabilityMass)
  (s : Nat) (hRmem : Membership.mem.{0, 0} (Finset.Icc.{0} 2 m) R) :
  And
    (And (DerridaRetaux.SourceMonomialTag.Valid (DerridaRetaux.coefficientChangeTag ⋯))
      (DerridaRetaux.HasSourceTagNormalForm (DerridaRetaux.arrivalCoeff m p₀ s)
        (DerridaRetaux.sourceCoefficientChangeTerm m p₀ s R) s (DerridaRetaux.coefficientChangeTag ⋯)))
    (And
      (Or (Eq.{1} R 2)
        (And
          (And (DerridaRetaux.SourceMonomialTag.Valid (DerridaRetaux.shiftNoExcessTag ⋯))
            (DerridaRetaux.HasSourceTagNormalForm (DerridaRetaux.arrivalCoeff m p₀ s)
              (DerridaRetaux.sourceShiftNoExcessTerm m p₀ s R) s (DerridaRetaux.shiftNoExcessTag ⋯)))
          (And (DerridaRetaux.SourceMonomialTag.Valid (DerridaRetaux.shiftWithExcessTag ⋯))
            (DerridaRetaux.HasSourceTagNormalForm (DerridaRetaux.arrivalCoeff m p₀ s)
              (DerridaRetaux.sourceShiftWithExcessTerm m p₀ s R) s (DerridaRetaux.shiftWithExcessTag ⋯)))))
      (∀ (choice : Fin R → DerridaRetaux.SourceFactorChoice m),
        Membership.mem.{0, 0} (DerridaRetaux.nontrivialFunctionChoices m R) choice →
          And (DerridaRetaux.SourceMonomialTag.Valid (DerridaRetaux.functionExpansionTag ⋯ choice))
            (DerridaRetaux.HasSourceTagNormalForm (DerridaRetaux.arrivalCoeff m p₀ s)
              (DerridaRetaux.sourceFunctionExpandedTerm m p₀ s R choice) s
              (DerridaRetaux.functionExpansionTag ⋯ choice))))
'DerridaRetaux.actual_sourceDifference_terms_have_valid_normalForms' depends on axioms: [propext,
 Classical.choice,
 Quot.sound]
DerridaRetaux.ae_eq_of_halfLine_laplace_eq {ρ : MeasureTheory.Measure.{0} ↑(Set.Ici.{0} 0)}
  [MeasureTheory.SigmaFinite.{0} ρ] {u v : ↑(Set.Ici.{0} 0) → Real} (hu : ∀ (x : ↑(Set.Ici.{0} 0)), LE.le.{0} 0 (u x))
  (hv : ∀ (x : ↑(Set.Ici.{0} 0)), LE.le.{0} 0 (v x)) (huint : MeasureTheory.Integrable.{0, 0} u ρ)
  (hvint : MeasureTheory.Integrable.{0, 0} v ρ)
  (hLaplace :
    ∀ (p : Real),
      LT.lt.{0} 0 p →
        Eq.{1}
          (∫ (x : ↑(Set.Ici.{0} 0)), HMul.hMul.{0, 0, 0} (Real.exp (HMul.hMul.{0, 0, 0} (Neg.neg.{0} p) ↑x)) (u x) ∂ρ)
          (∫ (x : ↑(Set.Ici.{0} 0)),
            HMul.hMul.{0, 0, 0} (Real.exp (HMul.hMul.{0, 0, 0} (Neg.neg.{0} p) ↑x)) (v x) ∂ρ)) :
  Filter.EventuallyEq.{0, 0} (MeasureTheory.ae.{0, 0} ρ) u v
'DerridaRetaux.ae_eq_of_halfLine_laplace_eq' depends on axioms: [propext, Classical.choice, Quot.sound]
DerridaRetaux.arity_mul_survival_le_tiltedPositive (m : Nat) (p : DerridaRetaux.ProbabilityMass) (hm : LE.le.{0} 1 m)
  (hzero : DerridaRetaux.TiltSummable m 0 p) :
  LE.le.{0} (HMul.hMul.{0, 0, 0} (↑m) (DerridaRetaux.survival p))
    (HSub.hSub.{0, 0, 0} (DerridaRetaux.tiltedPartition m p) (DerridaRetaux.ProbabilityMass.mass p 0))
'DerridaRetaux.arity_mul_survival_le_tiltedPositive' depends on axioms: [propext, Classical.choice, Quot.sound]
DerridaRetaux.arrivalAlpha (m : Nat) (p₀ : DerridaRetaux.ProbabilityMass) (s r : Nat) : Real
'DerridaRetaux.arrivalAlpha' depends on axioms: [propext, Classical.choice, Quot.sound]
DerridaRetaux.arrivalCoeff_duhamel (m : Nat) (p₀ : DerridaRetaux.ProbabilityMass) (hm : LE.le.{0} 2 m)
  (hcrit : DerridaRetaux.Critical m p₀)
  (hnotBinaryFixedPoint : Not (And (Eq.{1} m 2) (Eq.{1} p₀ (DerridaRetaux.diracMass 1)))) (s N : Nat)
  (hN : LE.le.{0} s N) :
  Eq.{1} (DerridaRetaux.arrivalCoeff m p₀ s N)
    (HAdd.hAdd.{0, 0, 0} (DerridaRetaux.arrivalCoeff m p₀ 0 N)
      (∑ j ∈ Finset.range s,
        DerridaRetaux.arrivalFormulaSource m p₀ j (HSub.hSub.{0, 0, 0} (HAdd.hAdd.{0, 0, 0} N j) 1)))
'DerridaRetaux.arrivalCoeff_duhamel' depends on axioms: [propext, Classical.choice, Quot.sound]
DerridaRetaux.arrivalCoeff_far_bound_of_H1 (m : Nat) (p₀ : DerridaRetaux.ProbabilityMass) (hm : LE.le.{0} 2 m)
  (hcrit : DerridaRetaux.Critical m p₀) (hthird : DerridaRetaux.TiltSummable m 3 p₀)
  (hnonconstant : Not (DerridaRetaux.IsDirac p₀))
  (hExcess : DerridaRetaux.CDHLSExcessFact m p₀ hm hcrit hthird hnonconstant)
  (hProduct : DerridaRetaux.CDHLSProductFact m p₀ hm hcrit hnonconstant) :
  ∃ Cfar,
    And (LT.lt.{0} 0 Cfar)
      (And (Bornology.IsBounded.{0} (Set.range.{0, 1} (DerridaRetaux.arrivalFarOmega m p₀)))
        (And (Filter.Tendsto.{0, 0} (DerridaRetaux.arrivalFarOmega m p₀) Filter.atTop.{0} (nhds.{0} 0))
          (∀ (s N : Nat),
            LT.lt.{0} (HAdd.hAdd.{0, 0, 0} s (DerridaRetaux.SourceMonomialTag.sourceDifferenceCutoff m)) N →
              LE.le.{0} (DerridaRetaux.arrivalCoeff m p₀ s N)
                (HDiv.hDiv.{0, 0, 0}
                  (HAdd.hAdd.{0, 0, 0} (DerridaRetaux.arrivalFarOmega m p₀ N)
                    (HMul.hMul.{0, 0, 0} Cfar ↑(HAdd.hAdd.{0, 0, 0} s 1)))
                  (HPow.hPow.{0, 0, 0} (↑N) 3)))))
'DerridaRetaux.arrivalCoeff_far_bound_of_H1' depends on axioms: [propext, Classical.choice, Quot.sound]
DerridaRetaux.arrivalCoeff_scaled_far_constant_of_H1 (m : Nat) (p₀ : DerridaRetaux.ProbabilityMass) (hm : LE.le.{0} 2 m)
  (hcrit : DerridaRetaux.Critical m p₀) (hthird : DerridaRetaux.TiltSummable m 3 p₀)
  (hnonconstant : Not (DerridaRetaux.IsDirac p₀))
  (hExcess : DerridaRetaux.CDHLSExcessFact m p₀ hm hcrit hthird hnonconstant)
  (hProduct : DerridaRetaux.CDHLSProductFact m p₀ hm hcrit hnonconstant) :
  ∃ B,
    And (LT.lt.{0} 0 B)
      (∀ (n j : Nat),
        LT.lt.{0} (DerridaRetaux.pointwiseBoundaryCutoff m) j →
          LE.le.{0}
            (HMul.hMul.{0, 0, 0} (HPow.hPow.{0, 0, 0} (↑(HAdd.hAdd.{0, 0, 0} (HAdd.hAdd.{0, 0, 0} n j) 1)) 3)
              (DerridaRetaux.arrivalCoeff m p₀ n (HAdd.hAdd.{0, 0, 0} n j)))
            (HMul.hMul.{0, 0, 0} B ↑(HAdd.hAdd.{0, 0, 0} n 1)))
'DerridaRetaux.arrivalCoeff_scaled_far_constant_of_H1' depends on axioms: [propext, Classical.choice, Quot.sound]
DerridaRetaux.arrivalCoeff_succ_eq_formulaSource (m : Nat) (p₀ : DerridaRetaux.ProbabilityMass) (hm : LE.le.{0} 2 m)
  (hcrit : DerridaRetaux.Critical m p₀)
  (hnotBinaryFixedPoint : Not (And (Eq.{1} m 2) (Eq.{1} p₀ (DerridaRetaux.diracMass 1)))) (s N : Nat) :
  Eq.{1} (DerridaRetaux.arrivalCoeff m p₀ (HAdd.hAdd.{0, 0, 0} s 1) N)
    (HAdd.hAdd.{0, 0, 0}
      (HSub.hSub.{0, 0, 0} (DerridaRetaux.arrivalCoeff m p₀ s N)
        (ite.{1} (Eq.{1} N s) (DerridaRetaux.arrivalBoundary m p₀ s) 0))
      (DerridaRetaux.shiftByInt (HSub.hSub.{0, 0, 0} 1 ↑s) (DerridaRetaux.arrivalFormulaSource m p₀ s) N))
'DerridaRetaux.arrivalCoeff_succ_eq_formulaSource' depends on axioms: [propext, Classical.choice, Quot.sound]
DerridaRetaux.arrivalDenom_mul_product_succ (m : Nat) (p₀ : DerridaRetaux.ProbabilityMass) (hm : LE.le.{0} 1 m)
  (hcrit : DerridaRetaux.Critical m p₀) (s : Nat) :
  Eq.{1}
    (HMul.hMul.{0, 0, 0} (DerridaRetaux.arrivalDenom m p₀ s)
      (DerridaRetaux.arrivalProduct m p₀ (HAdd.hAdd.{0, 0, 0} s 1)))
    (HMul.hMul.{0, 0, 0}
      (HMul.hMul.{0, 0, 0} (↑m) (HPow.hPow.{0, 0, 0} (DerridaRetaux.arrivalZero m p₀ s) (HSub.hSub.{0, 0, 0} m 1)))
      (DerridaRetaux.arrivalProduct m p₀ s))
'DerridaRetaux.arrivalDenom_mul_product_succ' depends on axioms: [propext, Classical.choice, Quot.sound]
DerridaRetaux.arrivalFormulaSource (m : Nat) (p₀ : DerridaRetaux.ProbabilityMass) (s N : Nat) : Real
'DerridaRetaux.arrivalFormulaSource' depends on axioms: [propext, Classical.choice, Quot.sound]
DerridaRetaux.arrivalFormulaSource_block_le_initialTail_add_difference (m : Nat) (p₀ : DerridaRetaux.ProbabilityMass)
  (hm : LE.le.{0} 2 m) (hcrit : DerridaRetaux.Critical m p₀) (hthird : DerridaRetaux.TiltSummable m 3 p₀)
  (hnonconstant : Not (DerridaRetaux.IsDirac p₀))
  (hExcess : DerridaRetaux.CDHLSExcessFact m p₀ hm hcrit hthird hnonconstant)
  (hProduct : DerridaRetaux.CDHLSProductFact m p₀ hm hcrit hnonconstant) :
  ∃ Csource,
    And (LT.lt.{0} 0 Csource)
      (∀ (s N : Nat),
        LT.lt.{0} (HAdd.hAdd.{0, 0, 0} s (DerridaRetaux.SourceMonomialTag.sourceDifferenceCutoff m)) N →
          LE.le.{0}
            (∑ j ∈ Finset.range s,
              DerridaRetaux.arrivalFormulaSource m p₀ j (HSub.hSub.{0, 0, 0} (HAdd.hAdd.{0, 0, 0} N j) 1))
            (HAdd.hAdd.{0, 0, 0}
              (DerridaRetaux.coefficientTail (DerridaRetaux.arrivalFormulaSource m p₀ 0) (HSub.hSub.{0, 0, 0} N 1))
              (∑ v ∈ Finset.range s,
                HDiv.hDiv.{0, 0, 0}
                  (HMul.hMul.{0, 0, 0} Csource
                    (HAdd.hAdd.{0, 0, 0} 1
                      (HMul.hMul.{0, 0, 0} (DerridaRetaux.arrivalBoundary m p₀ v)
                        (HPow.hPow.{0, 0, 0} (↑(HAdd.hAdd.{0, 0, 0} v 1)) 2))))
                  (HPow.hPow.{0, 0, 0} (↑N) 3))))
'DerridaRetaux.arrivalFormulaSource_block_le_initialTail_add_difference' depends on axioms: [propext,
 Classical.choice,
 Quot.sound]
DerridaRetaux.arrivalFormulaSource_nonneg (m : Nat) (p₀ : DerridaRetaux.ProbabilityMass) (hm : LE.le.{0} 2 m)
  (hcrit : DerridaRetaux.Critical m p₀)
  (hnotBinaryFixedPoint : Not (And (Eq.{1} m 2) (Eq.{1} p₀ (DerridaRetaux.diracMass 1)))) (s N : Nat) :
  LE.le.{0} 0 (DerridaRetaux.arrivalFormulaSource m p₀ s N)
'DerridaRetaux.arrivalFormulaSource_nonneg' depends on axioms: [propext, Classical.choice, Quot.sound]
DerridaRetaux.arrivalFormulaSource_sub_eq_fullyExpanded (m : Nat) (p₀ : DerridaRetaux.ProbabilityMass)
  (hm : LE.le.{0} 2 m) (hcrit : DerridaRetaux.Critical m p₀)
  (hnotBinaryFixedPoint : Not (And (Eq.{1} m 2) (Eq.{1} p₀ (DerridaRetaux.diracMass 1)))) (s N : Nat) :
  Eq.{1}
    (HSub.hSub.{0, 0, 0} (DerridaRetaux.arrivalFormulaSource m p₀ (HAdd.hAdd.{0, 0, 0} s 1) N)
      (DerridaRetaux.arrivalFormulaSource m p₀ s N))
    (∑ R ∈ Finset.Icc.{0} 2 m,
      HAdd.hAdd.{0, 0, 0}
        (HAdd.hAdd.{0, 0, 0}
          (HAdd.hAdd.{0, 0, 0} (DerridaRetaux.sourceCoefficientChangeTerm m p₀ s R N)
            (DerridaRetaux.sourceShiftNoExcessTerm m p₀ s R N))
          (DerridaRetaux.sourceShiftWithExcessTerm m p₀ s R N))
        (∑ choice ∈ DerridaRetaux.nontrivialFunctionChoices m R,
          DerridaRetaux.sourceFunctionExpandedTerm m p₀ s R choice N))
'DerridaRetaux.arrivalFormulaSource_sub_eq_fullyExpanded' depends on axioms: [propext, Classical.choice, Quot.sound]
DerridaRetaux.arrivalFormulaSource_sub_eq_threeChanges (m : Nat) (p₀ : DerridaRetaux.ProbabilityMass) (s N : Nat) :
  Eq.{1}
    (HSub.hSub.{0, 0, 0} (DerridaRetaux.arrivalFormulaSource m p₀ (HAdd.hAdd.{0, 0, 0} s 1) N)
      (DerridaRetaux.arrivalFormulaSource m p₀ s N))
    (∑ R ∈ Finset.Icc.{0} 2 m, DerridaRetaux.sourceThreeChangeTerm m p₀ s R N)
'DerridaRetaux.arrivalFormulaSource_sub_eq_threeChanges' depends on axioms: [propext, Classical.choice, Quot.sound]
DerridaRetaux.arrivalFormulaSource_sub_tail_bound_of_H1 (m : Nat) (p₀ : DerridaRetaux.ProbabilityMass)
  (hm : LE.le.{0} 2 m) (hcrit : DerridaRetaux.Critical m p₀) (hthird : DerridaRetaux.TiltSummable m 3 p₀)
  (hnonconstant : Not (DerridaRetaux.IsDirac p₀))
  (hExcess : DerridaRetaux.CDHLSExcessFact m p₀ hm hcrit hthird hnonconstant)
  (hProduct : DerridaRetaux.CDHLSProductFact m p₀ hm hcrit hnonconstant) :
  ∃ Csource,
    And (LT.lt.{0} 0 Csource)
      (∀ (s N : Nat),
        LT.lt.{0} (HAdd.hAdd.{0, 0, 0} s (DerridaRetaux.SourceMonomialTag.sourceDifferenceCutoff m)) N →
          LE.le.{0}
            (DerridaRetaux.absoluteCoefficientTail
              (fun k =>
                HSub.hSub.{0, 0, 0} (DerridaRetaux.arrivalFormulaSource m p₀ (HAdd.hAdd.{0, 0, 0} s 1) k)
                  (DerridaRetaux.arrivalFormulaSource m p₀ s k))
              (HAdd.hAdd.{0, 0, 0} N s))
            (HDiv.hDiv.{0, 0, 0}
              (HMul.hMul.{0, 0, 0} Csource
                (HAdd.hAdd.{0, 0, 0} 1
                  (HMul.hMul.{0, 0, 0} (DerridaRetaux.arrivalBoundary m p₀ s)
                    (HPow.hPow.{0, 0, 0} (↑(HAdd.hAdd.{0, 0, 0} s 1)) 2))))
              (HPow.hPow.{0, 0, 0} (↑N) 3)))
'DerridaRetaux.arrivalFormulaSource_sub_tail_bound_of_H1' depends on axioms: [propext, Classical.choice, Quot.sound]
DerridaRetaux.arrivalFormulaSource_term_eq_zero (m : Nat) (p₀ : DerridaRetaux.ProbabilityMass) (s N r : Nat)
  (hN : LT.lt.{0} (HAdd.hAdd.{0, 0, 0} N 2) (HAdd.hAdd.{0, 0, 0} (HMul.hMul.{0, 0, 0} 2 s) r)) :
  Eq.{1}
    (DerridaRetaux.shiftByInt (HMul.hMul.{0, 0, 0} (HSub.hSub.{0, 0, 0} (↑r) 2) (HSub.hSub.{0, 0, 0} 1 ↑s))
      (DerridaRetaux.convPow r (DerridaRetaux.arrivalCoeff m p₀ s)) N)
    0
'DerridaRetaux.arrivalFormulaSource_term_eq_zero' depends on axioms: [propext, Classical.choice, Quot.sound]
DerridaRetaux.arrivalInitialBlock_le_coefficientTail_of_cubic (a : DerridaRetaux.Seq)
  (ha : ∀ (k : Nat), LE.le.{0} 0 (a k))
  (hthree : Summable.{0, 0} fun k => HMul.hMul.{0, 0, 0} (HPow.hPow.{0, 0, 0} (↑k) 3) (a k)) (N s : Nat)
  (hN : LE.le.{0} 1 N) :
  LE.le.{0} (∑ j ∈ Finset.range s, a (HSub.hSub.{0, 0, 0} (HAdd.hAdd.{0, 0, 0} N j) 1))
    (DerridaRetaux.coefficientTail a (HSub.hSub.{0, 0, 0} N 1))
'DerridaRetaux.arrivalInitialBlock_le_coefficientTail_of_cubic' depends on axioms: [propext,
 Classical.choice,
 Quot.sound]
DerridaRetaux.arrivalInitialIndex_injective (N : Nat) (hN : LE.le.{0} 1 N) :
  Function.Injective.{1, 1} fun j => HSub.hSub.{0, 0, 0} (HAdd.hAdd.{0, 0, 0} N j) 1
'DerridaRetaux.arrivalInitialIndex_injective' depends on axioms: [propext, Quot.sound]
DerridaRetaux.arrivalKappa_succ (m : Nat) (p₀ : DerridaRetaux.ProbabilityMass) (hm : LE.le.{0} 2 m)
  (hcrit : DerridaRetaux.Critical m p₀)
  (hnotBinaryFixedPoint : Not (And (Eq.{1} m 2) (Eq.{1} p₀ (DerridaRetaux.diracMass 1)))) (s : Nat) :
  Eq.{1} (DerridaRetaux.arrivalKappa m p₀ (HAdd.hAdd.{0, 0, 0} s 1))
    (HDiv.hDiv.{0, 0, 0} (DerridaRetaux.arrivalKappa m p₀ s)
      (HAdd.hAdd.{0, 0, 0} 1
        (HMul.hMul.{0, 0, 0} (DerridaRetaux.arrivalKappa m p₀ s) (DerridaRetaux.arrivalBoundary m p₀ s))))
'DerridaRetaux.arrivalKappa_succ' depends on axioms: [propext, Classical.choice, Quot.sound]
DerridaRetaux.arrivalMomentTail_bounds (m : Nat) (p₀ : DerridaRetaux.ProbabilityMass) (hm : LE.le.{0} 2 m)
  (hcrit : DerridaRetaux.Critical m p₀) (hthird : DerridaRetaux.TiltSummable m 3 p₀)
  (hnonconstant : Not (DerridaRetaux.IsDirac p₀))
  (hExcess : DerridaRetaux.CDHLSExcessFact m p₀ hm hcrit hthird hnonconstant)
  (hProduct : DerridaRetaux.CDHLSProductFact m p₀ hm hcrit hnonconstant) :
  ∃ C,
    And (LT.lt.{0} 0 C)
      (And
        (∀ (s : Nat),
          LE.le.{0} (DerridaRetaux.arrivalValueAtOne m p₀ s) (HDiv.hDiv.{0, 0, 0} C ↑(HAdd.hAdd.{0, 0, 0} s 1)))
        (∀ (r : Nat),
          LE.le.{0} 1 r →
            LE.le.{0} r (HPow.hPow.{0, 0, 0} m 2) →
              And
                (∀ (s : Nat),
                  LE.le.{0}
                    (DerridaRetaux.shiftedCubicMoment r (DerridaRetaux.convPow r (DerridaRetaux.arrivalCoeff m p₀ s)))
                    (HMul.hMul.{0, 0, 0} (HMul.hMul.{0, 0, 0} (HPow.hPow.{0, 0, 0} (↑r) 3) (HPow.hPow.{0, 0, 0} C r))
                      (HPow.hPow.{0, 0, 0} (↑(HAdd.hAdd.{0, 0, 0} s 1)) (HSub.hSub.{0, 0, 0} 3 ↑r))))
                (∀ (s K : Nat),
                  LE.le.{0} 1 K →
                    LE.le.{0}
                      (DerridaRetaux.coefficientTail (DerridaRetaux.convPow r (DerridaRetaux.arrivalCoeff m p₀ s)) K)
                      (HDiv.hDiv.{0, 0, 0}
                        (HMul.hMul.{0, 0, 0}
                          (HMul.hMul.{0, 0, 0} (HPow.hPow.{0, 0, 0} (↑r) 3) (HPow.hPow.{0, 0, 0} C r))
                          (HPow.hPow.{0, 0, 0} (↑(HAdd.hAdd.{0, 0, 0} s 1)) (HSub.hSub.{0, 0, 0} 3 ↑r)))
                        (HPow.hPow.{0, 0, 0} (↑K) 3)))))
'DerridaRetaux.arrivalMomentTail_bounds' depends on axioms: [propext, Classical.choice, Quot.sound]
DerridaRetaux.arrivalValueAtOne (m : Nat) (p₀ : DerridaRetaux.ProbabilityMass) (s : Nat) : Real
'DerridaRetaux.arrivalValueAtOne' depends on axioms: [propext, Classical.choice, Quot.sound]
DerridaRetaux.coefficientTail_le_shiftedCubicMoment_div (r K : Nat) (hr : LE.le.{0} 1 r) (hK : LE.le.{0} 1 K)
  (a : DerridaRetaux.Seq) (ha : ∀ (k : Nat), LE.le.{0} 0 (a k))
  (hmoment : Summable.{0, 0} fun k => HMul.hMul.{0, 0, 0} (HPow.hPow.{0, 0, 0} (↑(HAdd.hAdd.{0, 0, 0} k r)) 3) (a k)) :
  LE.le.{0} (DerridaRetaux.coefficientTail a K)
    (HDiv.hDiv.{0, 0, 0} (DerridaRetaux.shiftedCubicMoment r a) (HPow.hPow.{0, 0, 0} (↑K) 3))
'DerridaRetaux.coefficientTail_le_shiftedCubicMoment_div' depends on axioms: [propext, Classical.choice, Quot.sound]
DerridaRetaux.coefficientVariation_orbit_of_H1a_and_pointwise (m : Nat) (p₀ : DerridaRetaux.ProbabilityMass)
  (hm : LE.le.{0} 2 m) (hcrit : DerridaRetaux.Critical m p₀) (hthird : DerridaRetaux.TiltSummable m 3 p₀)
  (hnonconstant : Not (DerridaRetaux.IsDirac p₀))
  (hExcess : DerridaRetaux.CDHLSExcessFact m p₀ hm hcrit hthird hnonconstant) (B : Real)
  (hSup :
    ∀ (n : Nat),
      DerridaRetaux.WeightedSupThreeLE (↑(HAdd.hAdd.{0, 0, 0} n 1))
        (DerridaRetaux.positiveTiltedDensity m (DerridaRetaux.orbit m p₀ n))
        (HDiv.hDiv.{0, 0, 0} B (HPow.hPow.{0, 0, 0} (↑(HAdd.hAdd.{0, 0, 0} n 1)) 2))) :
  ∃ C,
    And (LT.lt.{0} 0 C)
      (And (Filter.Tendsto.{0, 0} (DerridaRetaux.orbitPositiveTiltMass m p₀) Filter.atTop.{0} (nhds.{0} 0))
        (And
          (Filter.Tendsto.{0, 0} (fun n => DerridaRetaux.zeroTilt m (DerridaRetaux.orbit m p₀ n)) Filter.atTop.{0}
            (nhds.{0} 1))
          (And (Filter.Tendsto.{0, 0} (DerridaRetaux.densityD m p₀) Filter.atTop.{0} (nhds.{0} (1 / 2)))
            (And
              (∀ (s : Nat),
                LE.le.{0}
                  (abs.{0} (HSub.hSub.{0, 0, 0} 1 (DerridaRetaux.transportCoeff m (DerridaRetaux.orbit m p₀ s))))
                  (HDiv.hDiv.{0, 0, 0} C (HPow.hPow.{0, 0, 0} (↑(HAdd.hAdd.{0, 0, 0} s 1)) 2)))
              (And
                (∀ (s : Nat),
                  LE.le.{0}
                    (abs.{0}
                      (HSub.hSub.{0, 0, 0}
                        (DerridaRetaux.zeroTilt m (DerridaRetaux.orbit m p₀ (HAdd.hAdd.{0, 0, 0} s 1)))
                        (DerridaRetaux.zeroTilt m (DerridaRetaux.orbit m p₀ s))))
                    (HDiv.hDiv.{0, 0, 0} C (HPow.hPow.{0, 0, 0} (↑(HAdd.hAdd.{0, 0, 0} s 1)) 2)))
                (∀ (s : Nat),
                  LE.le.{0} 1 s →
                    LE.le.{0}
                      (abs.{0}
                        (HSub.hSub.{0, 0, 0} (DerridaRetaux.densityD m p₀ s)
                          (DerridaRetaux.densityD m p₀ (HSub.hSub.{0, 0, 0} s 1))))
                      (HDiv.hDiv.{0, 0, 0} C (HPow.hPow.{0, 0, 0} (↑(HAdd.hAdd.{0, 0, 0} s 1)) 2))))))))
'DerridaRetaux.coefficientVariation_orbit_of_H1a_and_pointwise' depends on axioms: [propext,
 Classical.choice,
 Quot.sound]
DerridaRetaux.compact_lattice_sums_tendsto_of_locallyUniform (rho : Nat → DerridaRetaux.Seq) (scale : Nat → Nat)
  (u : Real → Real) (hscale : Filter.Tendsto.{0, 0} scale Filter.atTop.{0} Filter.atTop.{0})
  (hucont : ContinuousOn.{0, 0} u (Set.Ici.{0} 0)) (huneg : ∀ (x : Real), LT.lt.{0} x 0 → Eq.{1} (u x) 0)
  (hlocal : DerridaRetaux.LocallyUniformLatticeDensity rho scale u) (g : BoundedContinuousFunction.{0, 0} Real Real)
  (hg : HasCompactSupport.{0, 0} ⇑g) :
  Filter.Tendsto.{0, 0}
    (fun k =>
      ∑' (j : Nat),
        HMul.hMul.{0, 0, 0} (HMul.hMul.{0, 0, 0} (↑(scale k)) (rho k j)) (g (HDiv.hDiv.{0, 0, 0} ↑j ↑(scale k))))
    Filter.atTop.{0} (nhds.{0} (∫ (x : Real), HMul.hMul.{0, 0, 0} (u x) (g x)))
'DerridaRetaux.compact_lattice_sums_tendsto_of_locallyUniform' depends on axioms: [propext,
 Classical.choice,
 Quot.sound]
DerridaRetaux.conditionalFirstMoment_tendsto (m : Nat) (p : Nat → DerridaRetaux.ProbabilityMass) (hm : LE.le.{0} 2 m)
  (hmean :
    Filter.Tendsto.{0, 0}
      (fun n => HMul.hMul.{0, 0, 0} (HPow.hPow.{0, 0, 0} (↑n) 2) (DerridaRetaux.probabilityFirstMoment (p n)))
      Filter.atTop.{0}
      (nhds.{0} (HDiv.hDiv.{0, 0, 0} (HMul.hMul.{0, 0, 0} 4 ↑m) (HPow.hPow.{0, 0, 0} (HSub.hSub.{0, 0, 0} (↑m) 1) 3))))
  (hsurvival :
    Filter.Tendsto.{0, 0} (fun n => HMul.hMul.{0, 0, 0} (HPow.hPow.{0, 0, 0} (↑n) 2) (DerridaRetaux.survival (p n)))
      Filter.atTop.{0} (nhds.{0} (HDiv.hDiv.{0, 0, 0} 4 (HPow.hPow.{0, 0, 0} (HSub.hSub.{0, 0, 0} (↑m) 1) 2)))) :
  Filter.Tendsto.{0, 0}
    (fun n => HDiv.hDiv.{0, 0, 0} (DerridaRetaux.probabilityFirstMoment (p n)) (DerridaRetaux.survival (p n)))
    Filter.atTop.{0} (nhds.{0} (HDiv.hDiv.{0, 0, 0} (↑m) (HSub.hSub.{0, 0, 0} (↑m) 1)))
'DerridaRetaux.conditionalFirstMoment_tendsto' depends on axioms: [propext, Classical.choice, Quot.sound]
DerridaRetaux.conditionalPositiveL1Error_eq_two_mul_totalVariation (m : Nat) (p : DerridaRetaux.ProbabilityMass) :
  Eq.{1} (DerridaRetaux.conditionalPositiveL1Error m p)
    (HMul.hMul.{0, 0, 0} 2 (DerridaRetaux.conditionalPositiveTotalVariation m p))
'DerridaRetaux.conditionalPositiveL1Error_eq_two_mul_totalVariation' depends on axioms: [propext,
 Classical.choice,
 Quot.sound]
DerridaRetaux.conditionalPositiveL1Error_le (m : Nat) (p : DerridaRetaux.ProbabilityMass) (hm : LE.le.{0} 2 m)
  (hcrit : DerridaRetaux.Critical m p) (B : Real) (hsurvival : LT.lt.{0} 0 (DerridaRetaux.survival p))
  (hdelta : DerridaRetaux.SupLE (DerridaRetaux.discreteDerivative (DerridaRetaux.rho m p)) B) :
  LE.le.{0} (DerridaRetaux.conditionalPositiveL1Error m p)
    (HDiv.hDiv.{0, 0, 0} (HMul.hMul.{0, 0, 0} 2 B)
      (HMul.hMul.{0, 0, 0} (DerridaRetaux.survivalReadout m p) (HPow.hPow.{0, 0, 0} (HSub.hSub.{0, 0, 0} (↑m) 1) 2)))
'DerridaRetaux.conditionalPositiveL1Error_le' depends on axioms: [propext, Classical.choice, Quot.sound]
DerridaRetaux.conditionalPositiveMass_eq_normalizedReadoutMass (m : Nat) (p : DerridaRetaux.ProbabilityMass)
  (hm : LE.le.{0} 2 m) (hcrit : DerridaRetaux.Critical m p) (hsurvival : LT.lt.{0} 0 (DerridaRetaux.survival p))
  (j : Nat) :
  Eq.{1} (DerridaRetaux.conditionalPositiveMass p j)
    (DerridaRetaux.normalizedReadoutMass m (DerridaRetaux.rho m p) (DerridaRetaux.survivalReadout m p) j)
'DerridaRetaux.conditionalPositiveMass_eq_normalizedReadoutMass' depends on axioms: [propext,
 Classical.choice,
 Quot.sound]
DerridaRetaux.constructedEndpointAtTime (p : Real) (Y Z : Real → Real) (t : Real) : Real
'DerridaRetaux.constructedEndpointAtTime' depends on axioms: [propext, Classical.choice, Quot.sound]
DerridaRetaux.constructedEndpointSlope (Z : Real → Real) (e : OrderIso.{0, 0} ↑(Set.Ioi.{0} 0) ↑(Set.Iio.{0} 0))
  (x : Real) : Real
'DerridaRetaux.constructedEndpointSlope' depends on axioms: [propext, Classical.choice, Quot.sound]
DerridaRetaux.constructedEndpointSolution (p : Real) (Y Z : Real → Real)
  (e : OrderIso.{0, 0} ↑(Set.Ioi.{0} 0) ↑(Set.Iio.{0} 0)) (x : Real) : Real
'DerridaRetaux.constructedEndpointSolution' depends on axioms: [propext, Classical.choice, Quot.sound]
DerridaRetaux.constructedEndpointSolution_pos_of_neg {p : Real} {Y Z f : Real → Real}
  (hmono : StrictMonoOn.{0, 0} f (Set.Ioi.{0} 0)) (hbij : Set.BijOn.{0, 0} f (Set.Ioi.{0} 0) (Set.Iio.{0} 0))
  (hp : Ne.{1} p 0) (hY : ∀ (t : Real), LT.lt.{0} 0 t → LT.lt.{0} 0 (Y t))
  (hZ : ∀ (t : Real), LT.lt.{0} 0 t → LT.lt.{0} 0 (Z t)) {x : Real} (hx : LT.lt.{0} x 0) :
  LT.lt.{0} 0 (DerridaRetaux.constructedEndpointSolution p Y Z (DerridaRetaux.coordinateOrderIso f hmono hbij) x)
'DerridaRetaux.constructedEndpointSolution_pos_of_neg' depends on axioms: [propext, Classical.choice, Quot.sound]
DerridaRetaux.constructedEntranceString_correctRightEnd {κ c C : Real} {A0 A2 A3 : Real → Real} (hκ : LT.lt.{0} 0 κ)
  (hc : LT.lt.{0} 0 c) (hC : LT.lt.{0} 0 C)
  (hA2 :
    ∀ (s : Real), LT.lt.{0} 0 s → HasDerivAt.{0, 0} A2 (HSub.hSub.{0, 0, 0} (HMul.hMul.{0, 0, 0} (A0 s) (A2 s)) 1) s)
  (hA3 : ∀ (s : Real), LT.lt.{0} 0 s → HasDerivAt.{0, 0} A3 (HMul.hMul.{0, 0, 0} (A0 s) (A3 s)) s)
  (hprodTop : Filter.Tendsto.{0, 0} (DerridaRetaux.stringA2Y κ A2 A3) Filter.atTop.{0} (nhds.{0} 0))
  (hbounds :
    ∀ (s : Real),
      LT.lt.{0} 0 s →
        And (LE.le.{0} (HMul.hMul.{0, 0, 0} c (HPow.hPow.{0, 0, 0} s 2)) (A3 s))
          (LE.le.{0} (A3 s) (HMul.hMul.{0, 0, 0} C (HPow.hPow.{0, 0, 0} s 2)))) :
  And (Eq.{1} (DerridaRetaux.EntranceString.endpoint (DerridaRetaux.constructedEntranceString κ A2 A3)) 0)
    (Filter.Tendsto.{0, 0} (DerridaRetaux.stringCumulative (DerridaRetaux.constructedEntranceString κ A2 A3))
      (nhdsWithin.{0} 0 (Set.Iio.{0} 0)) (nhds.{0} Top.top.{0}))
'DerridaRetaux.constructedEntranceString_correctRightEnd' depends on axioms: [propext, Classical.choice, Quot.sound]
DerridaRetaux.constructedEntranceString_hasRightEnd_zero {κ c C : Real} {A0 A2 A3 : Real → Real} (hκ : LT.lt.{0} 0 κ)
  (hc : LT.lt.{0} 0 c) (hC : LT.lt.{0} 0 C)
  (hA2 :
    ∀ (s : Real), LT.lt.{0} 0 s → HasDerivAt.{0, 0} A2 (HSub.hSub.{0, 0, 0} (HMul.hMul.{0, 0, 0} (A0 s) (A2 s)) 1) s)
  (hA3 : ∀ (s : Real), LT.lt.{0} 0 s → HasDerivAt.{0, 0} A3 (HMul.hMul.{0, 0, 0} (A0 s) (A3 s)) s)
  (hprodTop : Filter.Tendsto.{0, 0} (DerridaRetaux.stringA2Y κ A2 A3) Filter.atTop.{0} (nhds.{0} 0))
  (hbounds :
    ∀ (s : Real),
      LT.lt.{0} 0 s →
        And (LE.le.{0} (HMul.hMul.{0, 0, 0} c (HPow.hPow.{0, 0, 0} s 2)) (A3 s))
          (LE.le.{0} (A3 s) (HMul.hMul.{0, 0, 0} C (HPow.hPow.{0, 0, 0} s 2)))) :
  DerridaRetaux.HasRightEnd (DerridaRetaux.constructedEntranceString κ A2 A3) 0
'DerridaRetaux.constructedEntranceString_hasRightEnd_zero' depends on axioms: [propext, Classical.choice, Quot.sound]
DerridaRetaux.constructedEntranceString_hasSecondEntranceMoment {κ c C : Real} {A0 A2 A3 : Real → Real}
  (hκ : LT.lt.{0} 0 κ) (hc : LT.lt.{0} 0 c) (hC : LT.lt.{0} 0 C)
  (hA2 :
    ∀ (s : Real), LT.lt.{0} 0 s → HasDerivAt.{0, 0} A2 (HSub.hSub.{0, 0, 0} (HMul.hMul.{0, 0, 0} (A0 s) (A2 s)) 1) s)
  (hA3 : ∀ (s : Real), LT.lt.{0} 0 s → HasDerivAt.{0, 0} A3 (HMul.hMul.{0, 0, 0} (A0 s) (A3 s)) s)
  (hprodTop : Filter.Tendsto.{0, 0} (DerridaRetaux.stringA2Y κ A2 A3) Filter.atTop.{0} (nhds.{0} 0))
  (hbounds :
    ∀ (s : Real),
      LT.lt.{0} 0 s →
        And (LE.le.{0} (HMul.hMul.{0, 0, 0} c (HPow.hPow.{0, 0, 0} s 2)) (A3 s))
          (LE.le.{0} (A3 s) (HMul.hMul.{0, 0, 0} C (HPow.hPow.{0, 0, 0} s 2)))) :
  DerridaRetaux.HasSecondEntranceMoment (DerridaRetaux.constructedEntranceString κ A2 A3)
'DerridaRetaux.constructedEntranceString_hasSecondEntranceMoment' depends on axioms: [propext,
 Classical.choice,
 Quot.sound]
DerridaRetaux.constructedEntranceString_hasSingularCharacteristic {κ c C p : Real} {A0 A2 A3 Z : Real → Real}
  (hκ : LT.lt.{0} 0 κ) (hc : LT.lt.{0} 0 c) (hC : LT.lt.{0} 0 C) (hp : LT.lt.{0} 0 p)
  (hA2 :
    ∀ (s : Real), LT.lt.{0} 0 s → HasDerivAt.{0, 0} A2 (HSub.hSub.{0, 0, 0} (HMul.hMul.{0, 0, 0} (A0 s) (A2 s)) 1) s)
  (hA3 : ∀ (s : Real), LT.lt.{0} 0 s → HasDerivAt.{0, 0} A3 (HMul.hMul.{0, 0, 0} (A0 s) (A3 s)) s)
  (hprodTop : Filter.Tendsto.{0, 0} (DerridaRetaux.stringA2Y κ A2 A3) Filter.atTop.{0} (nhds.{0} 0))
  (hbounds :
    ∀ (s : Real),
      LT.lt.{0} 0 s →
        And (LE.le.{0} (HMul.hMul.{0, 0, 0} c (HPow.hPow.{0, 0, 0} s 2)) (A3 s))
          (LE.le.{0} (A3 s) (HMul.hMul.{0, 0, 0} C (HPow.hPow.{0, 0, 0} s 2))))
  (hZ :
    ∀ (s : Real),
      LT.lt.{0} 0 s →
        HasDerivAt.{0, 0} Z
          (HAdd.hAdd.{0, 0, 0} (HMul.hMul.{0, 0, 0} (A0 s) (Z s))
            (HMul.hMul.{0, 0, 0} (1 / 2) (HSub.hSub.{0, 0, 0} (HPow.hPow.{0, 0, 0} (Z s) 2) (HPow.hPow.{0, 0, 0} p 2))))
          s)
  (hInt : ∀ (s : Real), LT.lt.{0} 0 s → IntervalIntegrable.{0} Z MeasureTheory.volume.{0} 0 s)
  (hMeas : ∀ (s : Real), LT.lt.{0} 0 s → StronglyMeasurableAtFilter.{0, 0} Z (nhds.{0} s) MeasureTheory.volume.{0})
  (hCont : ∀ (s : Real), LT.lt.{0} 0 s → ContinuousAt.{0, 0} Z s)
  (hZpos : ∀ (s : Real), LT.lt.{0} 0 s → LT.lt.{0} 0 (Z s))
  (hPhi : Filter.Tendsto.{0, 0} (DerridaRetaux.constructedPhi Z) (nhdsWithin.{0} 0 (Set.Ioi.{0} 0)) (nhds.{0} 1))
  (hTime :
    Filter.Tendsto.{0, 0}
      (fun t =>
        HAdd.hAdd.{0, 0, 0} (DerridaRetaux.constructedEndpointAtTime p (DerridaRetaux.stringY κ A3) Z t)
          (DerridaRetaux.stringXi κ A2 A3 t))
      (nhdsWithin.{0} 0 (Set.Ioi.{0} 0)) (nhds.{0} (HDiv.hDiv.{0, 0, 0} (HMul.hMul.{0, 0, 0} (Neg.neg.{0} κ) p) 3)))
  (hEndpoint :
    Filter.Tendsto.{0, 0} (DerridaRetaux.constructedEndpointAtTime p (DerridaRetaux.stringY κ A3) Z) Filter.atTop.{0}
      (nhds.{0} 0)) :
  DerridaRetaux.HasSingularCharacteristic (DerridaRetaux.constructedEntranceString κ A2 A3)
    (Neg.neg.{0} (HDiv.hDiv.{0, 0, 0} (HPow.hPow.{0, 0, 0} p 2) 4))
    (HDiv.hDiv.{0, 0, 0} (HMul.hMul.{0, 0, 0} (Neg.neg.{0} κ) p) 3)
'DerridaRetaux.constructedEntranceString_hasSingularCharacteristic' depends on axioms: [propext,
 Classical.choice,
 Quot.sound]
DerridaRetaux.constructedEntranceString_hasSingularCharacteristic_of_representation {κ p : Real}
  {A2 A3 Y Z f phi : Real → Real} (hmono : StrictMonoOn.{0, 0} f (Set.Ioi.{0} 0))
  (hbij : Set.BijOn.{0, 0} f (Set.Ioi.{0} 0) (Set.Iio.{0} 0))
  (hvolterra :
    DerridaRetaux.IsEntranceNormalizedVolterraSolution (DerridaRetaux.constructedEntranceString κ A2 A3)
      (Neg.neg.{0} (HDiv.hDiv.{0, 0, 0} (HPow.hPow.{0, 0, 0} p 2) 4)) phi)
  (hrepresentation :
    ∀ᶠ (xi : Real) in Filter.atBot.{0},
      Eq.{1} (DerridaRetaux.constructedEndpointSolution p Y Z (DerridaRetaux.coordinateOrderIso f hmono hbij) xi)
        (HMul.hMul.{0, 0, 0} (phi xi) (∫ (v : Real) in xi..0, Inv.inv.{0} (HPow.hPow.{0, 0, 0} (phi v) 2))))
  {h : Real}
  (hexpansion :
    Filter.Tendsto.{0, 0}
      (fun xi =>
        HAdd.hAdd.{0, 0, 0}
          (DerridaRetaux.constructedEndpointSolution p Y Z (DerridaRetaux.coordinateOrderIso f hmono hbij) xi) xi)
      Filter.atBot.{0} (nhds.{0} h)) :
  DerridaRetaux.HasSingularCharacteristic (DerridaRetaux.constructedEntranceString κ A2 A3)
    (Neg.neg.{0} (HDiv.hDiv.{0, 0, 0} (HPow.hPow.{0, 0, 0} p 2) 4)) h
'DerridaRetaux.constructedEntranceString_hasSingularCharacteristic_of_representation' depends on axioms: [propext,
 Classical.choice,
 Quot.sound]
DerridaRetaux.constructedEntranceString_isEntranceType {κ c C : Real} {A0 A2 A3 : Real → Real} (hκ : LT.lt.{0} 0 κ)
  (hc : LT.lt.{0} 0 c) (hC : LT.lt.{0} 0 C)
  (hA2 :
    ∀ (s : Real), LT.lt.{0} 0 s → HasDerivAt.{0, 0} A2 (HSub.hSub.{0, 0, 0} (HMul.hMul.{0, 0, 0} (A0 s) (A2 s)) 1) s)
  (hA3 : ∀ (s : Real), LT.lt.{0} 0 s → HasDerivAt.{0, 0} A3 (HMul.hMul.{0, 0, 0} (A0 s) (A3 s)) s)
  (hprodTop : Filter.Tendsto.{0, 0} (DerridaRetaux.stringA2Y κ A2 A3) Filter.atTop.{0} (nhds.{0} 0))
  (hbounds :
    ∀ (s : Real),
      LT.lt.{0} 0 s →
        And (LE.le.{0} (HMul.hMul.{0, 0, 0} c (HPow.hPow.{0, 0, 0} s 2)) (A3 s))
          (LE.le.{0} (A3 s) (HMul.hMul.{0, 0, 0} C (HPow.hPow.{0, 0, 0} s 2)))) :
  DerridaRetaux.IsEntranceType (DerridaRetaux.constructedEntranceString κ A2 A3)
'DerridaRetaux.constructedEntranceString_isEntranceType' depends on axioms: [propext, Classical.choice, Quot.sound]
DerridaRetaux.constructedPhi (Z : Real → Real) (t : Real) : Real
'DerridaRetaux.constructedPhi' depends on axioms: [propext, Classical.choice, Quot.sound]
DerridaRetaux.constructed_stringCumulative_of_nonneg {κ c C : Real} {A0 A2 A3 : Real → Real} (hκ : LT.lt.{0} 0 κ)
  (hc : LT.lt.{0} 0 c) (hC : LT.lt.{0} 0 C)
  (hA2 :
    ∀ (s : Real), LT.lt.{0} 0 s → HasDerivAt.{0, 0} A2 (HSub.hSub.{0, 0, 0} (HMul.hMul.{0, 0, 0} (A0 s) (A2 s)) 1) s)
  (hA3 : ∀ (s : Real), LT.lt.{0} 0 s → HasDerivAt.{0, 0} A3 (HMul.hMul.{0, 0, 0} (A0 s) (A3 s)) s)
  (hbounds :
    ∀ (s : Real),
      LT.lt.{0} 0 s →
        And (LE.le.{0} (HMul.hMul.{0, 0, 0} c (HPow.hPow.{0, 0, 0} s 2)) (A3 s))
          (LE.le.{0} (A3 s) (HMul.hMul.{0, 0, 0} C (HPow.hPow.{0, 0, 0} s 2))))
  (hmono : StrictMonoOn.{0, 0} (DerridaRetaux.stringXi κ A2 A3) (Set.Ioi.{0} 0))
  (hbij : Set.BijOn.{0, 0} (DerridaRetaux.stringXi κ A2 A3) (Set.Ioi.{0} 0) (Set.Iio.{0} 0)) {x : Real}
  (hx : LE.le.{0} 0 x) :
  Eq.{1} (DerridaRetaux.stringCumulative (DerridaRetaux.constructedEntranceString κ A2 A3) x) Top.top.{0}
'DerridaRetaux.constructed_stringCumulative_of_nonneg' depends on axioms: [propext, Classical.choice, Quot.sound]
DerridaRetaux.continuous_density_eq_of_halfLine_laplace_eq {ρ : MeasureTheory.Measure.{0} ↑(Set.Ici.{0} 0)}
  [MeasureTheory.SigmaFinite.{0} ρ] [MeasureTheory.Measure.IsOpenPosMeasure.{0} ρ] {u v : ↑(Set.Ici.{0} 0) → Real}
  (hucont : Continuous.{0, 0} u) (hvcont : Continuous.{0, 0} v) (hu : ∀ (x : ↑(Set.Ici.{0} 0)), LE.le.{0} 0 (u x))
  (hv : ∀ (x : ↑(Set.Ici.{0} 0)), LE.le.{0} 0 (v x)) (huint : MeasureTheory.Integrable.{0, 0} u ρ)
  (hvint : MeasureTheory.Integrable.{0, 0} v ρ)
  (hLaplace :
    ∀ (p : Real),
      LT.lt.{0} 0 p →
        Eq.{1}
          (∫ (x : ↑(Set.Ici.{0} 0)), HMul.hMul.{0, 0, 0} (Real.exp (HMul.hMul.{0, 0, 0} (Neg.neg.{0} p) ↑x)) (u x) ∂ρ)
          (∫ (x : ↑(Set.Ici.{0} 0)),
            HMul.hMul.{0, 0, 0} (Real.exp (HMul.hMul.{0, 0, 0} (Neg.neg.{0} p) ↑x)) (v x) ∂ρ)) :
  Eq.{1} u v
'DerridaRetaux.continuous_density_eq_of_halfLine_laplace_eq' depends on axioms: [propext, Classical.choice, Quot.sound]
DerridaRetaux.conv (a b : DerridaRetaux.Seq) (n : Nat) : Real
'DerridaRetaux.conv' depends on axioms: [propext, Classical.choice, Quot.sound]
DerridaRetaux.conv_shiftLeft_conv_self (rho : DerridaRetaux.Seq) :
  Eq.{1} (DerridaRetaux.conv (DerridaRetaux.shiftLeft rho) (DerridaRetaux.conv rho rho))
    (HSub.hSub.{0, 0, 0} (DerridaRetaux.shiftLeft (DerridaRetaux.convPow 3 rho))
      (HSMul.hSMul.{0, 0, 0} (rho 0) (DerridaRetaux.shiftLeft (DerridaRetaux.conv rho rho))))
'DerridaRetaux.conv_shiftLeft_conv_self' depends on axioms: [propext, Classical.choice, Quot.sound]
DerridaRetaux.conv_shiftLeft_self (rho : DerridaRetaux.Seq) :
  Eq.{1} (DerridaRetaux.conv (DerridaRetaux.shiftLeft rho) (DerridaRetaux.shiftLeft rho))
    (HSub.hSub.{0, 0, 0} (DerridaRetaux.shiftLeft (DerridaRetaux.shiftLeft (DerridaRetaux.conv rho rho)))
      (HSMul.hSMul.{0, 0, 0} (HMul.hMul.{0, 0, 0} 2 (rho 0)) (DerridaRetaux.shiftLeft (DerridaRetaux.shiftLeft rho))))
'DerridaRetaux.conv_shiftLeft_self' depends on axioms: [propext, Classical.choice, Quot.sound]
DerridaRetaux.convolutionNorms_orbit_of_pointwise (m : Nat) (p₀ : DerridaRetaux.ProbabilityMass) (hm : LE.le.{0} 2 m)
  (hcrit : DerridaRetaux.Critical m p₀) (hthird : DerridaRetaux.TiltSummable m 3 p₀)
  (hnonconstant : Not (DerridaRetaux.IsDirac p₀))
  (hExcess : DerridaRetaux.CDHLSExcessFact m p₀ hm hcrit hthird hnonconstant)
  (hProduct : DerridaRetaux.CDHLSProductFact m p₀ hm hcrit hnonconstant) (B : Real) (hB : LE.le.{0} 0 B)
  (hSup :
    ∀ (n : Nat),
      DerridaRetaux.WeightedSupThreeLE (↑(HAdd.hAdd.{0, 0, 0} n 1))
        (DerridaRetaux.positiveTiltedDensity m (DerridaRetaux.orbit m p₀ n))
        (HDiv.hDiv.{0, 0, 0} B (HPow.hPow.{0, 0, 0} (↑(HAdd.hAdd.{0, 0, 0} n 1)) 2))) :
  ∃ A,
    And (LT.lt.{0} 0 A)
      (∀ (n r : Nat),
        And
          (LE.le.{0}
            (DerridaRetaux.weightedL1Three (↑(HAdd.hAdd.{0, 0, 0} n 1))
              (DerridaRetaux.convPow r (DerridaRetaux.positiveTiltedDensity m (DerridaRetaux.orbit m p₀ n))))
            (HPow.hPow.{0, 0, 0} (HDiv.hDiv.{0, 0, 0} A ↑(HAdd.hAdd.{0, 0, 0} n 1)) r))
          (DerridaRetaux.WeightedSupThreeLE (↑(HAdd.hAdd.{0, 0, 0} n 1))
            (DerridaRetaux.convPow (HAdd.hAdd.{0, 0, 0} r 1)
              (DerridaRetaux.positiveTiltedDensity m (DerridaRetaux.orbit m p₀ n)))
            (HMul.hMul.{0, 0, 0} (HDiv.hDiv.{0, 0, 0} B (HPow.hPow.{0, 0, 0} (↑(HAdd.hAdd.{0, 0, 0} n 1)) 2))
              (HPow.hPow.{0, 0, 0} (HDiv.hDiv.{0, 0, 0} A ↑(HAdd.hAdd.{0, 0, 0} n 1)) r))))
'DerridaRetaux.convolutionNorms_orbit_of_pointwise' depends on axioms: [propext, Classical.choice, Quot.sound]
DerridaRetaux.countable_diagonal_subsequence.{u_1} {Y : Nat → Type u_1} [(k : Nat) → TopologicalSpace.{u_1} (Y k)]
  [∀ (k : Nat), FirstCountableTopology.{u_1} (Y k)] (Q : (k : Nat) → Set.{u_1} (Y k))
  (hQ : ∀ (k : Nat), IsCompact.{u_1} (Q k)) (v : Nat → (k : Nat) → Y k)
  (hv : ∀ (n k : Nat), Membership.mem.{u_1, u_1} (Q k) (v n k)) :
  ∃ y phi,
    And (StrictMono.{0, 0} phi)
      (And (Filter.Tendsto.{0, 0} phi Filter.atTop.{0} Filter.atTop.{0})
        (∀ (k : Nat), Filter.Tendsto.{0, u_1} (fun n => v (phi n) k) Filter.atTop.{0} (nhds.{u_1} (y k))))
'DerridaRetaux.countable_diagonal_subsequence' depends on axioms: [propext, Classical.choice, Quot.sound]
DerridaRetaux.criticalProduct_bound_all_of_CDHLSProductFact (m : Nat) (p₀ : DerridaRetaux.ProbabilityMass)
  (hm : LE.le.{0} 2 m) (hcrit : DerridaRetaux.Critical m p₀) (hnonconstant : Not (DerridaRetaux.IsDirac p₀))
  (hProduct : DerridaRetaux.CDHLSProductFact m p₀ hm hcrit hnonconstant) :
  ∃ B,
    And (LT.lt.{0} 0 B)
      (∀ (n : Nat),
        LE.le.{0} (DerridaRetaux.criticalProduct m p₀ n)
          (HMul.hMul.{0, 0, 0} B (HPow.hPow.{0, 0, 0} (↑(HAdd.hAdd.{0, 0, 0} n 1)) 2)))
'DerridaRetaux.criticalProduct_bound_all_of_CDHLSProductFact' depends on axioms: [propext, Classical.choice, Quot.sound]
DerridaRetaux.critical_drStep (m : Nat) (p : DerridaRetaux.ProbabilityMass) (hm : LE.le.{0} 1 m)
  (h : DerridaRetaux.Critical m p) : DerridaRetaux.Critical m (DerridaRetaux.drStep m p)
'DerridaRetaux.critical_drStep' depends on axioms: [propext, Classical.choice, Quot.sound]
DerridaRetaux.critical_isDirac_eq_binary (m : Nat) (p : DerridaRetaux.ProbabilityMass) (hm : LE.le.{0} 2 m)
  (hcritical : DerridaRetaux.Critical m p) (hdirac : DerridaRetaux.IsDirac p) :
  And (Eq.{1} m 2) (Eq.{1} p (DerridaRetaux.diracMass 1))
'DerridaRetaux.critical_isDirac_eq_binary' depends on axioms: [propext, Classical.choice, Quot.sound]
DerridaRetaux.cubicAllocationIncrementMass_hasSum (m : Nat) (p : DerridaRetaux.ProbabilityMass) (hm : LE.le.{0} 2 m)
  (hcrit : DerridaRetaux.Critical m p) (hthird : DerridaRetaux.TiltSummable m 3 p) (k : Nat) :
  HasSum.{0, 0} (DerridaRetaux.cubicAllocationIncrementMass m p hm hcrit k)
    (DerridaRetaux.cubicAllocationIncrementValue m k (DerridaRetaux.zeroTilt m p)
      (DerridaRetaux.normalizedFactorialTwo m p))
'DerridaRetaux.cubicAllocationIncrementMass_hasSum' depends on axioms: [propext, Classical.choice, Quot.sound]
DerridaRetaux.cubicAllocationPMF (m : Nat) (p : DerridaRetaux.ProbabilityMass) (hm : LE.le.{0} 2 m)
  (hcrit : DerridaRetaux.Critical m p) (k : Nat) (hk : LT.lt.{0} 0 (DerridaRetaux.cubicCarrier m k)) :
  PMF.{0} (Fin (HSub.hSub.{0, 0, 0} m 1) → Nat)
'DerridaRetaux.cubicAllocationPMF' depends on axioms: [propext, Classical.choice, Quot.sound]
DerridaRetaux.cubicAllocationWeight (m : Nat) (p : DerridaRetaux.ProbabilityMass) (hm : LE.le.{0} 2 m)
  (hcrit : DerridaRetaux.Critical m p) (k : Nat) (y : Fin (HSub.hSub.{0, 0, 0} m 1) → Nat) : Real
'DerridaRetaux.cubicAllocationWeight' depends on axioms: [propext, Classical.choice, Quot.sound]
DerridaRetaux.cubicAllocationWeight_hasSum_one (m : Nat) (p : DerridaRetaux.ProbabilityMass) (hm : LE.le.{0} 2 m)
  (hcrit : DerridaRetaux.Critical m p) (k : Nat) (hk : LT.lt.{0} 0 (DerridaRetaux.cubicCarrier m k)) :
  HasSum.{0, 0} (DerridaRetaux.cubicAllocationWeight m p hm hcrit k) 1
'DerridaRetaux.cubicAllocationWeight_hasSum_one' depends on axioms: [propext, Classical.choice, Quot.sound]
DerridaRetaux.cubicAllocation_carrier_identity (r : Nat) (z : Fin (HAdd.hAdd.{0, 0, 0} r 1) → Nat) :
  Eq.{1} (∑ i, DerridaRetaux.cubicAllocation (HAdd.hAdd.{0, 0, 0} r 1) (z i) (Fin.removeNth.{1} i z))
    (DerridaRetaux.cubicCarrier (HAdd.hAdd.{0, 0, 0} r 1) (HSub.hSub.{0, 0, 0} (∑ i, z i) 1))
'DerridaRetaux.cubicAllocation_carrier_identity' depends on axioms: [propext, Classical.choice, Quot.sound]
DerridaRetaux.cubicAllocation_hasSum (m : Nat) (p : DerridaRetaux.ProbabilityMass) (hm : LE.le.{0} 2 m)
  (hcrit : DerridaRetaux.Critical m p) (k : Nat) :
  HasSum.{0, 0}
    (fun y =>
      HMul.hMul.{0, 0, 0} (DerridaRetaux.iidTupleWeight (DerridaRetaux.criticalTiltLaw m p hm hcrit) y)
        (DerridaRetaux.cubicAllocation m k y))
    (DerridaRetaux.cubicCarrier m k)
'DerridaRetaux.cubicAllocation_hasSum' depends on axioms: [propext, Classical.choice, Quot.sound]
DerridaRetaux.cubicCarrier_eq_fallingFactorials (m k : Nat) :
  Eq.{1} (DerridaRetaux.cubicCarrier m k)
    (HAdd.hAdd.{0, 0, 0}
      (HAdd.hAdd.{0, 0, 0} (DerridaRetaux.fallingFactorialThree k)
        (HMul.hMul.{0, 0, 0} (HAdd.hAdd.{0, 0, 0} 3 (DerridaRetaux.cubicChi m)) (DerridaRetaux.fallingFactorialTwo k)))
      (HMul.hMul.{0, 0, 0} (HMul.hMul.{0, 0, 0} 2 (DerridaRetaux.cubicChi m)) ↑k))
'DerridaRetaux.cubicCarrier_eq_fallingFactorials' depends on axioms: [propext, Classical.choice, Quot.sound]
DerridaRetaux.cubicCarrier_natPred (m V : Nat) :
  Eq.{1} (DerridaRetaux.cubicCarrier m (HSub.hSub.{0, 0, 0} V 1))
    (HAdd.hAdd.{0, 0, 0} (DerridaRetaux.fallingFactorialThree V)
      (HMul.hMul.{0, 0, 0} (DerridaRetaux.cubicChi m) (DerridaRetaux.fallingFactorialTwo V)))
'DerridaRetaux.cubicCarrier_natPred' depends on axioms: [propext, Classical.choice, Quot.sound]
DerridaRetaux.cubicCarrier_pos_iff_of_three_le (m k : Nat) (hm : LE.le.{0} 3 m) :
  Iff (LT.lt.{0} 0 (DerridaRetaux.cubicCarrier m k)) (LE.le.{0} 1 k)
'DerridaRetaux.cubicCarrier_pos_iff_of_three_le' depends on axioms: [propext, Classical.choice, Quot.sound]
DerridaRetaux.cubicCarrier_two (k : Nat) :
  Eq.{1} (DerridaRetaux.cubicCarrier 2 k) (HSub.hSub.{0, 0, 0} (HPow.hPow.{0, 0, 0} (↑k) 3) ↑k)
'DerridaRetaux.cubicCarrier_two' depends on axioms: [propext, Classical.choice, Quot.sound]
DerridaRetaux.cubicSizeBiasedLaw (m : Nat) (p : DerridaRetaux.ProbabilityMass) (hm : LE.le.{0} 2 m)
  (hcrit : DerridaRetaux.Critical m p) (hthird : DerridaRetaux.TiltSummable m 3 p)
  (hJ : LT.lt.{0} 0 (DerridaRetaux.normalizedCubicMoment m p)) : DerridaRetaux.ProbabilityMass
'DerridaRetaux.cubicSizeBiasedLaw' depends on axioms: [propext, Classical.choice, Quot.sound]
DerridaRetaux.cubicSizeBiasedPMF_bind_cubicSpineKernel (r : Nat) (p : DerridaRetaux.ProbabilityMass)
  (hm : LE.le.{0} 2 (HAdd.hAdd.{0, 0, 0} r 1)) (hcrit : DerridaRetaux.Critical (HAdd.hAdd.{0, 0, 0} r 1) p)
  (hthird : DerridaRetaux.TiltSummable (HAdd.hAdd.{0, 0, 0} r 1) 3 p)
  (hJ : LT.lt.{0} 0 (DerridaRetaux.normalizedCubicMoment (HAdd.hAdd.{0, 0, 0} r 1) p)) :
  Eq.{1}
    (PMF.bind.{0, 0} (DerridaRetaux.cubicSizeBiasedPMF (HAdd.hAdd.{0, 0, 0} r 1) p hm hcrit hthird hJ)
      (DerridaRetaux.cubicSpineKernel (HAdd.hAdd.{0, 0, 0} r 1) p hm hcrit))
    (DerridaRetaux.ProbabilityMass.toPMF
      (DerridaRetaux.cubicSpineOutputLaw (HAdd.hAdd.{0, 0, 0} r 1) p hm hcrit hthird hJ))
'DerridaRetaux.cubicSizeBiasedPMF_bind_cubicSpineKernel' depends on axioms: [propext, Classical.choice, Quot.sound]
DerridaRetaux.cubicSpineExpectedPositiveIncrement_eq_ratio (m : Nat) (p : DerridaRetaux.ProbabilityMass)
  (hm : LE.le.{0} 2 m) (hcrit : DerridaRetaux.Critical m p) (hthird : DerridaRetaux.TiltSummable m 3 p)
  (hJ : LT.lt.{0} 0 (DerridaRetaux.normalizedCubicMoment m p)) :
  Eq.{1} (DerridaRetaux.cubicSpineExpectedPositiveIncrement m p hm hcrit hthird hJ)
    (DerridaRetaux.spineIncrementRatio m (DerridaRetaux.zeroTilt m p) (DerridaRetaux.normalizedFactorialTwo m p)
      (DerridaRetaux.normalizedFactorialThree m p))
'DerridaRetaux.cubicSpineExpectedPositiveIncrement_eq_ratio' depends on axioms: [propext, Classical.choice, Quot.sound]
DerridaRetaux.cubicSpineExpectedPositiveIncrement_le_four (m : Nat) (p : DerridaRetaux.ProbabilityMass)
  (hm : LE.le.{0} 2 m) (hcrit : DerridaRetaux.Critical m p) (hthird : DerridaRetaux.TiltSummable m 3 p)
  (hJ : LT.lt.{0} 0 (DerridaRetaux.normalizedCubicMoment m p)) :
  LE.le.{0} (DerridaRetaux.cubicSpineExpectedPositiveIncrement m p hm hcrit hthird hJ) 4
'DerridaRetaux.cubicSpineExpectedPositiveIncrement_le_four' depends on axioms: [propext, Classical.choice, Quot.sound]
DerridaRetaux.cubicSpineKernel (m : Nat) (p : DerridaRetaux.ProbabilityMass) (hm : LE.le.{0} 2 m)
  (hcrit : DerridaRetaux.Critical m p) (k : Nat) : PMF.{0} Nat
'DerridaRetaux.cubicSpineKernel' depends on axioms: [propext, Classical.choice, Quot.sound]
DerridaRetaux.cubicSpineKernel_eq_pure_zero_of_carrier_eq_zero (m : Nat) (p : DerridaRetaux.ProbabilityMass)
  (hm : LE.le.{0} 2 m) (hcrit : DerridaRetaux.Critical m p) (k : Nat) (hk : Eq.{1} (DerridaRetaux.cubicCarrier m k) 0) :
  Eq.{1} (DerridaRetaux.cubicSpineKernel m p hm hcrit k) (PMF.pure.{0} 0)
'DerridaRetaux.cubicSpineKernel_eq_pure_zero_of_carrier_eq_zero' depends on axioms: [propext,
 Classical.choice,
 Quot.sound]
DerridaRetaux.cubicSpineKernel_two_one (p : DerridaRetaux.ProbabilityMass) (hcrit : DerridaRetaux.Critical 2 p) :
  Eq.{1} (DerridaRetaux.cubicSpineKernel 2 p ⋯ hcrit 1) (PMF.pure.{0} 0)
'DerridaRetaux.cubicSpineKernel_two_one' depends on axioms: [propext, Classical.choice, Quot.sound]
DerridaRetaux.cubicTailIntegrand_lowerSemicontinuous (delta : Real) :
  LowerSemicontinuous.{0, 0} (DerridaRetaux.cubicTailIntegrand delta)
'DerridaRetaux.cubicTailIntegrand_lowerSemicontinuous' depends on axioms: [propext, Classical.choice, Quot.sound]
DerridaRetaux.cubicWeight (L : Real) (j : Nat) : Real
'DerridaRetaux.cubicWeight' depends on axioms: [propext, Classical.choice, Quot.sound]
DerridaRetaux.cubicWeight_add_le_mul (L : Real) (hL : LE.le.{0} 1 L) (i j : Nat) :
  LE.le.{0} (DerridaRetaux.cubicWeight L (HAdd.hAdd.{0, 0, 0} i j))
    (HMul.hMul.{0, 0, 0} (DerridaRetaux.cubicWeight L i) (DerridaRetaux.cubicWeight L j))
'DerridaRetaux.cubicWeight_add_le_mul' depends on axioms: [propext, Classical.choice, Quot.sound]
DerridaRetaux.decrement_tendsto_of_exact_identity (m : Nat) (hm : LE.le.{0} 1 m) (survivalSeq excessSeq : Nat → Real)
  (P E : Real)
  (hsurvival :
    Filter.Tendsto.{0, 0} (fun n => HMul.hMul.{0, 0, 0} (HPow.hPow.{0, 0, 0} (↑n) 2) (survivalSeq n)) Filter.atTop.{0}
      (nhds.{0} P))
  (hexcess : Filter.Tendsto.{0, 0} (fun n => HMul.hMul.{0, 0, 0} (↑n) (excessSeq n)) Filter.atTop.{0} (nhds.{0} E))
  (hidentity :
    ∀ (n : Nat),
      Eq.{1} (HMul.hMul.{0, 0, 0} (↑m) (HSub.hSub.{0, 0, 0} (excessSeq n) (excessSeq (HAdd.hAdd.{0, 0, 0} n 1))))
        (HSub.hSub.{0, 0, 0}
          (HMul.hMul.{0, 0, 0} (HSub.hSub.{0, 0, 0} (↑m) 1)
            (HSub.hSub.{0, 0, 0} 1 (HPow.hPow.{0, 0, 0} (HSub.hSub.{0, 0, 0} 1 (survivalSeq n)) m)))
          (HSub.hSub.{0, 0, 0} (HSub.hSub.{0, 0, 0} (HPow.hPow.{0, 0, 0} (HAdd.hAdd.{0, 0, 0} 1 (excessSeq n)) m) 1)
            (HMul.hMul.{0, 0, 0} (↑m) (excessSeq n))))) :
  Filter.Tendsto.{0, 0}
    (fun n =>
      HMul.hMul.{0, 0, 0} (HPow.hPow.{0, 0, 0} (↑n) 2)
        (HSub.hSub.{0, 0, 0} (excessSeq n) (excessSeq (HAdd.hAdd.{0, 0, 0} n 1))))
    Filter.atTop.{0}
    (nhds.{0}
      (HDiv.hDiv.{0, 0, 0}
        (HSub.hSub.{0, 0, 0} (HMul.hMul.{0, 0, 0} (HSub.hSub.{0, 0, 0} (↑m) 1) (HMul.hMul.{0, 0, 0} (↑m) P))
          (HMul.hMul.{0, 0, 0} (↑(Nat.choose m 2)) (HPow.hPow.{0, 0, 0} E 2)))
        ↑m))
'DerridaRetaux.decrement_tendsto_of_exact_identity' depends on axioms: [propext, Classical.choice, Quot.sound]
DerridaRetaux.densityB (m : Nat) (p₀ : DerridaRetaux.ProbabilityMass) (s : Nat) : DerridaRetaux.Seq
'DerridaRetaux.densityB' depends on axioms: [propext, Classical.choice, Quot.sound]
DerridaRetaux.densityB_orbit_succ (m : Nat) (p₀ : DerridaRetaux.ProbabilityMass) (hm : LE.le.{0} 2 m)
  (hcrit : DerridaRetaux.Critical m p₀) (s : Nat) :
  Eq.{1} (DerridaRetaux.densityB m p₀ (HAdd.hAdd.{0, 0, 0} s 1))
    (HAdd.hAdd.{0, 0, 0}
      (HSMul.hSMul.{0, 0, 0} (HPow.hPow.{0, 0, 0} (DerridaRetaux.transportCoeff m (DerridaRetaux.orbit m p₀ s)) 2)
        (DerridaRetaux.shiftLeft (DerridaRetaux.shiftLeft (DerridaRetaux.densityB m p₀ s))))
      (DerridaRetaux.densityR m p₀ s))
'DerridaRetaux.densityB_orbit_succ' depends on axioms: [propext, Classical.choice, Quot.sound]
DerridaRetaux.densityCoeff_nonneg_and_le_choose (m r : Nat) (p : DerridaRetaux.ProbabilityMass) (hm : LE.le.{0} 2 m)
  (hcrit : DerridaRetaux.Critical m p) :
  And (LE.le.{0} 0 (DerridaRetaux.densityCoeff m r p)) (LE.le.{0} (DerridaRetaux.densityCoeff m r p) ↑(Nat.choose m r))
'DerridaRetaux.densityCoeff_nonneg_and_le_choose' depends on axioms: [propext, Classical.choice, Quot.sound]
DerridaRetaux.densityE_orbit_weightedL1_order_three (m : Nat) (p₀ : DerridaRetaux.ProbabilityMass) (hm : LE.le.{0} 2 m)
  (hcrit : DerridaRetaux.Critical m p₀) (hthird : DerridaRetaux.TiltSummable m 3 p₀) (A B : Real) (hA : LE.le.{0} 0 A)
  (hB : LE.le.{0} 0 B)
  (hL1 :
    ∀ (n : Nat),
      LE.le.{0}
        (DerridaRetaux.weightedL1Three (↑(HAdd.hAdd.{0, 0, 0} n 1))
          (DerridaRetaux.positiveTiltedDensity m (DerridaRetaux.orbit m p₀ n)))
        (HDiv.hDiv.{0, 0, 0} A ↑(HAdd.hAdd.{0, 0, 0} n 1)))
  (hSup :
    ∀ (n : Nat),
      DerridaRetaux.WeightedSupThreeLE (↑(HAdd.hAdd.{0, 0, 0} n 1))
        (DerridaRetaux.positiveTiltedDensity m (DerridaRetaux.orbit m p₀ n))
        (HDiv.hDiv.{0, 0, 0} B (HPow.hPow.{0, 0, 0} (↑(HAdd.hAdd.{0, 0, 0} n 1)) 2)))
  (s : Nat) :
  LE.le.{0} (DerridaRetaux.weightedL1Three (↑(HAdd.hAdd.{0, 0, 0} s 1)) (DerridaRetaux.densityE m p₀ s))
    (HDiv.hDiv.{0, 0, 0} (DerridaRetaux.densityEOrbitL1Constant m A)
      (HPow.hPow.{0, 0, 0} (↑(HAdd.hAdd.{0, 0, 0} s 1)) 3))
'DerridaRetaux.densityE_orbit_weightedL1_order_three' depends on axioms: [propext, Classical.choice, Quot.sound]
DerridaRetaux.densityE_orbit_weightedSup_order_four (m : Nat) (p₀ : DerridaRetaux.ProbabilityMass) (hm : LE.le.{0} 2 m)
  (hcrit : DerridaRetaux.Critical m p₀) (hthird : DerridaRetaux.TiltSummable m 3 p₀) (A B : Real) (hA : LE.le.{0} 0 A)
  (hB : LE.le.{0} 0 B)
  (hL1 :
    ∀ (n : Nat),
      LE.le.{0}
        (DerridaRetaux.weightedL1Three (↑(HAdd.hAdd.{0, 0, 0} n 1))
          (DerridaRetaux.positiveTiltedDensity m (DerridaRetaux.orbit m p₀ n)))
        (HDiv.hDiv.{0, 0, 0} A ↑(HAdd.hAdd.{0, 0, 0} n 1)))
  (hSup :
    ∀ (n : Nat),
      DerridaRetaux.WeightedSupThreeLE (↑(HAdd.hAdd.{0, 0, 0} n 1))
        (DerridaRetaux.positiveTiltedDensity m (DerridaRetaux.orbit m p₀ n))
        (HDiv.hDiv.{0, 0, 0} B (HPow.hPow.{0, 0, 0} (↑(HAdd.hAdd.{0, 0, 0} n 1)) 2)))
  (s : Nat) :
  DerridaRetaux.WeightedSupThreeLE (↑(HAdd.hAdd.{0, 0, 0} s 1)) (DerridaRetaux.densityE m p₀ s)
    (HDiv.hDiv.{0, 0, 0} (DerridaRetaux.densityEOrbitSupConstant m A B)
      (HPow.hPow.{0, 0, 0} (↑(HAdd.hAdd.{0, 0, 0} s 1)) 4))
'DerridaRetaux.densityE_orbit_weightedSup_order_four' depends on axioms: [propext, Classical.choice, Quot.sound]
DerridaRetaux.densityE_two (p₀ : DerridaRetaux.ProbabilityMass) (s : Nat) : Eq.{1} (DerridaRetaux.densityE 2 p₀ s) 0
'DerridaRetaux.densityE_two' depends on axioms: [propext, Classical.choice, Quot.sound]
DerridaRetaux.densityHigherSegment_orbit_scaled_tendsto_zero_on_annulus (m : Nat) (p₀ : DerridaRetaux.ProbabilityMass)
  (hm : LE.le.{0} 2 m) (hcrit : DerridaRetaux.Critical m p₀) (hthird : DerridaRetaux.TiltSummable m 3 p₀) (A B : Real)
  (hA : LE.le.{0} 0 A) (hB : LE.le.{0} 0 B)
  (hL1 :
    ∀ (s : Nat),
      LE.le.{0}
        (DerridaRetaux.weightedL1Three (DerridaRetaux.profileScale s)
          (DerridaRetaux.positiveTiltedDensity m (DerridaRetaux.orbit m p₀ s)))
        (HDiv.hDiv.{0, 0, 0} A (DerridaRetaux.profileScale s)))
  (hSup :
    ∀ (s : Nat),
      DerridaRetaux.WeightedSupThreeLE (DerridaRetaux.profileScale s)
        (DerridaRetaux.positiveTiltedDensity m (DerridaRetaux.orbit m p₀ s))
        (HDiv.hDiv.{0, 0, 0} B (HPow.hPow.{0, 0, 0} (DerridaRetaux.profileScale s) 2)))
  (eta T : Real) (heta : LT.lt.{0} 0 eta) (hT : LE.le.{0} 0 T) (a n j : Nat → Nat)
  (han : ∀ᶠ (N : Nat) in Filter.atTop.{0}, LE.le.{0} (a N) (n N))
  (ha : ∀ᶠ (N : Nat) in Filter.atTop.{0}, LE.le.{0} (HMul.hMul.{0, 0, 0} eta ↑N) (DerridaRetaux.profileScale (a N)))
  (hspan :
    ∀ᶠ (N : Nat) in Filter.atTop.{0}, LE.le.{0} (↑(HSub.hSub.{0, 0, 0} (n N) (a N))) (HMul.hMul.{0, 0, 0} T ↑N)) :
  Filter.Tendsto.{0, 0}
    (fun N =>
      HMul.hMul.{0, 0, 0} (HPow.hPow.{0, 0, 0} (↑N) 2) (DerridaRetaux.densityHigherSegment m p₀ (a N) (n N) (j N)))
    Filter.atTop.{0} (nhds.{0} 0)
'DerridaRetaux.densityHigherSegment_orbit_scaled_tendsto_zero_on_annulus' depends on axioms: [propext,
 Classical.choice,
 Quot.sound]
DerridaRetaux.densityHigherSegment_scaled_abs_le_const_div (m : Nat) (p₀ : DerridaRetaux.ProbabilityMass)
  (hm : LE.le.{0} 2 m) (hcrit : DerridaRetaux.Critical m p₀) (CE : Real) (hCE : LE.le.{0} 0 CE)
  (hE :
    ∀ (s : Nat),
      DerridaRetaux.WeightedSupThreeLE (DerridaRetaux.profileScale s) (DerridaRetaux.densityE m p₀ s)
        (HDiv.hDiv.{0, 0, 0} CE (HPow.hPow.{0, 0, 0} (DerridaRetaux.profileScale s) 4)))
  (eta T : Real) (heta : LT.lt.{0} 0 eta) (hT : LE.le.{0} 0 T) (N a n j : Nat) (hN : LE.le.{0} 1 N)
  (han : LE.le.{0} a n) (ha : LE.le.{0} (HMul.hMul.{0, 0, 0} eta ↑N) (DerridaRetaux.profileScale a))
  (hspan : LE.le.{0} (↑(HSub.hSub.{0, 0, 0} n a)) (HMul.hMul.{0, 0, 0} T ↑N)) :
  LE.le.{0} (abs.{0} (HMul.hMul.{0, 0, 0} (HPow.hPow.{0, 0, 0} (↑N) 2) (DerridaRetaux.densityHigherSegment m p₀ a n j)))
    (HDiv.hDiv.{0, 0, 0} (HDiv.hDiv.{0, 0, 0} (HMul.hMul.{0, 0, 0} T CE) (HPow.hPow.{0, 0, 0} eta 4)) ↑N)
'DerridaRetaux.densityHigherSegment_scaled_abs_le_const_div' depends on axioms: [propext, Classical.choice, Quot.sound]
DerridaRetaux.densityHigherSegment_scaled_tendsto_zero_of_order_four_on_annulus (m : Nat)
  (p₀ : DerridaRetaux.ProbabilityMass) (hm : LE.le.{0} 2 m) (hcrit : DerridaRetaux.Critical m p₀) (CE : Real)
  (hCE : LE.le.{0} 0 CE)
  (hE :
    ∀ (s : Nat),
      DerridaRetaux.WeightedSupThreeLE (DerridaRetaux.profileScale s) (DerridaRetaux.densityE m p₀ s)
        (HDiv.hDiv.{0, 0, 0} CE (HPow.hPow.{0, 0, 0} (DerridaRetaux.profileScale s) 4)))
  (eta T : Real) (heta : LT.lt.{0} 0 eta) (hT : LE.le.{0} 0 T) (a n j : Nat → Nat)
  (han : ∀ᶠ (N : Nat) in Filter.atTop.{0}, LE.le.{0} (a N) (n N))
  (ha : ∀ᶠ (N : Nat) in Filter.atTop.{0}, LE.le.{0} (HMul.hMul.{0, 0, 0} eta ↑N) (DerridaRetaux.profileScale (a N)))
  (hspan :
    ∀ᶠ (N : Nat) in Filter.atTop.{0}, LE.le.{0} (↑(HSub.hSub.{0, 0, 0} (n N) (a N))) (HMul.hMul.{0, 0, 0} T ↑N)) :
  Filter.Tendsto.{0, 0}
    (fun N =>
      HMul.hMul.{0, 0, 0} (HPow.hPow.{0, 0, 0} (↑N) 2) (DerridaRetaux.densityHigherSegment m p₀ (a N) (n N) (j N)))
    Filter.atTop.{0} (nhds.{0} 0)
'DerridaRetaux.densityHigherSegment_scaled_tendsto_zero_of_order_four_on_annulus' depends on axioms: [propext,
 Classical.choice,
 Quot.sound]
DerridaRetaux.densityHigherSegment_supLE_of_orbit_bounds (m : Nat) (p₀ : DerridaRetaux.ProbabilityMass)
  (hm : LE.le.{0} 2 m) (hcrit : DerridaRetaux.Critical m p₀) (hthird : DerridaRetaux.TiltSummable m 3 p₀) (A B : Real)
  (hA : LE.le.{0} 0 A) (hB : LE.le.{0} 0 B)
  (hL1 :
    ∀ (n : Nat),
      LE.le.{0}
        (DerridaRetaux.weightedL1Three (DerridaRetaux.profileScale n)
          (DerridaRetaux.positiveTiltedDensity m (DerridaRetaux.orbit m p₀ n)))
        (HDiv.hDiv.{0, 0, 0} A (DerridaRetaux.profileScale n)))
  (hSup :
    ∀ (n : Nat),
      DerridaRetaux.WeightedSupThreeLE (DerridaRetaux.profileScale n)
        (DerridaRetaux.positiveTiltedDensity m (DerridaRetaux.orbit m p₀ n))
        (HDiv.hDiv.{0, 0, 0} B (HPow.hPow.{0, 0, 0} (DerridaRetaux.profileScale n) 2)))
  {a n : Nat} (han : LE.le.{0} a n) :
  DerridaRetaux.SupLE (DerridaRetaux.densityHigherSegment m p₀ a n)
    (HDiv.hDiv.{0, 0, 0}
      (HMul.hMul.{0, 0, 0} (↑(HSub.hSub.{0, 0, 0} n a)) (DerridaRetaux.densityEOrbitSupConstant m A B))
      (HPow.hPow.{0, 0, 0} (DerridaRetaux.profileScale a) 4))
'DerridaRetaux.densityHigherSegment_supLE_of_orbit_bounds' depends on axioms: [propext, Classical.choice, Quot.sound]
DerridaRetaux.densityHigherSegment_supLE_of_order_four (m : Nat) (p₀ : DerridaRetaux.ProbabilityMass)
  (hm : LE.le.{0} 2 m) (hcrit : DerridaRetaux.Critical m p₀) (CE : Real) (hCE : LE.le.{0} 0 CE)
  (hE :
    ∀ (s : Nat),
      DerridaRetaux.WeightedSupThreeLE (DerridaRetaux.profileScale s) (DerridaRetaux.densityE m p₀ s)
        (HDiv.hDiv.{0, 0, 0} CE (HPow.hPow.{0, 0, 0} (DerridaRetaux.profileScale s) 4)))
  {a n : Nat} (_han : LE.le.{0} a n) :
  DerridaRetaux.SupLE (DerridaRetaux.densityHigherSegment m p₀ a n)
    (HDiv.hDiv.{0, 0, 0} (HMul.hMul.{0, 0, 0} (↑(HSub.hSub.{0, 0, 0} n a)) CE)
      (HPow.hPow.{0, 0, 0} (DerridaRetaux.profileScale a) 4))
'DerridaRetaux.densityHigherSegment_supLE_of_order_four' depends on axioms: [propext, Classical.choice, Quot.sound]
DerridaRetaux.densityInitialSegment_weightedSup_bound (m : Nat) (p₀ : DerridaRetaux.ProbabilityMass)
  (hm : LE.le.{0} 2 m) (hcrit : DerridaRetaux.Critical m p₀) (B : Real) (hB : LE.le.{0} 0 B)
  (hSup :
    ∀ (s : Nat),
      DerridaRetaux.WeightedSupThreeLE (DerridaRetaux.profileScale s)
        (DerridaRetaux.positiveTiltedDensity m (DerridaRetaux.orbit m p₀ s))
        (HDiv.hDiv.{0, 0, 0} B (HPow.hPow.{0, 0, 0} (DerridaRetaux.profileScale s) 2)))
  {a n : Nat} (_han : LE.le.{0} a n) (hn : LE.le.{0} 2 n) :
  DerridaRetaux.WeightedSupThreeLE (DerridaRetaux.profileScale n) (DerridaRetaux.densityInitialSegment m p₀ a n)
    (HMul.hMul.{0, 0, 0}
      (HDiv.hDiv.{0, 0, 0} (HMul.hMul.{0, 0, 0} 27 B) (HPow.hPow.{0, 0, 0} (DerridaRetaux.profileScale n) 3))
      ↑(HAdd.hAdd.{0, 0, 0} a 1))
'DerridaRetaux.densityInitialSegment_weightedSup_bound' depends on axioms: [propext, Classical.choice, Quot.sound]
DerridaRetaux.densityLateSegment (m : Nat) (p₀ : DerridaRetaux.ProbabilityMass) (a n : Nat) : DerridaRetaux.Seq
'DerridaRetaux.densityLateSegment' depends on axioms: [propext, Classical.choice, Quot.sound]
DerridaRetaux.densityLateSegment_derivative_weightedSup_log_bound (m : Nat) (p₀ : DerridaRetaux.ProbabilityMass)
  (hm : LE.le.{0} 2 m) (hcrit : DerridaRetaux.Critical m p₀) (hthird : DerridaRetaux.TiltSummable m 3 p₀)
  (hnotBinaryFixedPoint : Not (And (Eq.{1} m 2) (Eq.{1} p₀ (DerridaRetaux.diracMass 1)))) (A B K Cv CE CR : Real)
  (hA : LE.le.{0} 0 A) (hB : LE.le.{0} 0 B) (hK : LT.lt.{0} 0 K) (hCv : LE.le.{0} 0 Cv) (hCE : LE.le.{0} 0 CE)
  (hCR : LE.le.{0} 0 CR)
  (hL1 :
    ∀ (s : Nat),
      LE.le.{0}
        (DerridaRetaux.weightedL1Three (DerridaRetaux.profileScale s)
          (DerridaRetaux.positiveTiltedDensity m (DerridaRetaux.orbit m p₀ s)))
        (HDiv.hDiv.{0, 0, 0} A (DerridaRetaux.profileScale s)))
  (hSup :
    ∀ (s : Nat),
      DerridaRetaux.WeightedSupThreeLE (DerridaRetaux.profileScale s)
        (DerridaRetaux.positiveTiltedDensity m (DerridaRetaux.orbit m p₀ s))
        (HDiv.hDiv.{0, 0, 0} B (HPow.hPow.{0, 0, 0} (DerridaRetaux.profileScale s) 2)))
  (hinv : ∀ (r : Nat), LE.le.{0} (Inv.inv.{0} (DerridaRetaux.transportCoeff m (DerridaRetaux.orbit m p₀ r))) K)
  (hdefect :
    ∀ (r : Nat),
      LE.le.{0} (abs.{0} (HSub.hSub.{0, 0, 0} 1 (DerridaRetaux.transportCoeff m (DerridaRetaux.orbit m p₀ r))))
        (HDiv.hDiv.{0, 0, 0} Cv (HPow.hPow.{0, 0, 0} (DerridaRetaux.profileScale r) 2)))
  (hdVariation :
    ∀ (r : Nat),
      LE.le.{0} 1 r →
        LE.le.{0}
          (abs.{0}
            (HSub.hSub.{0, 0, 0} (DerridaRetaux.densityD m p₀ r)
              (DerridaRetaux.densityD m p₀ (HSub.hSub.{0, 0, 0} r 1))))
          (HDiv.hDiv.{0, 0, 0} Cv (HPow.hPow.{0, 0, 0} (DerridaRetaux.profileScale r) 2)))
  (hE :
    ∀ (s : Nat),
      DerridaRetaux.WeightedSupThreeLE (DerridaRetaux.profileScale s) (DerridaRetaux.densityE m p₀ s)
        (HDiv.hDiv.{0, 0, 0} CE (HPow.hPow.{0, 0, 0} (DerridaRetaux.profileScale s) 4)))
  (hR :
    ∀ (s : Nat),
      DerridaRetaux.WeightedSupThreeLE (DerridaRetaux.profileScale s) (DerridaRetaux.densityR m p₀ s)
        (HDiv.hDiv.{0, 0, 0} CR (HPow.hPow.{0, 0, 0} (DerridaRetaux.profileScale s) 4)))
  {a n : Nat} (han : LE.le.{0} a n) (hspan : LT.lt.{0} (HAdd.hAdd.{0, 0, 0} a 1) n) (hn : LE.le.{0} 2 n) :
  DerridaRetaux.WeightedSupThreeLE (DerridaRetaux.profileScale n)
    (DerridaRetaux.discreteDerivative (DerridaRetaux.densityLateSegment m p₀ a n))
    (HMul.hMul.{0, 0, 0}
      (HDiv.hDiv.{0, 0, 0} (DerridaRetaux.densityLateSegmentDerivativeConstant m A B K Cv CE CR)
        (HPow.hPow.{0, 0, 0} (DerridaRetaux.profileScale n) 3))
      (HAdd.hAdd.{0, 0, 0} 1
        (Real.log (HDiv.hDiv.{0, 0, 0} (DerridaRetaux.profileScale n) (DerridaRetaux.profileScale a)))))
'DerridaRetaux.densityLateSegment_derivative_weightedSup_log_bound' depends on axioms: [propext,
 Classical.choice,
 Quot.sound]
DerridaRetaux.densityNonlinearSource_orbit_le_of_weightedL1 (m : Nat) (p₀ : DerridaRetaux.ProbabilityMass)
  (hm : LE.le.{0} 2 m) (hcrit : DerridaRetaux.Critical m p₀) (hthird : DerridaRetaux.TiltSummable m 3 p₀) (A : Real)
  (hA : LE.le.{0} 0 A)
  (hL1 :
    ∀ (s : Nat),
      LE.le.{0}
        (DerridaRetaux.weightedL1Three (↑(HAdd.hAdd.{0, 0, 0} s 1))
          (DerridaRetaux.positiveTiltedDensity m (DerridaRetaux.orbit m p₀ s)))
        (HDiv.hDiv.{0, 0, 0} A ↑(HAdd.hAdd.{0, 0, 0} s 1)))
  (s j : Nat) :
  LE.le.{0} (DerridaRetaux.densityNonlinearSource m p₀ s j)
    (HDiv.hDiv.{0, 0, 0} (DerridaRetaux.densitySourceMajorant m A) (HPow.hPow.{0, 0, 0} (↑(HAdd.hAdd.{0, 0, 0} s 1)) 2))
'DerridaRetaux.densityNonlinearSource_orbit_le_of_weightedL1' depends on axioms: [propext, Classical.choice, Quot.sound]
DerridaRetaux.densityProfilePrefixL1Error_linearCutoff_tendsto_zero_of_compact (f : Nat → DerridaRetaux.Seq)
  (hprofile :
    ∀ (R : Real),
      LE.le.{0} 0 R →
        ∃ error,
          And (Filter.Tendsto.{0, 0} error Filter.atTop.{0} (nhds.{0} 0))
            (∀ (n : Nat),
              LT.lt.{0} 0 n →
                ∀ (x : Real),
                  LE.le.{0} 0 x →
                    LE.le.{0} x R →
                      LE.le.{0}
                        (abs.{0}
                          (HSub.hSub.{0, 0, 0}
                            (HMul.hMul.{0, 0, 0} (HPow.hPow.{0, 0, 0} (↑n) 2) (f n (DerridaRetaux.gridIndex n x)))
                            (HMul.hMul.{0, 0, 0} 4 (Real.exp (HMul.hMul.{0, 0, 0} (-2) x)))))
                        (error n)))
  (M : Nat) :
  Filter.Tendsto.{0, 0} (DerridaRetaux.densityProfilePrefixL1Error f (DerridaRetaux.linearProfileCutoff M))
    Filter.atTop.{0} (nhds.{0} 0)
'DerridaRetaux.densityProfilePrefixL1Error_linearCutoff_tendsto_zero_of_compact' depends on axioms: [propext,
 Classical.choice,
 Quot.sound]
DerridaRetaux.densityQuadraticKernel_succ (m : Nat) (p₀ : DerridaRetaux.ProbabilityMass) (hm : LE.le.{0} 2 m)
  (hcrit : DerridaRetaux.Critical m p₀) {s n : Nat} (hsn : LT.lt.{0} (HAdd.hAdd.{0, 0, 0} s 1) n) :
  Eq.{1} (DerridaRetaux.densityQuadraticKernel m p₀ n (HAdd.hAdd.{0, 0, 0} s 1))
    (HAdd.hAdd.{0, 0, 0}
      (HSMul.hSMul.{0, 0, 0} (HPow.hPow.{0, 0, 0} (DerridaRetaux.transportCoeff m (DerridaRetaux.orbit m p₀ s)) 2)
        (DerridaRetaux.shiftLeft (DerridaRetaux.densityQuadraticKernel m p₀ n s)))
      (Nat.iterate.{1} DerridaRetaux.shiftLeft (HSub.hSub.{0, 0, 0} (HSub.hSub.{0, 0, 0} n 2) s)
        (DerridaRetaux.densityR m p₀ s)))
'DerridaRetaux.densityQuadraticKernel_succ' depends on axioms: [propext, Classical.choice, Quot.sound]
DerridaRetaux.densityQuadraticSegment_derivative_weightedSup_log_bound (m : Nat) (p₀ : DerridaRetaux.ProbabilityMass)
  (hm : LE.le.{0} 2 m) (hcrit : DerridaRetaux.Critical m p₀) (hthird : DerridaRetaux.TiltSummable m 3 p₀)
  (hnotBinaryFixedPoint : Not (And (Eq.{1} m 2) (Eq.{1} p₀ (DerridaRetaux.diracMass 1)))) (A B K Cv CR : Real)
  (hA : LE.le.{0} 0 A) (hB : LE.le.{0} 0 B) (hK : LT.lt.{0} 0 K) (hCv : LE.le.{0} 0 Cv) (hCR : LE.le.{0} 0 CR)
  (hL1 :
    ∀ (s : Nat),
      LE.le.{0}
        (DerridaRetaux.weightedL1Three (DerridaRetaux.profileScale s)
          (DerridaRetaux.positiveTiltedDensity m (DerridaRetaux.orbit m p₀ s)))
        (HDiv.hDiv.{0, 0, 0} A (DerridaRetaux.profileScale s)))
  (hSup :
    ∀ (s : Nat),
      DerridaRetaux.WeightedSupThreeLE (DerridaRetaux.profileScale s)
        (DerridaRetaux.positiveTiltedDensity m (DerridaRetaux.orbit m p₀ s))
        (HDiv.hDiv.{0, 0, 0} B (HPow.hPow.{0, 0, 0} (DerridaRetaux.profileScale s) 2)))
  (hinv : ∀ (r : Nat), LE.le.{0} (Inv.inv.{0} (DerridaRetaux.transportCoeff m (DerridaRetaux.orbit m p₀ r))) K)
  (hdefect :
    ∀ (r : Nat),
      LE.le.{0} (abs.{0} (HSub.hSub.{0, 0, 0} 1 (DerridaRetaux.transportCoeff m (DerridaRetaux.orbit m p₀ r))))
        (HDiv.hDiv.{0, 0, 0} Cv (HPow.hPow.{0, 0, 0} (DerridaRetaux.profileScale r) 2)))
  (hdVariation :
    ∀ (r : Nat),
      LE.le.{0} 1 r →
        LE.le.{0}
          (abs.{0}
            (HSub.hSub.{0, 0, 0} (DerridaRetaux.densityD m p₀ r)
              (DerridaRetaux.densityD m p₀ (HSub.hSub.{0, 0, 0} r 1))))
          (HDiv.hDiv.{0, 0, 0} Cv (HPow.hPow.{0, 0, 0} (DerridaRetaux.profileScale r) 2)))
  (hR :
    ∀ (s : Nat),
      DerridaRetaux.WeightedSupThreeLE (DerridaRetaux.profileScale s) (DerridaRetaux.densityR m p₀ s)
        (HDiv.hDiv.{0, 0, 0} CR (HPow.hPow.{0, 0, 0} (DerridaRetaux.profileScale s) 4)))
  {a n : Nat} (han : LE.le.{0} a n) (hspan : LT.lt.{0} (HAdd.hAdd.{0, 0, 0} a 1) n) (hn : LE.le.{0} 2 n) :
  DerridaRetaux.WeightedSupThreeLE (DerridaRetaux.profileScale n)
    (DerridaRetaux.discreteDerivative (DerridaRetaux.densityQuadraticSegment m p₀ a n))
    (HMul.hMul.{0, 0, 0}
      (HDiv.hDiv.{0, 0, 0}
        (HMul.hMul.{0, 0, 0} 2 (DerridaRetaux.densityQuadraticSegmentDerivativeConstant m A B K Cv CR))
        (HPow.hPow.{0, 0, 0} (DerridaRetaux.profileScale n) 3))
      (HAdd.hAdd.{0, 0, 0} 1
        (Real.log (HDiv.hDiv.{0, 0, 0} (DerridaRetaux.profileScale n) (DerridaRetaux.profileScale a)))))
'DerridaRetaux.densityQuadraticSegment_derivative_weightedSup_log_bound' depends on axioms: [propext,
 Classical.choice,
 Quot.sound]
DerridaRetaux.densityQuadraticSegment_eq_weightedKernelSum (m : Nat) (p₀ : DerridaRetaux.ProbabilityMass) (a n : Nat) :
  Eq.{1} (DerridaRetaux.densityQuadraticSegment m p₀ a n) fun j =>
    ∑ s ∈ Finset.Ico.{0} a n,
      HMul.hMul.{0, 0, 0} (DerridaRetaux.densityQuadraticWeight m p₀ s n)
        (DerridaRetaux.densityQuadraticKernel m p₀ n s j)
'DerridaRetaux.densityQuadraticSegment_eq_weightedKernelSum' depends on axioms: [propext, Classical.choice, Quot.sound]
DerridaRetaux.densityR (m : Nat) (p₀ : DerridaRetaux.ProbabilityMass) (s : Nat) : DerridaRetaux.Seq
'DerridaRetaux.densityR' depends on axioms: [propext, Classical.choice, Quot.sound]
DerridaRetaux.densityR_apply (m : Nat) (p₀ : DerridaRetaux.ProbabilityMass) (s j : Nat) :
  Eq.{1} (DerridaRetaux.densityR m p₀ s j)
    (HAdd.hAdd.{0, 0, 0}
      (HAdd.hAdd.{0, 0, 0}
        (HAdd.hAdd.{0, 0, 0}
          (HSub.hSub.{0, 0, 0}
            (HAdd.hAdd.{0, 0, 0}
              (HMul.hMul.{0, 0, 0}
                (HMul.hMul.{0, 0, 0}
                  (HMul.hMul.{0, 0, 0} (-2)
                    (HPow.hPow.{0, 0, 0} (DerridaRetaux.transportCoeff m (DerridaRetaux.orbit m p₀ s)) 2))
                  (DerridaRetaux.densityBeta m p₀ s))
                (DerridaRetaux.shiftLeft
                  (DerridaRetaux.shiftLeft (DerridaRetaux.positiveTiltedDensity m (DerridaRetaux.orbit m p₀ s))) j))
              (HMul.hMul.{0, 0, 0}
                (HMul.hMul.{0, 0, 0}
                  (HMul.hMul.{0, 0, 0} 2 (DerridaRetaux.transportCoeff m (DerridaRetaux.orbit m p₀ s)))
                  (DerridaRetaux.densityD m p₀ s))
                (DerridaRetaux.shiftLeft
                  (DerridaRetaux.convPow 3 (DerridaRetaux.positiveTiltedDensity m (DerridaRetaux.orbit m p₀ s))) j)))
            (HMul.hMul.{0, 0, 0}
              (HMul.hMul.{0, 0, 0}
                (HMul.hMul.{0, 0, 0}
                  (HMul.hMul.{0, 0, 0} 2 (DerridaRetaux.transportCoeff m (DerridaRetaux.orbit m p₀ s)))
                  (DerridaRetaux.densityD m p₀ s))
                (DerridaRetaux.densityBeta m p₀ s))
              (DerridaRetaux.shiftLeft (DerridaRetaux.densityB m p₀ s) j)))
          (HMul.hMul.{0, 0, 0} (HPow.hPow.{0, 0, 0} (DerridaRetaux.densityD m p₀ s) 2)
            (DerridaRetaux.convPow 4 (DerridaRetaux.positiveTiltedDensity m (DerridaRetaux.orbit m p₀ s)) j)))
        (HMul.hMul.{0, 0, 0} 2
          (DerridaRetaux.conv
            (HAdd.hAdd.{0, 0, 0}
              (HSMul.hSMul.{0, 0, 0} (DerridaRetaux.transportCoeff m (DerridaRetaux.orbit m p₀ s))
                (DerridaRetaux.shiftLeft (DerridaRetaux.positiveTiltedDensity m (DerridaRetaux.orbit m p₀ s))))
              (HSMul.hSMul.{0, 0, 0} (DerridaRetaux.densityD m p₀ s) (DerridaRetaux.densityB m p₀ s)))
            (DerridaRetaux.densityE m p₀ s) j)))
      (DerridaRetaux.conv (DerridaRetaux.densityE m p₀ s) (DerridaRetaux.densityE m p₀ s) j))
'DerridaRetaux.densityR_apply' depends on axioms: [propext, Classical.choice, Quot.sound]
DerridaRetaux.densityR_orbit_weightedSup_order_four (m : Nat) (p₀ : DerridaRetaux.ProbabilityMass) (hm : LE.le.{0} 2 m)
  (hcrit : DerridaRetaux.Critical m p₀) (hthird : DerridaRetaux.TiltSummable m 3 p₀) (A B : Real) (hA : LE.le.{0} 0 A)
  (hB : LE.le.{0} 0 B)
  (hL1 :
    ∀ (n : Nat),
      LE.le.{0}
        (DerridaRetaux.weightedL1Three (↑(HAdd.hAdd.{0, 0, 0} n 1))
          (DerridaRetaux.positiveTiltedDensity m (DerridaRetaux.orbit m p₀ n)))
        (HDiv.hDiv.{0, 0, 0} A ↑(HAdd.hAdd.{0, 0, 0} n 1)))
  (hSup :
    ∀ (n : Nat),
      DerridaRetaux.WeightedSupThreeLE (↑(HAdd.hAdd.{0, 0, 0} n 1))
        (DerridaRetaux.positiveTiltedDensity m (DerridaRetaux.orbit m p₀ n))
        (HDiv.hDiv.{0, 0, 0} B (HPow.hPow.{0, 0, 0} (↑(HAdd.hAdd.{0, 0, 0} n 1)) 2)))
  (s : Nat) :
  DerridaRetaux.WeightedSupThreeLE (↑(HAdd.hAdd.{0, 0, 0} s 1)) (DerridaRetaux.densityR m p₀ s)
    (HDiv.hDiv.{0, 0, 0} (DerridaRetaux.densityROrbitSupConstant m A B)
      (HPow.hPow.{0, 0, 0} (↑(HAdd.hAdd.{0, 0, 0} s 1)) 4))
'DerridaRetaux.densityR_orbit_weightedSup_order_four' depends on axioms: [propext, Classical.choice, Quot.sound]
DerridaRetaux.densityR_two (p₀ : DerridaRetaux.ProbabilityMass) (s : Nat) :
  Eq.{1} (DerridaRetaux.densityR 2 p₀ s)
    (HAdd.hAdd.{0, 0, 0}
      (HAdd.hAdd.{0, 0, 0}
        (HAdd.hAdd.{0, 0, 0}
          (HSMul.hSMul.{0, 0, 0}
            (HMul.hMul.{0, 0, 0}
              (HMul.hMul.{0, 0, 0} (-2)
                (HPow.hPow.{0, 0, 0} (DerridaRetaux.transportCoeff 2 (DerridaRetaux.orbit 2 p₀ s)) 2))
              (DerridaRetaux.densityBeta 2 p₀ s))
            (DerridaRetaux.shiftLeft
              (DerridaRetaux.shiftLeft (DerridaRetaux.positiveTiltedDensity 2 (DerridaRetaux.orbit 2 p₀ s)))))
          (HSMul.hSMul.{0, 0, 0}
            (HMul.hMul.{0, 0, 0} (HMul.hMul.{0, 0, 0} 2 (DerridaRetaux.transportCoeff 2 (DerridaRetaux.orbit 2 p₀ s)))
              (DerridaRetaux.densityD 2 p₀ s))
            (DerridaRetaux.shiftLeft
              (DerridaRetaux.convPow 3 (DerridaRetaux.positiveTiltedDensity 2 (DerridaRetaux.orbit 2 p₀ s))))))
        (HSMul.hSMul.{0, 0, 0}
          (HMul.hMul.{0, 0, 0}
            (HMul.hMul.{0, 0, 0}
              (HMul.hMul.{0, 0, 0} (-2) (DerridaRetaux.transportCoeff 2 (DerridaRetaux.orbit 2 p₀ s)))
              (DerridaRetaux.densityD 2 p₀ s))
            (DerridaRetaux.densityBeta 2 p₀ s))
          (DerridaRetaux.shiftLeft (DerridaRetaux.densityB 2 p₀ s))))
      (HSMul.hSMul.{0, 0, 0} (HPow.hPow.{0, 0, 0} (DerridaRetaux.densityD 2 p₀ s) 2)
        (DerridaRetaux.convPow 4 (DerridaRetaux.positiveTiltedDensity 2 (DerridaRetaux.orbit 2 p₀ s)))))
'DerridaRetaux.densityR_two' depends on axioms: [propext, Classical.choice, Quot.sound]
DerridaRetaux.densityRhoSource (m : Nat) (p₀ : DerridaRetaux.ProbabilityMass) (s : Nat) : DerridaRetaux.Seq
'DerridaRetaux.densityRhoSource' depends on axioms: [propext, Classical.choice, Quot.sound]
DerridaRetaux.deriv_momentLaplaceGap_eq (A0 beta : Real → Real) (U : Real → Real → Real) (t p : Real)
  (hA0 :
    HasDerivAt.{0, 0} A0
      (HAdd.hAdd.{0, 0, 0} (Neg.neg.{0} (beta t)) (HMul.hMul.{0, 0, 0} (1 / 2) (HPow.hPow.{0, 0, 0} (A0 t) 2))) t)
  (hU :
    HasDerivAt.{0, 0} (fun s => U s p)
      (HSub.hSub.{0, 0, 0}
        (HAdd.hAdd.{0, 0, 0} (HMul.hMul.{0, 0, 0} p (U t p))
          (HMul.hMul.{0, 0, 0} (1 / 2) (HPow.hPow.{0, 0, 0} (U t p) 2)))
        (beta t))
      t) :
  Eq.{1} (deriv.{0, 0} (fun s => DerridaRetaux.momentLaplaceGap A0 U s p) t)
    (HAdd.hAdd.{0, 0, 0} (HMul.hMul.{0, 0, 0} (A0 t) (DerridaRetaux.momentLaplaceGap A0 U t p))
      (HMul.hMul.{0, 0, 0} (1 / 2)
        (HSub.hSub.{0, 0, 0} (HPow.hPow.{0, 0, 0} (DerridaRetaux.momentLaplaceGap A0 U t p) 2)
          (HPow.hPow.{0, 0, 0} p 2))))
'DerridaRetaux.deriv_momentLaplaceGap_eq' depends on axioms: [propext, Classical.choice, Quot.sound]
DerridaRetaux.discreteDerivative (f : DerridaRetaux.Seq) : DerridaRetaux.Seq
'DerridaRetaux.discreteDerivative' depends on axioms: [propext, Classical.choice, Quot.sound]
DerridaRetaux.discreteDerivative_densityQuadraticSegment_telescope (m : Nat) (p₀ : DerridaRetaux.ProbabilityMass)
  (hm : LE.le.{0} 2 m) (hcrit : DerridaRetaux.Critical m p₀)
  (hnotBinaryFixedPoint : Not (And (Eq.{1} m 2) (Eq.{1} p₀ (DerridaRetaux.diracMass 1)))) {a n : Nat}
  (hspan : LT.lt.{0} (HAdd.hAdd.{0, 0, 0} a 1) n) :
  Eq.{1} (DerridaRetaux.discreteDerivative (DerridaRetaux.densityQuadraticSegment m p₀ a n))
    (HAdd.hAdd.{0, 0, 0}
      (HAdd.hAdd.{0, 0, 0}
        (HAdd.hAdd.{0, 0, 0}
          (HSub.hSub.{0, 0, 0}
            (HSMul.hSMul.{0, 0, 0} (DerridaRetaux.densityQuadraticWeight m p₀ a n)
              (DerridaRetaux.densityQuadraticKernel m p₀ n a))
            (HSMul.hSMul.{0, 0, 0}
              (HMul.hMul.{0, 0, 0} (DerridaRetaux.densityQuadraticWeight m p₀ (HSub.hSub.{0, 0, 0} n 2) n)
                (HPow.hPow.{0, 0, 0}
                  (Inv.inv.{0} (DerridaRetaux.transportCoeff m (DerridaRetaux.orbit m p₀ (HSub.hSub.{0, 0, 0} n 2))))
                  2))
              (DerridaRetaux.densityQuadraticKernel m p₀ n (HSub.hSub.{0, 0, 0} n 1))))
          (HSMul.hSMul.{0, 0, 0} (DerridaRetaux.densityQuadraticWeight m p₀ (HSub.hSub.{0, 0, 0} n 1) n)
            (DerridaRetaux.discreteDerivative (DerridaRetaux.densityQuadraticKernel m p₀ n (HSub.hSub.{0, 0, 0} n 1)))))
        (∑ s ∈ Finset.Ico.{0} (HAdd.hAdd.{0, 0, 0} a 1) (HSub.hSub.{0, 0, 0} n 1),
          HSMul.hSMul.{0, 0, 0}
            (HSub.hSub.{0, 0, 0} (DerridaRetaux.densityQuadraticWeight m p₀ s n)
              (HMul.hMul.{0, 0, 0} (DerridaRetaux.densityQuadraticWeight m p₀ (HSub.hSub.{0, 0, 0} s 1) n)
                (HPow.hPow.{0, 0, 0}
                  (Inv.inv.{0} (DerridaRetaux.transportCoeff m (DerridaRetaux.orbit m p₀ (HSub.hSub.{0, 0, 0} s 1))))
                  2)))
            (DerridaRetaux.densityQuadraticKernel m p₀ n s)))
      (∑ s ∈ Finset.Ico.{0} a (HSub.hSub.{0, 0, 0} n 1),
        HSMul.hSMul.{0, 0, 0} (DerridaRetaux.densityQuadraticWeight m p₀ s n)
          (HSMul.hSMul.{0, 0, 0}
            (HPow.hPow.{0, 0, 0} (Inv.inv.{0} (DerridaRetaux.transportCoeff m (DerridaRetaux.orbit m p₀ s))) 2)
            (Nat.iterate.{1} DerridaRetaux.shiftLeft (HSub.hSub.{0, 0, 0} (HSub.hSub.{0, 0, 0} n 2) s)
              (DerridaRetaux.densityR m p₀ s)))))
'DerridaRetaux.discreteDerivative_densityQuadraticSegment_telescope' depends on axioms: [propext,
 Classical.choice,
 Quot.sound]
DerridaRetaux.discreteL1Distance_eq_two_mul_discreteTotalVariation (u v : DerridaRetaux.Seq) :
  Eq.{1} (DerridaRetaux.discreteL1Distance u v) (HMul.hMul.{0, 0, 0} 2 (DerridaRetaux.discreteTotalVariation u v))
'DerridaRetaux.discreteL1Distance_eq_two_mul_discreteTotalVariation' depends on axioms: [propext,
 Classical.choice,
 Quot.sound]
DerridaRetaux.drStepProb (m : Nat) (p : DerridaRetaux.ProbabilityMass) : DerridaRetaux.ProbabilityMass
'DerridaRetaux.drStepProb' depends on axioms: [propext, Classical.choice, Quot.sound]
DerridaRetaux.drStep_eq_drStepProb (m : Nat) (p : DerridaRetaux.ProbabilityMass) :
  Eq.{1} (DerridaRetaux.drStep m p) (DerridaRetaux.drStepProb m p)
'DerridaRetaux.drStep_eq_drStepProb' depends on axioms: [propext, Classical.choice, Quot.sound]
DerridaRetaux.drStep_two_diracMass_one :
  Eq.{1} (DerridaRetaux.drStep 2 (DerridaRetaux.diracMass 1)) (DerridaRetaux.diracMass 1)
'DerridaRetaux.drStep_two_diracMass_one' depends on axioms: [propext, Classical.choice, Quot.sound]
DerridaRetaux.endpointEntrance_wronskian {f f' : Real → Real} {h x : Real} (hx : LT.lt.{0} x 0)
  (hfcont : ContinuousOn.{0, 0} f (Set.Iio.{0} 0)) (hfpos : ∀ (y : Real), LT.lt.{0} y 0 → LT.lt.{0} 0 (f y))
  (hlimit : Filter.Tendsto.{0, 0} (fun y => HAdd.hAdd.{0, 0, 0} (f y) y) Filter.atBot.{0} (nhds.{0} h)) :
  Eq.{1}
    (HSub.hSub.{0, 0, 0} (HMul.hMul.{0, 0, 0} (f' x) (DerridaRetaux.entranceSolutionFromEndpoint f x))
      (HMul.hMul.{0, 0, 0} (f x) (DerridaRetaux.entranceSolutionFromEndpointSlope f f' x)))
    (-1)
'DerridaRetaux.endpointEntrance_wronskian' depends on axioms: [propext, Classical.choice, Quot.sound]
DerridaRetaux.endpoint_reduction_representation {f f' : Real → Real} {h x : Real} (hx : LT.lt.{0} x 0)
  (hfcont : ContinuousOn.{0, 0} f (Set.Iio.{0} 0)) (hfpos : ∀ (y : Real), LT.lt.{0} y 0 → LT.lt.{0} 0 (f y))
  (hlimit : Filter.Tendsto.{0, 0} (fun y => HAdd.hAdd.{0, 0, 0} (f y) y) Filter.atBot.{0} (nhds.{0} h))
  (hfderiv : ∀ (y : Real), LT.lt.{0} y 0 → HasDerivAt.{0, 0} f (f' y) y)
  (hfprimeNeg : ∀ (y : Real), LT.lt.{0} y 0 → LT.lt.{0} (f' y) 0) (hfprimeMono : MonotoneOn.{0, 0} f' (Set.Iio.{0} 0))
  (hfprimeLimit : Filter.Tendsto.{0, 0} f' Filter.atBot.{0} (nhds.{0} (-1)))
  (hfend : Filter.Tendsto.{0, 0} f (nhdsWithin.{0} 0 (Set.Iio.{0} 0)) (nhds.{0} 0)) :
  Eq.{1} (f x)
    (HMul.hMul.{0, 0, 0} (DerridaRetaux.entranceSolutionFromEndpoint f x)
      (∫ (y : Real) in x..0, Inv.inv.{0} (HPow.hPow.{0, 0, 0} (DerridaRetaux.entranceSolutionFromEndpoint f y) 2)))
'DerridaRetaux.endpoint_reduction_representation' depends on axioms: [propext, Classical.choice, Quot.sound]
DerridaRetaux.entranceSolutionFromEndpoint (f : Real → Real) (x : Real) : Real
'DerridaRetaux.entranceSolutionFromEndpoint' depends on axioms: [propext, Classical.choice, Quot.sound]
DerridaRetaux.entranceSolutionFromEndpoint_isVolterra_constructedString {κ c C a h : Real} {A0 A2 A3 f f' : Real → Real}
  (hκ : LT.lt.{0} 0 κ) (hc : LT.lt.{0} 0 c) (hC : LT.lt.{0} 0 C) (ha : LT.lt.{0} 0 a)
  (hA2 :
    ∀ (s : Real), LT.lt.{0} 0 s → HasDerivAt.{0, 0} A2 (HSub.hSub.{0, 0, 0} (HMul.hMul.{0, 0, 0} (A0 s) (A2 s)) 1) s)
  (hA3 : ∀ (s : Real), LT.lt.{0} 0 s → HasDerivAt.{0, 0} A3 (HMul.hMul.{0, 0, 0} (A0 s) (A3 s)) s)
  (hprodTop : Filter.Tendsto.{0, 0} (DerridaRetaux.stringA2Y κ A2 A3) Filter.atTop.{0} (nhds.{0} 0))
  (hbounds :
    ∀ (s : Real),
      LT.lt.{0} 0 s →
        And (LE.le.{0} (HMul.hMul.{0, 0, 0} c (HPow.hPow.{0, 0, 0} s 2)) (A3 s))
          (LE.le.{0} (A3 s) (HMul.hMul.{0, 0, 0} C (HPow.hPow.{0, 0, 0} s 2))))
  (hmono : StrictMonoOn.{0, 0} (DerridaRetaux.stringXi κ A2 A3) (Set.Ioi.{0} 0))
  (hbij : Set.BijOn.{0, 0} (DerridaRetaux.stringXi κ A2 A3) (Set.Ioi.{0} 0) (Set.Iio.{0} 0))
  (hfcont : ContinuousOn.{0, 0} f (Set.Iio.{0} 0)) (hfpos : ∀ (x : Real), LT.lt.{0} x 0 → LT.lt.{0} 0 (f x))
  (hlimit : Filter.Tendsto.{0, 0} (fun x => HAdd.hAdd.{0, 0, 0} (f x) x) Filter.atBot.{0} (nhds.{0} h))
  (hfderiv : ∀ (x : Real), LT.lt.{0} x 0 → HasDerivAt.{0, 0} f (f' x) x)
  (hfprimeNeg : ∀ (x : Real), LT.lt.{0} x 0 → LT.lt.{0} (f' x) 0) (hfprimeMono : MonotoneOn.{0, 0} f' (Set.Iio.{0} 0))
  (hfprimeLimit : Filter.Tendsto.{0, 0} f' Filter.atBot.{0} (nhds.{0} (-1)))
  (hfend : Filter.Tendsto.{0, 0} f (nhdsWithin.{0} 0 (Set.Iio.{0} 0)) (nhds.{0} 0))
  (hfsecond :
    ∀ (x : Real),
      LT.lt.{0} x 0 →
        HasDerivAt.{0, 0} f'
          (HMul.hMul.{0, 0, 0}
            (HMul.hMul.{0, 0, 0} a (DerridaRetaux.constructedStringLebesgueDensity κ A2 A3 hmono hbij x)) (f x))
          x) :
  DerridaRetaux.IsEntranceNormalizedVolterraSolution (DerridaRetaux.constructedEntranceString κ A2 A3) (Neg.neg.{0} a)
    (DerridaRetaux.entranceSolutionFromEndpoint f)
'DerridaRetaux.entranceSolutionFromEndpoint_isVolterra_constructedString' depends on axioms: [propext,
 Classical.choice,
 Quot.sound]
DerridaRetaux.entranceSolutionFromEndpoint_pos {f : Real → Real} {h x : Real} (hx : LT.lt.{0} x 0)
  (hfcont : ContinuousOn.{0, 0} f (Set.Iio.{0} 0)) (hfpos : ∀ (y : Real), LT.lt.{0} y 0 → LT.lt.{0} 0 (f y))
  (hlimit : Filter.Tendsto.{0, 0} (fun y => HAdd.hAdd.{0, 0, 0} (f y) y) Filter.atBot.{0} (nhds.{0} h)) :
  LT.lt.{0} 0 (DerridaRetaux.entranceSolutionFromEndpoint f x)
'DerridaRetaux.entranceSolutionFromEndpoint_pos' depends on axioms: [propext, Classical.choice, Quot.sound]
DerridaRetaux.excess (m : Nat) (p : DerridaRetaux.ProbabilityMass) : Real
'DerridaRetaux.excess' depends on axioms: [propext, Classical.choice, Quot.sound]
DerridaRetaux.excess_orbit_decrement (m : Nat) (p₀ : DerridaRetaux.ProbabilityMass) (hm : LE.le.{0} 1 m)
  (hcrit : DerridaRetaux.Critical m p₀) (n : Nat) :
  Eq.{1}
    (HMul.hMul.{0, 0, 0} (↑m)
      (HSub.hSub.{0, 0, 0} (DerridaRetaux.excess m (DerridaRetaux.orbit m p₀ n))
        (DerridaRetaux.excess m (DerridaRetaux.orbit m p₀ (HAdd.hAdd.{0, 0, 0} n 1)))))
    (HSub.hSub.{0, 0, 0}
      (HMul.hMul.{0, 0, 0} (HSub.hSub.{0, 0, 0} (↑m) 1)
        (HSub.hSub.{0, 0, 0} 1
          (HPow.hPow.{0, 0, 0} (HSub.hSub.{0, 0, 0} 1 (DerridaRetaux.survival (DerridaRetaux.orbit m p₀ n))) m)))
      (HSub.hSub.{0, 0, 0}
        (HSub.hSub.{0, 0, 0}
          (HPow.hPow.{0, 0, 0} (HAdd.hAdd.{0, 0, 0} 1 (DerridaRetaux.excess m (DerridaRetaux.orbit m p₀ n))) m) 1)
        (HMul.hMul.{0, 0, 0} (↑m) (DerridaRetaux.excess m (DerridaRetaux.orbit m p₀ n)))))
'DerridaRetaux.excess_orbit_decrement' depends on axioms: [propext, Classical.choice, Quot.sound]
DerridaRetaux.excess_orbit_decrement_tendsto (m : Nat) (p₀ : DerridaRetaux.ProbabilityMass) (hm : LE.le.{0} 2 m)
  (hcrit : DerridaRetaux.Critical m p₀)
  (hsurvival :
    Filter.Tendsto.{0, 0}
      (fun n => HMul.hMul.{0, 0, 0} (HPow.hPow.{0, 0, 0} (↑n) 2) (DerridaRetaux.survival (DerridaRetaux.orbit m p₀ n)))
      Filter.atTop.{0} (nhds.{0} (HDiv.hDiv.{0, 0, 0} 4 (HPow.hPow.{0, 0, 0} (HSub.hSub.{0, 0, 0} (↑m) 1) 2))))
  (hexcess :
    Filter.Tendsto.{0, 0} (fun n => HMul.hMul.{0, 0, 0} (↑n) (DerridaRetaux.excess m (DerridaRetaux.orbit m p₀ n)))
      Filter.atTop.{0} (nhds.{0} (HDiv.hDiv.{0, 0, 0} 2 (HSub.hSub.{0, 0, 0} (↑m) 1)))) :
  Filter.Tendsto.{0, 0}
    (fun n =>
      HMul.hMul.{0, 0, 0} (HPow.hPow.{0, 0, 0} (↑n) 2)
        (HSub.hSub.{0, 0, 0} (DerridaRetaux.excess m (DerridaRetaux.orbit m p₀ n))
          (DerridaRetaux.excess m (DerridaRetaux.orbit m p₀ (HAdd.hAdd.{0, 0, 0} n 1)))))
    Filter.atTop.{0} (nhds.{0} (HDiv.hDiv.{0, 0, 0} 2 (HSub.hSub.{0, 0, 0} (↑m) 1)))
'DerridaRetaux.excess_orbit_decrement_tendsto' depends on axioms: [propext, Classical.choice, Quot.sound]
DerridaRetaux.exhaustionLimits_compatible (F : Nat → Prod.{0, 0} Real Real → Real) (phi : Nat → Nat)
  (g : (k : Nat) → BoundedContinuousFunction.{0, 0} (↑(DerridaRetaux.gridExhaustionRectangle k)) Real)
  (hlim : ∀ (k : Nat), TendstoUniformly.{0, 0, 0} (fun n p => F (phi n) ↑p) (fun p => (g k) p) Filter.atTop.{0})
  {k l : Nat} (hkl : LE.le.{0} k l) (p : ↑(DerridaRetaux.gridExhaustionRectangle k)) :
  Eq.{1} ((g k) p) ((g l) (Subtype.mk.{1} ↑p ⋯))
'DerridaRetaux.exhaustionLimits_compatible' depends on axioms: [propext, Classical.choice, Quot.sound]
DerridaRetaux.exists_gridBilinearInterp_diagonal_subsequence (a : Nat → Nat → Nat → Real)
  (hbound :
    ∀ (k : Nat),
      DerridaRetaux.EventuallyUniformlyBoundedOn.{0} (fun N p => DerridaRetaux.gridBilinearInterp N (a N) p.1 p.2)
        (DerridaRetaux.gridExhaustionRectangle k))
  (hequicontinuous :
    ∀ (k : Nat),
      DerridaRetaux.EventuallyEquicontinuousOnL1 (fun N p => DerridaRetaux.gridBilinearInterp N (a N) p.1 p.2)
        (DerridaRetaux.gridExhaustionRectangle k)) :
  ∃ g phi,
    And (StrictMono.{0, 0} phi)
      (And (Filter.Tendsto.{0, 0} phi Filter.atTop.{0} Filter.atTop.{0})
        (∀ (k : Nat),
          TendstoUniformly.{0, 0, 0} (fun n p => DerridaRetaux.gridBilinearInterp (phi n) (a (phi n)) (↑p).1 (↑p).2)
            (fun p => (g k) p) Filter.atTop.{0}))
'DerridaRetaux.exists_gridBilinearInterp_diagonal_subsequence' depends on axioms: [propext,
 Classical.choice,
 Quot.sound]
DerridaRetaux.exists_mass_ge_two_of_critical_two_not_fixed (p : DerridaRetaux.ProbabilityMass)
  (hcrit : DerridaRetaux.Critical 2 p) (hnot : Ne.{1} p (DerridaRetaux.diracMass 1)) :
  ∃ k, And (LE.le.{0} 2 k) (LT.lt.{0} 0 (DerridaRetaux.ProbabilityMass.mass p k))
'DerridaRetaux.exists_mass_ge_two_of_critical_two_not_fixed' depends on axioms: [propext, Classical.choice, Quot.sound]
DerridaRetaux.exists_orbitScaledGrid_diagonal_subsequence_and_readout (m : Nat) (p₀ : DerridaRetaux.ProbabilityMass)
  (C : Real)
  (hbound :
    ∀ (k : Nat),
      DerridaRetaux.EventuallyUniformlyBoundedOn.{0}
        (fun N p => DerridaRetaux.gridBilinearInterp N (DerridaRetaux.orbitScaledGrid m p₀ N) p.1 p.2)
        (DerridaRetaux.gridExhaustionRectangle k))
  (hequicontinuous :
    ∀ (k : Nat),
      DerridaRetaux.EventuallyEquicontinuousOnL1
        (fun N p => DerridaRetaux.gridBilinearInterp N (DerridaRetaux.orbitScaledGrid m p₀ N) p.1 p.2)
        (DerridaRetaux.gridExhaustionRectangle k))
  (hgradient :
    ∀ (n : Nat),
      DerridaRetaux.WeightedSupThreeLE (DerridaRetaux.profileScale n)
        (DerridaRetaux.discreteDerivative (DerridaRetaux.positiveTiltedDensity m (DerridaRetaux.orbit m p₀ n)))
        (HDiv.hDiv.{0, 0, 0} (HMul.hMul.{0, 0, 0} C (Real.log (HAdd.hAdd.{0, 0, 0} (↑n) 2)))
          (HPow.hPow.{0, 0, 0} (DerridaRetaux.profileScale n) 3))) :
  ∃ g phi,
    And (StrictMono.{0, 0} phi)
      (And (Filter.Tendsto.{0, 0} phi Filter.atTop.{0} Filter.atTop.{0})
        (And
          (∀ (k : Nat),
            TendstoUniformly.{0, 0, 0}
              (fun n p =>
                DerridaRetaux.gridBilinearInterp (phi n) (DerridaRetaux.orbitScaledGrid m p₀ (phi n)) (↑p).1 (↑p).2)
              (fun p => (g k) p) Filter.atTop.{0})
          (∀ (k : Nat) (x : Real)
            (hx : Membership.mem.{0, 0} (DerridaRetaux.gridExhaustionRectangle k) (Prod.mk.{0, 0} 1 x)),
            Filter.Tendsto.{0, 0}
              (fun n => DerridaRetaux.orbitScaledGrid m p₀ (phi n) (phi n) (DerridaRetaux.gridIndex (phi n) x))
              Filter.atTop.{0} (nhds.{0} ((g k) (Subtype.mk.{1} (Prod.mk.{0, 0} 1 x) hx))))))
'DerridaRetaux.exists_orbitScaledGrid_diagonal_subsequence_and_readout' depends on axioms: [propext,
 Classical.choice,
 Quot.sound]
DerridaRetaux.expThirdRemainder_bounds {p x : Real} (hp : LE.le.{0} 0 p) (hx : LE.le.{0} 0 x) :
  And (LE.le.{0} 0 (DerridaRetaux.expThirdRemainder p x))
    (LE.le.{0} (DerridaRetaux.expThirdRemainder p x)
      (min.{0} (HDiv.hDiv.{0, 0, 0} (HMul.hMul.{0, 0, 0} (HPow.hPow.{0, 0, 0} p 4) (HPow.hPow.{0, 0, 0} x 4)) 24)
        (HDiv.hDiv.{0, 0, 0} (HMul.hMul.{0, 0, 0} (HPow.hPow.{0, 0, 0} p 3) (HPow.hPow.{0, 0, 0} x 3)) 6)))
'DerridaRetaux.expThirdRemainder_bounds' depends on axioms: [propext, Classical.choice, Quot.sound]
DerridaRetaux.exponentialProfileGrid_tsum_tendsto_two :
  Filter.Tendsto.{0, 0} (fun n => ∑' (j : Nat), DerridaRetaux.exponentialProfileGrid n j) Filter.atTop.{0} (nhds.{0} 2)
'DerridaRetaux.exponentialProfileGrid_tsum_tendsto_two' depends on axioms: [propext, Classical.choice, Quot.sound]
DerridaRetaux.finiteMeasure_eq_of_halfLine_laplace_eq {μ ν : MeasureTheory.Measure.{0} ↑(Set.Ici.{0} 0)}
  [MeasureTheory.IsFiniteMeasure.{0} μ] [MeasureTheory.IsFiniteMeasure.{0} ν]
  (hLaplace :
    ∀ (p : Real),
      LT.lt.{0} 0 p →
        Eq.{1} (∫ (x : ↑(Set.Ici.{0} 0)), Real.exp (HMul.hMul.{0, 0, 0} (Neg.neg.{0} p) ↑x) ∂μ)
          (∫ (x : ↑(Set.Ici.{0} 0)), Real.exp (HMul.hMul.{0, 0, 0} (Neg.neg.{0} p) ↑x) ∂ν)) :
  Eq.{1} μ ν
'DerridaRetaux.finiteMeasure_eq_of_halfLine_laplace_eq' depends on axioms: [propext, Classical.choice, Quot.sound]
DerridaRetaux.finiteThirdMoment_implies_cubic_tail_limits (a : DerridaRetaux.Seq) (ha : ∀ (n : Nat), LE.le.{0} 0 (a n))
  (hthree : Summable.{0, 0} fun n => HMul.hMul.{0, 0, 0} (HPow.hPow.{0, 0, 0} (↑n) 3) (a n)) :
  And
    (Filter.Tendsto.{0, 0} (fun n => HMul.hMul.{0, 0, 0} (HPow.hPow.{0, 0, 0} (↑n) 3) (a n)) Filter.atTop.{0}
      (nhds.{0} 0))
    (Filter.Tendsto.{0, 0}
      (fun N => HMul.hMul.{0, 0, 0} (HPow.hPow.{0, 0, 0} (↑N) 3) (DerridaRetaux.coefficientTail a N)) Filter.atTop.{0}
      (nhds.{0} 0))
'DerridaRetaux.finiteThirdMoment_implies_cubic_tail_limits' depends on axioms: [propext, Classical.choice, Quot.sound]
DerridaRetaux.firstTiltedAtomTail_bound_all (m : Nat) (p₀ : DerridaRetaux.ProbabilityMass) (hm : LE.le.{0} 2 m)
  (hcrit : DerridaRetaux.Critical m p₀) (hthird : DerridaRetaux.TiltSummable m 3 p₀)
  (hnonconstant : Not (DerridaRetaux.IsDirac p₀))
  (hnotBinaryFixedPoint : Not (And (Eq.{1} m 2) (Eq.{1} p₀ (DerridaRetaux.diracMass 1))))
  (hExcess : DerridaRetaux.CDHLSExcessFact m p₀ hm hcrit hthird hnonconstant) :
  ∃ C,
    And (LT.lt.{0} 0 C)
      (∀ (n : Nat),
        And (LE.le.{0} 0 (DerridaRetaux.firstTiltedAtomTail m p₀ n))
          (LE.le.{0} (DerridaRetaux.firstTiltedAtomTail m p₀ n) (HDiv.hDiv.{0, 0, 0} C ↑(HAdd.hAdd.{0, 0, 0} n 1))))
'DerridaRetaux.firstTiltedAtomTail_bound_all' depends on axioms: [propext, Classical.choice, Quot.sound]
DerridaRetaux.firstTiltedAtomTail_eq_atom_add_succ (m : Nat) (p₀ : DerridaRetaux.ProbabilityMass) (hm : LE.le.{0} 2 m)
  (hcrit : DerridaRetaux.Critical m p₀) (hthird : DerridaRetaux.TiltSummable m 3 p₀)
  (hnonconstant : Not (DerridaRetaux.IsDirac p₀))
  (hnotBinaryFixedPoint : Not (And (Eq.{1} m 2) (Eq.{1} p₀ (DerridaRetaux.diracMass 1))))
  (hExcess : DerridaRetaux.CDHLSExcessFact m p₀ hm hcrit hthird hnonconstant) (n : Nat) :
  Eq.{1} (DerridaRetaux.firstTiltedAtomTail m p₀ n)
    (HAdd.hAdd.{0, 0, 0} (DerridaRetaux.firstTiltedAtom m p₀ n)
      (DerridaRetaux.firstTiltedAtomTail m p₀ (HAdd.hAdd.{0, 0, 0} n 1)))
'DerridaRetaux.firstTiltedAtomTail_eq_atom_add_succ' depends on axioms: [propext, Classical.choice, Quot.sound]
DerridaRetaux.firstTiltedAtom_eq_theta_sub_theta_succ_add (m : Nat) (p₀ : DerridaRetaux.ProbabilityMass)
  (hm : LE.le.{0} 2 m) (hcrit : DerridaRetaux.Critical m p₀)
  (hnotBinaryFixedPoint : Not (And (Eq.{1} m 2) (Eq.{1} p₀ (DerridaRetaux.diracMass 1)))) (n : Nat) :
  Eq.{1} (DerridaRetaux.firstTiltedAtom m p₀ n)
    (HAdd.hAdd.{0, 0, 0}
      (HSub.hSub.{0, 0, 0} (DerridaRetaux.orbitPositiveTiltMass m p₀ n)
        (DerridaRetaux.orbitPositiveTiltMass m p₀ (HAdd.hAdd.{0, 0, 0} n 1)))
      (HMul.hMul.{0, 0, 0}
        (HSub.hSub.{0, 0, 0} (Inv.inv.{0} (DerridaRetaux.transportCoeff m (DerridaRetaux.orbit m p₀ n))) 1)
        (DerridaRetaux.zeroTilt m (DerridaRetaux.orbit m p₀ (HAdd.hAdd.{0, 0, 0} n 1)))))
'DerridaRetaux.firstTiltedAtom_eq_theta_sub_theta_succ_add' depends on axioms: [propext, Classical.choice, Quot.sound]
DerridaRetaux.firstTiltedAtom_squareWeight_sum_eq (m : Nat) (p₀ : DerridaRetaux.ProbabilityMass) (hm : LE.le.{0} 2 m)
  (hcrit : DerridaRetaux.Critical m p₀) (hthird : DerridaRetaux.TiltSummable m 3 p₀)
  (hnonconstant : Not (DerridaRetaux.IsDirac p₀))
  (hnotBinaryFixedPoint : Not (And (Eq.{1} m 2) (Eq.{1} p₀ (DerridaRetaux.diracMass 1))))
  (hExcess : DerridaRetaux.CDHLSExcessFact m p₀ hm hcrit hthird hnonconstant) (s : Nat) (hs : LT.lt.{0} 0 s) :
  Eq.{1}
    (∑ v ∈ Finset.range s,
      HMul.hMul.{0, 0, 0} (HPow.hPow.{0, 0, 0} (↑(HAdd.hAdd.{0, 0, 0} v 1)) 2) (DerridaRetaux.firstTiltedAtom m p₀ v))
    (HSub.hSub.{0, 0, 0}
      (HAdd.hAdd.{0, 0, 0} (DerridaRetaux.firstTiltedAtomTail m p₀ 0)
        (∑ v ∈ Finset.Ico.{0} 1 s,
          HMul.hMul.{0, 0, 0} (↑(HAdd.hAdd.{0, 0, 0} (HMul.hMul.{0, 0, 0} 2 v) 1))
            (DerridaRetaux.firstTiltedAtomTail m p₀ v)))
      (HMul.hMul.{0, 0, 0} (HPow.hPow.{0, 0, 0} (↑s) 2) (DerridaRetaux.firstTiltedAtomTail m p₀ s)))
'DerridaRetaux.firstTiltedAtom_squareWeight_sum_eq' depends on axioms: [propext, Classical.choice, Quot.sound]
DerridaRetaux.firstTiltedAtom_squareWeight_sum_linear_bound (m : Nat) (p₀ : DerridaRetaux.ProbabilityMass)
  (hm : LE.le.{0} 2 m) (hcrit : DerridaRetaux.Critical m p₀) (hthird : DerridaRetaux.TiltSummable m 3 p₀)
  (hnonconstant : Not (DerridaRetaux.IsDirac p₀))
  (hnotBinaryFixedPoint : Not (And (Eq.{1} m 2) (Eq.{1} p₀ (DerridaRetaux.diracMass 1))))
  (hExcess : DerridaRetaux.CDHLSExcessFact m p₀ hm hcrit hthird hnonconstant) :
  ∃ C,
    And (LT.lt.{0} 0 C)
      (∀ (s : Nat),
        LE.le.{0}
          (∑ v ∈ Finset.range s,
            HMul.hMul.{0, 0, 0} (HPow.hPow.{0, 0, 0} (↑(HAdd.hAdd.{0, 0, 0} v 1)) 2)
              (DerridaRetaux.firstTiltedAtom m p₀ v))
          (HMul.hMul.{0, 0, 0} C ↑(HAdd.hAdd.{0, 0, 0} s 1)))
'DerridaRetaux.firstTiltedAtom_squareWeight_sum_linear_bound' depends on axioms: [propext, Classical.choice, Quot.sound]
DerridaRetaux.fixedAtom_tendsto_of_compact_profile_error (m : Nat) (p₀ : DerridaRetaux.ProbabilityMass)
  (hm : LE.le.{0} 2 m) (hcrit : DerridaRetaux.Critical m p₀) (R : Real) (error : Nat → Real) (k : Nat)
  (hk : LE.le.{0} 1 k) (hkR : LE.le.{0} (↑(HSub.hSub.{0, 0, 0} k 1)) R)
  (herror : Filter.Tendsto.{0, 0} error Filter.atTop.{0} (nhds.{0} 0))
  (hprofile :
    ∀ (n : Nat),
      LT.lt.{0} 0 n →
        ∀ (x : Real),
          LE.le.{0} 0 x →
            LE.le.{0} x R →
              LE.le.{0}
                (abs.{0}
                  (HSub.hSub.{0, 0, 0}
                    (HMul.hMul.{0, 0, 0} (HPow.hPow.{0, 0, 0} (↑n) 2)
                      (DerridaRetaux.rho m (DerridaRetaux.orbit m p₀ n) (DerridaRetaux.gridIndex n x)))
                    (HMul.hMul.{0, 0, 0} 4 (Real.exp (HMul.hMul.{0, 0, 0} (-2) x)))))
                (error n))
  (hpartition :
    Filter.Tendsto.{0, 0} (fun n => DerridaRetaux.tiltedPartition m (DerridaRetaux.orbit m p₀ n)) Filter.atTop.{0}
      (nhds.{0} 1)) :
  Filter.Tendsto.{0, 0}
    (fun n =>
      HMul.hMul.{0, 0, 0} (HPow.hPow.{0, 0, 0} (↑n) 2)
        (DerridaRetaux.ProbabilityMass.mass (DerridaRetaux.orbit m p₀ n) k))
    Filter.atTop.{0}
    (nhds.{0} (HDiv.hDiv.{0, 0, 0} 4 (HMul.hMul.{0, 0, 0} (HSub.hSub.{0, 0, 0} (↑m) 1) (HPow.hPow.{0, 0, 0} (↑m) k))))
'DerridaRetaux.fixedAtom_tendsto_of_compact_profile_error' depends on axioms: [propext, Classical.choice, Quot.sound]
DerridaRetaux.generatingFunction_drStep (m : Nat) (s : Real) (p : DerridaRetaux.ProbabilityMass)
  (hp : DerridaRetaux.GeneratingSummable s p)
  (hstep : DerridaRetaux.GeneratingSummable s (DerridaRetaux.drStepProb m p)) (hs : Ne.{1} s 0) :
  Eq.{1} (DerridaRetaux.generatingFunction s (DerridaRetaux.drStepProb m p))
    (HAdd.hAdd.{0, 0, 0}
      (HDiv.hDiv.{0, 0, 0}
        (HSub.hSub.{0, 0, 0} (HPow.hPow.{0, 0, 0} (DerridaRetaux.generatingFunction s p) m)
          (HPow.hPow.{0, 0, 0} (DerridaRetaux.ProbabilityMass.mass p 0) m))
        s)
      (HPow.hPow.{0, 0, 0} (DerridaRetaux.ProbabilityMass.mass p 0) m))
'DerridaRetaux.generatingFunction_drStep' depends on axioms: [propext, Classical.choice, Quot.sound]
DerridaRetaux.generatingFunction_drStep_cross (m : Nat) (s : Real) (p : DerridaRetaux.ProbabilityMass)
  (hp : DerridaRetaux.GeneratingSummable s p)
  (hstep : DerridaRetaux.GeneratingSummable s (DerridaRetaux.drStepProb m p)) :
  Eq.{1} (HMul.hMul.{0, 0, 0} s (DerridaRetaux.generatingFunction s (DerridaRetaux.drStepProb m p)))
    (HAdd.hAdd.{0, 0, 0}
      (HSub.hSub.{0, 0, 0} (HPow.hPow.{0, 0, 0} (DerridaRetaux.generatingFunction s p) m)
        (HPow.hPow.{0, 0, 0} (DerridaRetaux.ProbabilityMass.mass p 0) m))
      (HMul.hMul.{0, 0, 0} s (HPow.hPow.{0, 0, 0} (DerridaRetaux.ProbabilityMass.mass p 0) m)))
'DerridaRetaux.generatingFunction_drStep_cross' depends on axioms: [propext, Classical.choice, Quot.sound]
DerridaRetaux.generatingFunction_orbit_succ_cross (m n : Nat) (s : Real) (p₀ : DerridaRetaux.ProbabilityMass)
  (hn : DerridaRetaux.GeneratingSummable s (DerridaRetaux.orbit m p₀ n))
  (hsucc : DerridaRetaux.GeneratingSummable s (DerridaRetaux.orbit m p₀ (HAdd.hAdd.{0, 0, 0} n 1))) :
  Eq.{1}
    (HMul.hMul.{0, 0, 0} s (DerridaRetaux.generatingFunction s (DerridaRetaux.orbit m p₀ (HAdd.hAdd.{0, 0, 0} n 1))))
    (HAdd.hAdd.{0, 0, 0}
      (HSub.hSub.{0, 0, 0} (HPow.hPow.{0, 0, 0} (DerridaRetaux.generatingFunction s (DerridaRetaux.orbit m p₀ n)) m)
        (HPow.hPow.{0, 0, 0} (DerridaRetaux.ProbabilityMass.mass (DerridaRetaux.orbit m p₀ n) 0) m))
      (HMul.hMul.{0, 0, 0} s
        (HPow.hPow.{0, 0, 0} (DerridaRetaux.ProbabilityMass.mass (DerridaRetaux.orbit m p₀ n) 0) m)))
'DerridaRetaux.generatingFunction_orbit_succ_cross' depends on axioms: [propext, Classical.choice, Quot.sound]
DerridaRetaux.generatingFunction_paperStep (m : Nat) (s : Real) (p : DerridaRetaux.ProbabilityMass)
  (hp : DerridaRetaux.GeneratingSummable s p) (hstep : DerridaRetaux.GeneratingSummable s (DerridaRetaux.drStep m p))
  (hs : Ne.{1} s 0) :
  Eq.{1} (DerridaRetaux.generatingFunction s (DerridaRetaux.drStep m p))
    (HAdd.hAdd.{0, 0, 0}
      (HDiv.hDiv.{0, 0, 0}
        (HSub.hSub.{0, 0, 0} (HPow.hPow.{0, 0, 0} (DerridaRetaux.generatingFunction s p) m)
          (HPow.hPow.{0, 0, 0} (DerridaRetaux.ProbabilityMass.mass p 0) m))
        s)
      (HPow.hPow.{0, 0, 0} (DerridaRetaux.ProbabilityMass.mass p 0) m))
'DerridaRetaux.generatingFunction_paperStep' depends on axioms: [propext, Classical.choice, Quot.sound]
DerridaRetaux.geometricReadout_sub_boundary_le (m : Nat) (hm : LE.le.{0} 2 m) (f : DerridaRetaux.Seq) (R B : Real)
  (hB : LE.le.{0} 0 B) (hdelta : DerridaRetaux.SupLE (DerridaRetaux.discreteDerivative f) B)
  (hreadout :
    HasSum.{0, 0}
      (fun j => HMul.hMul.{0, 0, 0} (Inv.inv.{0} (HPow.hPow.{0, 0, 0} (↑m) (HAdd.hAdd.{0, 0, 0} j 1))) (f j)) R) :
  LE.le.{0} (abs.{0} (HSub.hSub.{0, 0, 0} R (HDiv.hDiv.{0, 0, 0} (f 0) (HSub.hSub.{0, 0, 0} (↑m) 1))))
    (HDiv.hDiv.{0, 0, 0} B (HPow.hPow.{0, 0, 0} (HSub.hSub.{0, 0, 0} (↑m) 1) 2))
'DerridaRetaux.geometricReadout_sub_boundary_le' depends on axioms: [propext, Classical.choice, Quot.sound]
DerridaRetaux.gluedExhaustionLimit_mild_of_H1a (m : Nat) (p₀ : DerridaRetaux.ProbabilityMass) (hm : LE.le.{0} 2 m)
  (hcrit : DerridaRetaux.Critical m p₀) (hthird : DerridaRetaux.TiltSummable m 3 p₀)
  (hnonconstant : Not (DerridaRetaux.IsDirac p₀))
  (hExcess : DerridaRetaux.CDHLSExcessFact m p₀ hm hcrit hthird hnonconstant) (A B : Real) (hA : LE.le.{0} 0 A)
  (hB : LE.le.{0} 0 B)
  (hL1 :
    ∀ (s : Nat),
      LE.le.{0}
        (DerridaRetaux.weightedL1Three (DerridaRetaux.profileScale s)
          (DerridaRetaux.positiveTiltedDensity m (DerridaRetaux.orbit m p₀ s)))
        (HDiv.hDiv.{0, 0, 0} A (DerridaRetaux.profileScale s)))
  (hSup :
    ∀ (s : Nat),
      DerridaRetaux.WeightedSupThreeLE (DerridaRetaux.profileScale s)
        (DerridaRetaux.positiveTiltedDensity m (DerridaRetaux.orbit m p₀ s))
        (HDiv.hDiv.{0, 0, 0} B (HPow.hPow.{0, 0, 0} (DerridaRetaux.profileScale s) 2)))
  (phi : Nat → Nat) (g : (k : Nat) → BoundedContinuousFunction.{0, 0} (↑(DerridaRetaux.gridExhaustionRectangle k)) Real)
  (t₀ t x : Real) (ht₀ : LT.lt.{0} 0 t₀) (ht : LE.le.{0} t₀ t) (hx : LE.le.{0} 0 x)
  (hphi : Filter.Tendsto.{0, 0} phi Filter.atTop.{0} Filter.atTop.{0})
  (hlim :
    ∀ (k : Nat),
      TendstoUniformly.{0, 0, 0}
        (fun n p => DerridaRetaux.gridBilinearInterp (phi n) (DerridaRetaux.orbitScaledGrid m p₀ (phi n)) (↑p).1 (↑p).2)
        (fun p => (g k) p) Filter.atTop.{0}) :
  Eq.{1} (DerridaRetaux.gluedExhaustionLimit g t x)
    (HAdd.hAdd.{0, 0, 0} (DerridaRetaux.gluedExhaustionLimit g t₀ (HSub.hSub.{0, 0, 0} (HAdd.hAdd.{0, 0, 0} x t) t₀))
      (∫ (s : Real) in t₀..t,
        HMul.hMul.{0, 0, 0} (1 / 2)
          (DerridaRetaux.positiveSelfConvolution (fun y => DerridaRetaux.gluedExhaustionLimit g s y)
            (HSub.hSub.{0, 0, 0} (HAdd.hAdd.{0, 0, 0} x t) s))))
'DerridaRetaux.gluedExhaustionLimit_mild_of_H1a' depends on axioms: [propext, Classical.choice, Quot.sound]
DerridaRetaux.gridBilinearInterp (N : Nat) (a : Nat → Nat → Real) (t x : Real) : Real
'DerridaRetaux.gridBilinearInterp' depends on axioms: [propext, Classical.choice, Quot.sound]
DerridaRetaux.gridBilinearInterp_eq_four_weights (N : Nat) (a : Nat → Nat → Real) (t x : Real) (hN : LT.lt.{0} 0 N) :
  Eq.{1} (DerridaRetaux.gridBilinearInterp N a t x)
    (HAdd.hAdd.{0, 0, 0}
      (HAdd.hAdd.{0, 0, 0}
        (HAdd.hAdd.{0, 0, 0}
          (HMul.hMul.{0, 0, 0}
            (HMul.hMul.{0, 0, 0} (HSub.hSub.{0, 0, 0} 1 (DerridaRetaux.gridFrac N t))
              (HSub.hSub.{0, 0, 0} 1 (DerridaRetaux.gridFrac N x)))
            (a (DerridaRetaux.gridIndex N t) (DerridaRetaux.gridIndex N x)))
          (HMul.hMul.{0, 0, 0}
            (HMul.hMul.{0, 0, 0} (HSub.hSub.{0, 0, 0} 1 (DerridaRetaux.gridFrac N t)) (DerridaRetaux.gridFrac N x))
            (a (DerridaRetaux.gridIndex N t) (HAdd.hAdd.{0, 0, 0} (DerridaRetaux.gridIndex N x) 1))))
        (HMul.hMul.{0, 0, 0}
          (HMul.hMul.{0, 0, 0} (DerridaRetaux.gridFrac N t) (HSub.hSub.{0, 0, 0} 1 (DerridaRetaux.gridFrac N x)))
          (a (HAdd.hAdd.{0, 0, 0} (DerridaRetaux.gridIndex N t) 1) (DerridaRetaux.gridIndex N x))))
      (HMul.hMul.{0, 0, 0} (HMul.hMul.{0, 0, 0} (DerridaRetaux.gridFrac N t) (DerridaRetaux.gridFrac N x))
        (a (HAdd.hAdd.{0, 0, 0} (DerridaRetaux.gridIndex N t) 1)
          (HAdd.hAdd.{0, 0, 0} (DerridaRetaux.gridIndex N x) 1))))
'DerridaRetaux.gridBilinearInterp_eq_four_weights' depends on axioms: [propext, Classical.choice, Quot.sound]
DerridaRetaux.gridBilinearInterp_family_equicontinuousOn_of_eventually (a : Nat → Nat → Nat → Real)
  (K : Set.{0} (Prod.{0, 0} Real Real))
  (htail : DerridaRetaux.EventuallyEquicontinuousOnL1 (fun N p => DerridaRetaux.gridBilinearInterp N (a N) p.1 p.2) K) :
  EquicontinuousOn.{0, 0, 0} (fun N p => DerridaRetaux.gridBilinearInterp N (a N) p.1 p.2) K
'DerridaRetaux.gridBilinearInterp_family_equicontinuousOn_of_eventually' depends on axioms: [propext,
 Classical.choice,
 Quot.sound]
DerridaRetaux.gridBilinearInterp_family_eventuallyEquicontinuousOn_rectangle (a : Nat → Nat → Nat → Real)
  (omega : Real → Real) (spaceStep timeStep : Nat → Real) (eta T R : Real) (heta : LE.le.{0} 0 eta)
  (homega : Monotone.{0, 0} omega)
  (hspace :
    ∀ (N n j : Nat),
      LT.lt.{0} 0 N →
        LE.le.{0} (abs.{0} (HSub.hSub.{0, 0, 0} (a N n (HAdd.hAdd.{0, 0, 0} j 1)) (a N n j))) (spaceStep N))
  (htime :
    ∀ (N n j : Nat),
      LT.lt.{0} 0 N →
        LE.le.{0} (abs.{0} (HSub.hSub.{0, 0, 0} (a N (HAdd.hAdd.{0, 0, 0} n 1) j) (a N n j))) (timeStep N))
  (hnode :
    ∀ (N n j n' j' : Nat),
      LT.lt.{0} 0 N →
        LE.le.{0} (abs.{0} (HSub.hSub.{0, 0, 0} (a N n j) (a N n' j')))
          (omega
            (HAdd.hAdd.{0, 0, 0}
              (abs.{0} (HSub.hSub.{0, 0, 0} (HDiv.hDiv.{0, 0, 0} ↑n ↑N) (HDiv.hDiv.{0, 0, 0} ↑n' ↑N)))
              (abs.{0} (HSub.hSub.{0, 0, 0} (HDiv.hDiv.{0, 0, 0} ↑j ↑N) (HDiv.hDiv.{0, 0, 0} ↑j' ↑N))))))
  (hsmall :
    ∀ (epsilon : Real),
      GT.gt.{0} epsilon 0 →
        ∃ delta,
          And (GT.gt.{0} delta 0)
            (∃ N₀,
              ∀ (N : Nat),
                GE.ge.{0} N N₀ →
                  And (LT.lt.{0} 0 N)
                    (LT.lt.{0}
                      (HAdd.hAdd.{0, 0, 0} (HMul.hMul.{0, 0, 0} 2 (HAdd.hAdd.{0, 0, 0} (timeStep N) (spaceStep N)))
                        (omega (HAdd.hAdd.{0, 0, 0} delta (HDiv.hDiv.{0, 0, 0} 4 ↑N))))
                      epsilon))) :
  DerridaRetaux.EventuallyEquicontinuousOnL1 (fun N p => DerridaRetaux.gridBilinearInterp N (a N) p.1 p.2)
    (DerridaRetaux.compactRectangle eta T R)
'DerridaRetaux.gridBilinearInterp_family_eventuallyEquicontinuousOn_rectangle' depends on axioms: [propext,
 Classical.choice,
 Quot.sound]
DerridaRetaux.gridBilinearInterp_family_uniformlyBoundedOn_rectangle (a : Nat → Nat → Nat → Real) (eta T R C : Real)
  (hbound : ∀ (N n j : Nat), LT.lt.{0} 0 N → LE.le.{0} (abs.{0} (a N n j)) C) (N : Nat) :
  LT.lt.{0} 0 N →
    ∀ (p : Prod.{0, 0} Real Real),
      Membership.mem.{0, 0} (DerridaRetaux.compactRectangle eta T R) p →
        LE.le.{0} (abs.{0} (DerridaRetaux.gridBilinearInterp N (a N) p.1 p.2)) C
'DerridaRetaux.gridBilinearInterp_family_uniformlyBoundedOn_rectangle' depends on axioms: [propext,
 Classical.choice,
 Quot.sound]
DerridaRetaux.gridTimeArraySum_tendsto_of_uniform_approximation_on_Ioi (F : Nat → Nat → Real) (f : Real → Real)
  (hf : ContinuousOn.{0, 0} f (Set.Ioi.{0} 0)) (scale : Nat → Nat)
  (hscale : Filter.Tendsto.{0, 0} scale Filter.atTop.{0} Filter.atTop.{0}) (a b : Real) (ha : LT.lt.{0} 0 a)
  (hab : LE.le.{0} a b) (error : Nat → Real) (herror : Filter.Tendsto.{0, 0} error Filter.atTop.{0} (nhds.{0} 0))
  (happrox :
    ∀ (n : Nat),
      LT.lt.{0} 0 (scale n) →
        ∀ (s : Nat),
          Membership.mem.{0, 0}
              (Finset.Ico.{0} (DerridaRetaux.gridIndex (scale n) a) (DerridaRetaux.gridIndex (scale n) b)) s →
            LE.le.{0} (abs.{0} (HSub.hSub.{0, 0, 0} (F n s) (f (HDiv.hDiv.{0, 0, 0} ↑s ↑(scale n))))) (error n)) :
  Filter.Tendsto.{0, 0} (fun n => DerridaRetaux.gridTimeArraySum F scale n a b) Filter.atTop.{0}
    (nhds.{0} (∫ (t : Real) in a..b, f t))
'DerridaRetaux.gridTimeArraySum_tendsto_of_uniform_approximation_on_Ioi' depends on axioms: [propext,
 Classical.choice,
 Quot.sound]
DerridaRetaux.hasDerivAt_constructedEndpointAtTime (p : Real) (A0 Y Z : Real → Real) (t : Real) (hp : Ne.{1} p 0)
  (hY : HasDerivAt.{0, 0} Y (HMul.hMul.{0, 0, 0} (Neg.neg.{0} (A0 t)) (Y t)) t)
  (hZ :
    HasDerivAt.{0, 0} Z
      (HAdd.hAdd.{0, 0, 0} (HMul.hMul.{0, 0, 0} (A0 t) (Z t))
        (HMul.hMul.{0, 0, 0} (1 / 2) (HSub.hSub.{0, 0, 0} (HPow.hPow.{0, 0, 0} (Z t) 2) (HPow.hPow.{0, 0, 0} p 2))))
      t)
  (hInt : IntervalIntegrable.{0} Z MeasureTheory.volume.{0} 0 t)
  (hMeas : StronglyMeasurableAtFilter.{0, 0} Z (nhds.{0} t) MeasureTheory.volume.{0})
  (hCont : ContinuousAt.{0, 0} Z t) :
  HasDerivAt.{0, 0} (DerridaRetaux.constructedEndpointAtTime p Y Z)
    (HMul.hMul.{0, 0, 0} (Neg.neg.{0} (Y t)) (DerridaRetaux.constructedPhi Z t)) t
'DerridaRetaux.hasDerivAt_constructedEndpointAtTime' depends on axioms: [propext, Classical.choice, Quot.sound]
DerridaRetaux.hasDerivAt_constructedEndpointSolution_of_neg {κ c C p x : Real} {A0 A2 A3 Z : Real → Real}
  (hκ : LT.lt.{0} 0 κ) (hc : LT.lt.{0} 0 c) (hC : LT.lt.{0} 0 C) (hp : Ne.{1} p 0)
  (hA2 :
    ∀ (s : Real), LT.lt.{0} 0 s → HasDerivAt.{0, 0} A2 (HSub.hSub.{0, 0, 0} (HMul.hMul.{0, 0, 0} (A0 s) (A2 s)) 1) s)
  (hA3 : ∀ (s : Real), LT.lt.{0} 0 s → HasDerivAt.{0, 0} A3 (HMul.hMul.{0, 0, 0} (A0 s) (A3 s)) s)
  (hprodTop : Filter.Tendsto.{0, 0} (DerridaRetaux.stringA2Y κ A2 A3) Filter.atTop.{0} (nhds.{0} 0))
  (hbounds :
    ∀ (s : Real),
      LT.lt.{0} 0 s →
        And (LE.le.{0} (HMul.hMul.{0, 0, 0} c (HPow.hPow.{0, 0, 0} s 2)) (A3 s))
          (LE.le.{0} (A3 s) (HMul.hMul.{0, 0, 0} C (HPow.hPow.{0, 0, 0} s 2))))
  (hZ :
    ∀ (s : Real),
      LT.lt.{0} 0 s →
        HasDerivAt.{0, 0} Z
          (HAdd.hAdd.{0, 0, 0} (HMul.hMul.{0, 0, 0} (A0 s) (Z s))
            (HMul.hMul.{0, 0, 0} (1 / 2) (HSub.hSub.{0, 0, 0} (HPow.hPow.{0, 0, 0} (Z s) 2) (HPow.hPow.{0, 0, 0} p 2))))
          s)
  (hInt : ∀ (s : Real), LT.lt.{0} 0 s → IntervalIntegrable.{0} Z MeasureTheory.volume.{0} 0 s)
  (hMeas : ∀ (s : Real), LT.lt.{0} 0 s → StronglyMeasurableAtFilter.{0, 0} Z (nhds.{0} s) MeasureTheory.volume.{0})
  (hCont : ∀ (s : Real), LT.lt.{0} 0 s → ContinuousAt.{0, 0} Z s) (hx : LT.lt.{0} x 0) :
  HasDerivAt.{0, 0}
    (DerridaRetaux.constructedEndpointSolution p (DerridaRetaux.stringY κ A3) Z
      (DerridaRetaux.stringXiOrderIso κ A2 A3 ⋯ ⋯))
    (DerridaRetaux.constructedEndpointSlope Z (DerridaRetaux.stringXiOrderIso κ A2 A3 ⋯ ⋯) x) x
'DerridaRetaux.hasDerivAt_constructedEndpointSolution_of_neg' depends on axioms: [propext, Classical.choice, Quot.sound]
DerridaRetaux.hasDerivAt_constructedPhi (Z : Real → Real) (t : Real)
  (hInt : IntervalIntegrable.{0} Z MeasureTheory.volume.{0} 0 t)
  (hMeas : StronglyMeasurableAtFilter.{0, 0} Z (nhds.{0} t) MeasureTheory.volume.{0})
  (hCont : ContinuousAt.{0, 0} Z t) :
  HasDerivAt.{0, 0} (DerridaRetaux.constructedPhi Z)
    (HMul.hMul.{0, 0, 0} (HMul.hMul.{0, 0, 0} (Neg.neg.{0} (1 / 2)) (Z t)) (DerridaRetaux.constructedPhi Z t)) t
'DerridaRetaux.hasDerivAt_constructedPhi' depends on axioms: [propext, Classical.choice, Quot.sound]
DerridaRetaux.hasDerivAt_entranceSolutionFromEndpoint {f f' : Real → Real} {h x : Real} (hx : LT.lt.{0} x 0)
  (hfcont : ContinuousOn.{0, 0} f (Set.Iio.{0} 0)) (hfpos : ∀ (y : Real), LT.lt.{0} y 0 → LT.lt.{0} 0 (f y))
  (hlimit : Filter.Tendsto.{0, 0} (fun y => HAdd.hAdd.{0, 0, 0} (f y) y) Filter.atBot.{0} (nhds.{0} h))
  (hfderiv : HasDerivAt.{0, 0} f (f' x) x) :
  HasDerivAt.{0, 0} (DerridaRetaux.entranceSolutionFromEndpoint f)
    (DerridaRetaux.entranceSolutionFromEndpointSlope f f' x) x
'DerridaRetaux.hasDerivAt_entranceSolutionFromEndpoint' depends on axioms: [propext, Classical.choice, Quot.sound]
DerridaRetaux.hasDerivAt_entranceSolutionFromEndpointSlope {f f' q : Real → Real} {h x : Real} (hx : LT.lt.{0} x 0)
  (hfcont : ContinuousOn.{0, 0} f (Set.Iio.{0} 0)) (hfpos : ∀ (y : Real), LT.lt.{0} y 0 → LT.lt.{0} 0 (f y))
  (hlimit : Filter.Tendsto.{0, 0} (fun y => HAdd.hAdd.{0, 0, 0} (f y) y) Filter.atBot.{0} (nhds.{0} h))
  (hfderiv : HasDerivAt.{0, 0} f (f' x) x) (hfprimeDeriv : HasDerivAt.{0, 0} f' (HMul.hMul.{0, 0, 0} (q x) (f x)) x) :
  HasDerivAt.{0, 0} (DerridaRetaux.entranceSolutionFromEndpointSlope f f')
    (HMul.hMul.{0, 0, 0} (q x) (DerridaRetaux.entranceSolutionFromEndpoint f x)) x
'DerridaRetaux.hasDerivAt_entranceSolutionFromEndpointSlope' depends on axioms: [propext, Classical.choice, Quot.sound]
DerridaRetaux.hasDerivAt_momentLaplaceGap (A0 beta : Real → Real) (U : Real → Real → Real) (t p : Real)
  (hA0 :
    HasDerivAt.{0, 0} A0
      (HAdd.hAdd.{0, 0, 0} (Neg.neg.{0} (beta t)) (HMul.hMul.{0, 0, 0} (1 / 2) (HPow.hPow.{0, 0, 0} (A0 t) 2))) t)
  (hU :
    HasDerivAt.{0, 0} (fun s => U s p)
      (HSub.hSub.{0, 0, 0}
        (HAdd.hAdd.{0, 0, 0} (HMul.hMul.{0, 0, 0} p (U t p))
          (HMul.hMul.{0, 0, 0} (1 / 2) (HPow.hPow.{0, 0, 0} (U t p) 2)))
        (beta t))
      t) :
  HasDerivAt.{0, 0} (fun s => DerridaRetaux.momentLaplaceGap A0 U s p)
    (HAdd.hAdd.{0, 0, 0} (HMul.hMul.{0, 0, 0} (A0 t) (DerridaRetaux.momentLaplaceGap A0 U t p))
      (HMul.hMul.{0, 0, 0} (1 / 2)
        (HSub.hSub.{0, 0, 0} (HPow.hPow.{0, 0, 0} (DerridaRetaux.momentLaplaceGap A0 U t p) 2)
          (HPow.hPow.{0, 0, 0} p 2))))
    t
'DerridaRetaux.hasDerivAt_momentLaplaceGap' depends on axioms: [propext, Classical.choice, Quot.sound]
DerridaRetaux.hasDerivAt_stringA2Y (κ : Real) (A0 A2 A3 : Real → Real) {t : Real}
  (hA2 : HasDerivAt.{0, 0} A2 (HSub.hSub.{0, 0, 0} (HMul.hMul.{0, 0, 0} (A0 t) (A2 t)) 1) t)
  (hA3 : HasDerivAt.{0, 0} A3 (HMul.hMul.{0, 0, 0} (A0 t) (A3 t)) t) (hA3ne : Ne.{1} (A3 t) 0) :
  HasDerivAt.{0, 0} (DerridaRetaux.stringA2Y κ A2 A3) (Neg.neg.{0} (DerridaRetaux.stringY κ A3 t)) t
'DerridaRetaux.hasDerivAt_stringA2Y' depends on axioms: [propext, Classical.choice, Quot.sound]
DerridaRetaux.hasDerivAt_stringXiMassCoordinate {κ : Real} {A0 A2 A3 : Real → Real}
  (hmono : StrictMonoOn.{0, 0} (DerridaRetaux.stringXi κ A2 A3) (Set.Ioi.{0} 0))
  (hbij : Set.BijOn.{0, 0} (DerridaRetaux.stringXi κ A2 A3) (Set.Ioi.{0} 0) (Set.Iio.{0} 0)) {t : Real}
  (ht : LT.lt.{0} 0 t) (hκ : LT.lt.{0} 0 κ)
  (hA2 : HasDerivAt.{0, 0} A2 (HSub.hSub.{0, 0, 0} (HMul.hMul.{0, 0, 0} (A0 t) (A2 t)) 1) t)
  (hA3 : HasDerivAt.{0, 0} A3 (HMul.hMul.{0, 0, 0} (A0 t) (A3 t)) t) (hA3pos : LT.lt.{0} 0 (A3 t))
  (hint : IntervalIntegrable.{0} (fun s => HDiv.hDiv.{0, 0, 0} (A3 s) κ) MeasureTheory.volume.{0} 0 t)
  (hmeas :
    StronglyMeasurableAtFilter.{0, 0} (fun s => HDiv.hDiv.{0, 0, 0} (A3 s) κ) (nhds.{0} t) MeasureTheory.volume.{0}) :
  HasDerivAt.{0, 0} (DerridaRetaux.stringXiMassCoordinate κ A2 A3 hmono hbij)
    (HPow.hPow.{0, 0, 0} (Inv.inv.{0} (DerridaRetaux.stringY κ A3 t)) 2) (DerridaRetaux.stringXi κ A2 A3 t)
'DerridaRetaux.hasDerivAt_stringXiMassCoordinate' depends on axioms: [propext, Classical.choice, Quot.sound]
DerridaRetaux.hasDerivAt_stringY (κ : Real) (A0 A3 : Real → Real) {t : Real}
  (hA3 : HasDerivAt.{0, 0} A3 (HMul.hMul.{0, 0, 0} (A0 t) (A3 t)) t) (hA3ne : Ne.{1} (A3 t) 0) :
  HasDerivAt.{0, 0} (DerridaRetaux.stringY κ A3)
    (HMul.hMul.{0, 0, 0} (Neg.neg.{0} (A0 t)) (DerridaRetaux.stringY κ A3 t)) t
'DerridaRetaux.hasDerivAt_stringY' depends on axioms: [propext, Classical.choice, Quot.sound]
DerridaRetaux.hasIntegralDerivativeOn_Icc_of_local_uniform_and_L1 (FSeq : Nat → Real → Real) (F : Real → Real)
  (gSeq : Nat → Real → Real) (g : Real → Real)
  (hFSeq :
    ∀ (eta T : Real),
      LT.lt.{0} 0 eta →
        LE.le.{0} eta T → ∀ (n : Nat), DerridaRetaux.HasIntegralDerivativeOn (FSeq n) (gSeq n) (Set.Icc.{0} eta T))
  (hFuniform :
    ∀ (eta T : Real),
      LT.lt.{0} 0 eta →
        LE.le.{0} eta T → TendstoUniformly.{0, 0, 0} (fun n x => FSeq n ↑x) (fun x => F ↑x) Filter.atTop.{0})
  (hgL1 : ∀ (eta T : Real), LT.lt.{0} 0 eta → LE.le.{0} eta T → DerridaRetaux.TendstoInL1On gSeq g (Set.Icc.{0} eta T))
  (eta T : Real) : LT.lt.{0} 0 eta → LE.le.{0} eta T → DerridaRetaux.HasIntegralDerivativeOn F g (Set.Icc.{0} eta T)
'DerridaRetaux.hasIntegralDerivativeOn_Icc_of_local_uniform_and_L1' depends on axioms: [propext,
 Classical.choice,
 Quot.sound]
DerridaRetaux.hasIntegralDerivativeOn_of_tendstoUniformly_of_tendstoInL1On (FSeq : Nat → Real → Real) (F : Real → Real)
  (gSeq : Nat → Real → Real) (g : Real → Real) (K : Set.{0} Real)
  (hFSeq : ∀ (n : Nat), DerridaRetaux.HasIntegralDerivativeOn (FSeq n) (gSeq n) K)
  (hFuniform : TendstoUniformly.{0, 0, 0} (fun n x => FSeq n ↑x) (fun x => F ↑x) Filter.atTop.{0})
  (hgL1 : DerridaRetaux.TendstoInL1On gSeq g K) : DerridaRetaux.HasIntegralDerivativeOn F g K
'DerridaRetaux.hasIntegralDerivativeOn_of_tendstoUniformly_of_tendstoInL1On' depends on axioms: [propext,
 Classical.choice,
 Quot.sound]
DerridaRetaux.hasSum_cubicCarrier_natPred_convPow (m : Nat) (p : DerridaRetaux.ProbabilityMass) (hm : LE.le.{0} 2 m)
  (hcrit : DerridaRetaux.Critical m p) (hthird : DerridaRetaux.TiltSummable m 3 p) :
  HasSum.{0, 0}
    (fun V =>
      HMul.hMul.{0, 0, 0} (DerridaRetaux.cubicCarrier m (HSub.hSub.{0, 0, 0} V 1))
        (DerridaRetaux.convPow m (DerridaRetaux.normalizedTilt m p) V))
    (HMul.hMul.{0, 0, 0} (↑m) (DerridaRetaux.normalizedCubicMoment m p))
'DerridaRetaux.hasSum_cubicCarrier_natPred_convPow' depends on axioms: [propext, Classical.choice, Quot.sound]
DerridaRetaux.initialArrivalU24_tendsto_zero (m : Nat) (p₀ : DerridaRetaux.ProbabilityMass) (hm : LE.le.{0} 2 m)
  (hcrit : DerridaRetaux.Critical m p₀)
  (hnotBinaryFixedPoint : Not (And (Eq.{1} m 2) (Eq.{1} p₀ (DerridaRetaux.diracMass 1))))
  (hthird : DerridaRetaux.TiltSummable m 3 p₀) :
  Filter.Tendsto.{0, 0}
    (fun N =>
      HMul.hMul.{0, 0, 0} (HPow.hPow.{0, 0, 0} (↑N) 3)
        (HAdd.hAdd.{0, 0, 0} (DerridaRetaux.arrivalCoeff m p₀ 0 N)
          (DerridaRetaux.coefficientTail (DerridaRetaux.arrivalFormulaSource m p₀ 0) (HSub.hSub.{0, 0, 0} N 1))))
    Filter.atTop.{0} (nhds.{0} 0)
'DerridaRetaux.initialArrivalU24_tendsto_zero' depends on axioms: [propext, Classical.choice, Quot.sound]
DerridaRetaux.initialArrival_tail_limits (m : Nat) (p₀ : DerridaRetaux.ProbabilityMass) (hm : LE.le.{0} 2 m)
  (hcrit : DerridaRetaux.Critical m p₀)
  (hnotBinaryFixedPoint : Not (And (Eq.{1} m 2) (Eq.{1} p₀ (DerridaRetaux.diracMass 1))))
  (hthird : DerridaRetaux.TiltSummable m 3 p₀) :
  And
    (Filter.Tendsto.{0, 0}
      (fun N => HMul.hMul.{0, 0, 0} (HPow.hPow.{0, 0, 0} (↑N) 3) (DerridaRetaux.arrivalCoeff m p₀ 0 N)) Filter.atTop.{0}
      (nhds.{0} 0))
    (Filter.Tendsto.{0, 0}
      (fun N =>
        HMul.hMul.{0, 0, 0} (HPow.hPow.{0, 0, 0} (↑N) 3)
          (DerridaRetaux.coefficientTail (DerridaRetaux.arrivalFormulaSource m p₀ 0) (HSub.hSub.{0, 0, 0} N 1)))
      Filter.atTop.{0} (nhds.{0} 0))
'DerridaRetaux.initialArrival_tail_limits' depends on axioms: [propext, Classical.choice, Quot.sound]
DerridaRetaux.integral_cubicTail_le_of_finiteMeasure_tendsto_eventually
  (mus : Nat → MeasureTheory.FiniteMeasure.{0} Real) (mu : MeasureTheory.FiniteMeasure.{0} Real)
  (hmu : Filter.Tendsto.{0, 0} mus Filter.atTop.{0} (nhds.{0} mu)) (delta B : Real)
  (hmusIntegrable : ∀ (N : Nat), MeasureTheory.Integrable.{0, 0} (DerridaRetaux.cubicTailIntegrand delta) ↑(mus N))
  (hmuIntegrable : MeasureTheory.Integrable.{0, 0} (DerridaRetaux.cubicTailIntegrand delta) ↑mu)
  (hbound :
    ∀ᶠ (N : Nat) in Filter.atTop.{0}, LE.le.{0} (∫ (x : Real), DerridaRetaux.cubicTailIntegrand delta x ∂↑(mus N)) B) :
  LE.le.{0} (∫ (x : Real), DerridaRetaux.cubicTailIntegrand delta x ∂↑mu) B
'DerridaRetaux.integral_cubicTail_le_of_finiteMeasure_tendsto_eventually' depends on axioms: [propext,
 Classical.choice,
 Quot.sound]
DerridaRetaux.integral_cubicTail_scaledLatticeMeasure_eq_all (rho : DerridaRetaux.Seq) (N : Nat) (delta : Real)
  (hrho : ∀ (j : Nat), LE.le.{0} 0 (rho j)) (hzero : Summable.{0, 0} rho)
  (hthird : Summable.{0, 0} fun j => HMul.hMul.{0, 0, 0} (HPow.hPow.{0, 0, 0} (↑j) 3) (rho j)) :
  Eq.{1}
    (∫ (x : Real), DerridaRetaux.cubicTailIntegrand delta x ∂↑(DerridaRetaux.scaledLatticeMeasure rho N hrho hzero))
    (DerridaRetaux.scaledDiscreteMomentTail rho 3 N delta)
'DerridaRetaux.integral_cubicTail_scaledLatticeMeasure_eq_all' depends on axioms: [propext,
 Classical.choice,
 Quot.sound]
DerridaRetaux.integratedExpThirdRemainder_le_cutoff (μ : MeasureTheory.Measure.{0} Real) {p δ : Real}
  (hp : LE.le.{0} 0 p) (hδ : LE.le.{0} 0 δ)
  (hthird : MeasureTheory.IntegrableOn.{0, 0} (fun x => HPow.hPow.{0, 0, 0} x 3) (Set.Ici.{0} 0) μ) :
  LE.le.{0} (DerridaRetaux.integratedExpThirdRemainder μ p)
    (HAdd.hAdd.{0, 0, 0}
      (HMul.hMul.{0, 0, 0} (HDiv.hDiv.{0, 0, 0} (HMul.hMul.{0, 0, 0} (HPow.hPow.{0, 0, 0} p 4) δ) 24)
        (DerridaRetaux.positiveHalfLineMoment 3 μ))
      (HMul.hMul.{0, 0, 0} (HDiv.hDiv.{0, 0, 0} (HPow.hPow.{0, 0, 0} p 3) 6)
        (DerridaRetaux.positiveHalfLineThirdMomentTail μ δ)))
'DerridaRetaux.integratedExpThirdRemainder_le_cutoff' depends on axioms: [propext, Classical.choice, Quot.sound]
DerridaRetaux.integratedLaplaceSecondGap_eq (μ : MeasureTheory.Measure.{0} Real) {p : Real} (hp : LE.le.{0} 0 p)
  (hsecond : MeasureTheory.IntegrableOn.{0, 0} (fun x => HPow.hPow.{0, 0, 0} x 2) (Set.Ici.{0} 0) μ)
  (hthird : MeasureTheory.IntegrableOn.{0, 0} (fun x => HPow.hPow.{0, 0, 0} x 3) (Set.Ici.{0} 0) μ) :
  Eq.{1} (DerridaRetaux.integratedLaplaceSecondGap μ p)
    (HAdd.hAdd.{0, 0, 0}
      (HSub.hSub.{0, 0, 0}
        (HMul.hMul.{0, 0, 0} (HDiv.hDiv.{0, 0, 0} (HPow.hPow.{0, 0, 0} p 2) 2)
          (DerridaRetaux.positiveHalfLineMoment 2 μ))
        (HMul.hMul.{0, 0, 0} (HDiv.hDiv.{0, 0, 0} (HPow.hPow.{0, 0, 0} p 3) 6)
          (DerridaRetaux.positiveHalfLineMoment 3 μ)))
      (DerridaRetaux.integratedExpThirdRemainder μ p))
'DerridaRetaux.integratedLaplaceSecondGap_eq' depends on axioms: [propext, Classical.choice, Quot.sound]
DerridaRetaux.integratedLaplaceSecondGap_nonneg_and_le (μ : MeasureTheory.Measure.{0} Real) {p : Real}
  (hp : LE.le.{0} 0 p)
  (hsecond : MeasureTheory.IntegrableOn.{0, 0} (fun x => HPow.hPow.{0, 0, 0} x 2) (Set.Ici.{0} 0) μ) :
  And (LE.le.{0} 0 (DerridaRetaux.integratedLaplaceSecondGap μ p))
    (LE.le.{0} (DerridaRetaux.integratedLaplaceSecondGap μ p)
      (HMul.hMul.{0, 0, 0} (HDiv.hDiv.{0, 0, 0} (HPow.hPow.{0, 0, 0} p 2) 2)
        (DerridaRetaux.positiveHalfLineMoment 2 μ)))
'DerridaRetaux.integratedLaplaceSecondGap_nonneg_and_le' depends on axioms: [propext, Classical.choice, Quot.sound]
DerridaRetaux.integratedLaplaceSecondGap_pos (μ : MeasureTheory.Measure.{0} Real) {p : Real} (hp : LT.lt.{0} 0 p)
  (hfirst : MeasureTheory.IntegrableOn.{0, 0} (fun x => x) (Set.Ici.{0} 0) μ)
  (hsecond : MeasureTheory.IntegrableOn.{0, 0} (fun x => HPow.hPow.{0, 0, 0} x 2) (Set.Ici.{0} 0) μ)
  (hA1 : Eq.{1} (DerridaRetaux.positiveHalfLineMoment 1 μ) 1) :
  LT.lt.{0} 0 (DerridaRetaux.integratedLaplaceSecondGap μ p)
'DerridaRetaux.integratedLaplaceSecondGap_pos' depends on axioms: [propext, Classical.choice, Quot.sound]
DerridaRetaux.inversePower_succ_hasSum (m : Nat) (hm : LE.le.{0} 2 m) :
  HasSum.{0, 0} (fun j => Inv.inv.{0} (HPow.hPow.{0, 0, 0} (↑m) (HAdd.hAdd.{0, 0, 0} j 1)))
    (HDiv.hDiv.{0, 0, 0} 1 (HSub.hSub.{0, 0, 0} (↑m) 1))
'DerridaRetaux.inversePower_succ_hasSum' depends on axioms: [propext, Classical.choice, Quot.sound]
DerridaRetaux.kotaniCharacteristicFact_imp_cumulative_eq (M₁ M₂ : DerridaRetaux.EntranceString) (h₁ h₂ : Real → Real)
  (hentrance₁ : DerridaRetaux.IsEntranceType M₁) (hentrance₂ : DerridaRetaux.IsEntranceType M₂)
  (hsecond₁ : DerridaRetaux.HasSecondEntranceMoment M₁) (hsecond₂ : DerridaRetaux.HasSecondEntranceMoment M₂)
  (hright₁ : DerridaRetaux.HasRightEnd M₁ 0) (hright₂ : DerridaRetaux.HasRightEnd M₂ 0)
  (hcharacteristic₁ :
    ∀ (lambda : Real), LT.lt.{0} lambda 0 → DerridaRetaux.HasSingularCharacteristic M₁ lambda (h₁ lambda))
  (hcharacteristic₂ :
    ∀ (lambda : Real), LT.lt.{0} lambda 0 → DerridaRetaux.HasSingularCharacteristic M₂ lambda (h₂ lambda))
  (hequal : ∀ (lambda : Real), LT.lt.{0} lambda 0 → Eq.{1} (h₁ lambda) (h₂ lambda))
  (hfact :
    DerridaRetaux.KotaniCharacteristicFact M₁ M₂ h₁ h₂ hentrance₁ hentrance₂ hsecond₁ hsecond₂ hright₁ hright₂
      hcharacteristic₁ hcharacteristic₂ hequal)
  (x : Real) : Eq.{1} (DerridaRetaux.stringCumulative M₁ x) (DerridaRetaux.stringCumulative M₂ x)
'DerridaRetaux.kotaniCharacteristicFact_imp_cumulative_eq' depends on axioms: [propext, Classical.choice, Quot.sound]
DerridaRetaux.latticeLeftRiemannSum_tendsto_intervalIntegral (f : Real → Real) (R : Nat)
  (hf : ContinuousOn.{0, 0} f (Set.Icc.{0} 0 ↑R)) :
  Filter.Tendsto.{0, 0} (DerridaRetaux.latticeLeftRiemannSum f R) Filter.atTop.{0}
    (nhds.{0} (∫ (x : Real) in 0 ..↑R, f x))
'DerridaRetaux.latticeLeftRiemannSum_tendsto_intervalIntegral' depends on axioms: [propext,
 Classical.choice,
 Quot.sound]
DerridaRetaux.lawStep (m : Nat) (μ : PMF.{0} Nat) : PMF.{0} Nat
'DerridaRetaux.lawStep' depends on axioms: [propext, Classical.choice, Quot.sound]
DerridaRetaux.limit_cubicTail_le_of_scaledLatticeMeasuresAlong_tendsto_eventually (rho : Nat → DerridaRetaux.Seq)
  (scale : Nat → Nat) (mu : MeasureTheory.FiniteMeasure.{0} Real) (hrho : ∀ (k j : Nat), LE.le.{0} 0 (rho k j))
  (hzero : ∀ (k : Nat), Summable.{0, 0} (rho k))
  (hthird : ∀ (k : Nat), Summable.{0, 0} fun j => HMul.hMul.{0, 0, 0} (HPow.hPow.{0, 0, 0} (↑j) 3) (rho k j))
  (hweak :
    Filter.Tendsto.{0, 0} (DerridaRetaux.scaledLatticeMeasuresAlong rho scale hrho hzero) Filter.atTop.{0}
      (nhds.{0} mu))
  (delta B : Real) (hmuIntegrable : MeasureTheory.Integrable.{0, 0} (DerridaRetaux.cubicTailIntegrand delta) ↑mu)
  (hbound :
    ∀ᶠ (k : Nat) in Filter.atTop.{0}, LE.le.{0} (DerridaRetaux.scaledDiscreteMomentTail (rho k) 3 (scale k) delta) B) :
  LE.le.{0} (∫ (x : Real), DerridaRetaux.cubicTailIntegrand delta x ∂↑mu) B
'DerridaRetaux.limit_cubicTail_le_of_scaledLatticeMeasuresAlong_tendsto_eventually' depends on axioms: [propext,
 Classical.choice,
 Quot.sound]
DerridaRetaux.locallyUniformLatticeDensity_of_orbitScaledGrid_exhaustionLimits (m : Nat)
  (p₀ : DerridaRetaux.ProbabilityMass) (phi : Nat → Nat)
  (g : (k : Nat) → BoundedContinuousFunction.{0, 0} (↑(DerridaRetaux.gridExhaustionRectangle k)) Real)
  (hlim :
    ∀ (k : Nat),
      TendstoUniformly.{0, 0, 0}
        (fun n p => DerridaRetaux.gridBilinearInterp (phi n) (DerridaRetaux.orbitScaledGrid m p₀ (phi n)) (↑p).1 (↑p).2)
        (fun p => (g k) p) Filter.atTop.{0}) :
  DerridaRetaux.LocallyUniformLatticeDensity
    (fun n => DerridaRetaux.positiveTiltedDensity m (DerridaRetaux.orbit m p₀ (phi n))) phi
    (DerridaRetaux.gluedExhaustionTimeOneSlice g)
'DerridaRetaux.locallyUniformLatticeDensity_of_orbitScaledGrid_exhaustionLimits' depends on axioms: [propext,
 Classical.choice,
 Quot.sound]
DerridaRetaux.modelEntranceString (d : Real) : DerridaRetaux.EntranceString
'DerridaRetaux.modelEntranceString' depends on axioms: [propext, Classical.choice, Quot.sound]
DerridaRetaux.modelEntranceString_correctRightEnd {d : Real} (hd : Ne.{1} d 0) :
  And (Eq.{1} (DerridaRetaux.EntranceString.endpoint (DerridaRetaux.modelEntranceString d)) 0)
    (Filter.Tendsto.{0, 0} (DerridaRetaux.stringCumulative (DerridaRetaux.modelEntranceString d))
      (nhdsWithin.{0} (DerridaRetaux.EntranceString.endpoint (DerridaRetaux.modelEntranceString d))
        (Set.Iio.{0} (DerridaRetaux.EntranceString.endpoint (DerridaRetaux.modelEntranceString d))))
      (nhds.{0} Top.top.{0}))
'DerridaRetaux.modelEntranceString_correctRightEnd' depends on axioms: [propext, Classical.choice, Quot.sound]
DerridaRetaux.modelEntranceString_hasRightEnd_zero {d : Real} (hd : Ne.{1} d 0) :
  DerridaRetaux.HasRightEnd (DerridaRetaux.modelEntranceString d) 0
'DerridaRetaux.modelEntranceString_hasRightEnd_zero' depends on axioms: [propext, Classical.choice, Quot.sound]
DerridaRetaux.modelEntranceString_hasSecondEntranceMoment (d : Real) :
  DerridaRetaux.HasSecondEntranceMoment (DerridaRetaux.modelEntranceString d)
'DerridaRetaux.modelEntranceString_hasSecondEntranceMoment' depends on axioms: [propext, Classical.choice, Quot.sound]
DerridaRetaux.modelEntranceString_hasSingularCharacteristic {d p : Real} (hd : LT.lt.{0} 0 d) (hp : LT.lt.{0} 0 p) :
  DerridaRetaux.HasSingularCharacteristic (DerridaRetaux.modelEntranceString d)
    (Neg.neg.{0} (HDiv.hDiv.{0, 0, 0} (HPow.hPow.{0, 0, 0} p 2) 4))
    (HDiv.hDiv.{0, 0, 0} (HMul.hMul.{0, 0, 0} (Neg.neg.{0} d) p) 2)
'DerridaRetaux.modelEntranceString_hasSingularCharacteristic' depends on axioms: [propext, Classical.choice, Quot.sound]
DerridaRetaux.modelEntranceString_hasSingularCharacteristic_of_neg {d lambda : Real} (hd : LT.lt.{0} 0 d)
  (hlambda : LT.lt.{0} lambda 0) :
  DerridaRetaux.HasSingularCharacteristic (DerridaRetaux.modelEntranceString d) lambda
    (HMul.hMul.{0, 0, 0} (Neg.neg.{0} d) (Real.sqrt (Neg.neg.{0} lambda)))
'DerridaRetaux.modelEntranceString_hasSingularCharacteristic_of_neg' depends on axioms: [propext,
 Classical.choice,
 Quot.sound]
DerridaRetaux.modelEntranceString_isEntranceType {d : Real} (hd : Ne.{1} d 0) :
  DerridaRetaux.IsEntranceType (DerridaRetaux.modelEntranceString d)
'DerridaRetaux.modelEntranceString_isEntranceType' depends on axioms: [propext, Classical.choice, Quot.sound]
DerridaRetaux.modelStringDensity (d x : Real) : Real
'DerridaRetaux.modelStringDensity' depends on axioms: [propext, Classical.choice, Quot.sound]
DerridaRetaux.modelStringEndpointSolutionDeriv_neg {d p x : Real} (hd : LT.lt.{0} 0 d) (hp : LT.lt.{0} 0 p)
  (hx : LT.lt.{0} x 0) : LT.lt.{0} (DerridaRetaux.modelStringEndpointSolutionDeriv d p x) 0
'DerridaRetaux.modelStringEndpointSolutionDeriv_neg' depends on axioms: [propext, Classical.choice, Quot.sound]
DerridaRetaux.modelStringEndpointSolution_ode (d p : Real) {x : Real} (hx : LT.lt.{0} x 0) :
  Eq.{1} (DerridaRetaux.modelStringEndpointSolutionSecond d p x)
    (HMul.hMul.{0, 0, 0}
      (HMul.hMul.{0, 0, 0} (HDiv.hDiv.{0, 0, 0} (HPow.hPow.{0, 0, 0} p 2) 4) (DerridaRetaux.modelStringDensity d x))
      (DerridaRetaux.modelStringEndpointSolution d p x))
'DerridaRetaux.modelStringEndpointSolution_ode' depends on axioms: [propext, Classical.choice, Quot.sound]
DerridaRetaux.modelStringEndpointSolution_pos (d p : Real) {x : Real} (hx : LT.lt.{0} x 0) :
  LT.lt.{0} 0 (DerridaRetaux.modelStringEndpointSolution d p x)
'DerridaRetaux.modelStringEndpointSolution_pos' depends on axioms: [propext, Classical.choice, Quot.sound]
DerridaRetaux.modelStringEntranceSolution_isVolterra {d p : Real} (hd : LT.lt.{0} 0 d) (hp : LT.lt.{0} 0 p) :
  DerridaRetaux.IsEntranceNormalizedVolterraSolution (DerridaRetaux.modelEntranceString d)
    (Neg.neg.{0} (HDiv.hDiv.{0, 0, 0} (HPow.hPow.{0, 0, 0} p 2) 4)) (DerridaRetaux.modelStringEntranceSolution d p)
'DerridaRetaux.modelStringEntranceSolution_isVolterra' depends on axioms: [propext, Classical.choice, Quot.sound]
DerridaRetaux.modelStringMass (d : Real) : MeasureTheory.Measure.{0} Real
'DerridaRetaux.modelStringMass' depends on axioms: [propext, Classical.choice, Quot.sound]
DerridaRetaux.model_stringCumulative_of_neg (d : Real) {b : Real} (hb : LT.lt.{0} b 0) :
  Eq.{1} (DerridaRetaux.stringCumulative (DerridaRetaux.modelEntranceString d) b)
    (ENNReal.ofReal (DerridaRetaux.modelStringCumulativeReal d b))
'DerridaRetaux.model_stringCumulative_of_neg' depends on axioms: [propext, Classical.choice, Quot.sound]
DerridaRetaux.model_stringCumulative_of_nonneg {d x : Real} (hd : Ne.{1} d 0) (hx : LE.le.{0} 0 x) :
  Eq.{1} (DerridaRetaux.stringCumulative (DerridaRetaux.modelEntranceString d) x) Top.top.{0}
'DerridaRetaux.model_stringCumulative_of_nonneg' depends on axioms: [propext, Classical.choice, Quot.sound]
DerridaRetaux.monotoneOn_entranceSolutionFromEndpoint {f f' : Real → Real} {h : Real}
  (hfcont : ContinuousOn.{0, 0} f (Set.Iio.{0} 0)) (hfpos : ∀ (y : Real), LT.lt.{0} y 0 → LT.lt.{0} 0 (f y))
  (hlimit : Filter.Tendsto.{0, 0} (fun y => HAdd.hAdd.{0, 0, 0} (f y) y) Filter.atBot.{0} (nhds.{0} h))
  (hfderiv : ∀ (y : Real), LT.lt.{0} y 0 → HasDerivAt.{0, 0} f (f' y) y)
  (hfprimeNeg : ∀ (y : Real), LT.lt.{0} y 0 → LT.lt.{0} (f' y) 0) (hfprimeMono : MonotoneOn.{0, 0} f' (Set.Iio.{0} 0)) :
  MonotoneOn.{0, 0} (DerridaRetaux.entranceSolutionFromEndpoint f) (Set.Iio.{0} 0)
'DerridaRetaux.monotoneOn_entranceSolutionFromEndpoint' depends on axioms: [propext, Classical.choice, Quot.sound]
DerridaRetaux.natFloor_window_div_cofinal_tendsto (scale : Nat → Nat)
  (hscale : Filter.Tendsto.{0, 0} scale Filter.atTop.{0} Filter.atTop.{0}) (t₀ t : Real) (ht₀ : LT.lt.{0} 0 t₀)
  (hwindow : LE.le.{0} t₀ t) :
  Filter.Tendsto.{0, 0}
    (fun k =>
      HDiv.hDiv.{0, 0, 0}
        ↑(HSub.hSub.{0, 0, 0} (Nat.floor.{0} (HMul.hMul.{0, 0, 0} t ↑(scale k)))
            (Nat.floor.{0} (HMul.hMul.{0, 0, 0} t₀ ↑(scale k))))
        ↑(scale k))
    Filter.atTop.{0} (nhds.{0} (HSub.hSub.{0, 0, 0} t t₀))
'DerridaRetaux.natFloor_window_div_cofinal_tendsto' depends on axioms: [propext, Classical.choice, Quot.sound]
DerridaRetaux.nat_mul_inversePower_succ_hasSum (m : Nat) (hm : LE.le.{0} 2 m) :
  HasSum.{0, 0} (fun j => HMul.hMul.{0, 0, 0} (↑j) (Inv.inv.{0} (HPow.hPow.{0, 0, 0} (↑m) (HAdd.hAdd.{0, 0, 0} j 1))))
    (HDiv.hDiv.{0, 0, 0} 1 (HPow.hPow.{0, 0, 0} (HSub.hSub.{0, 0, 0} (↑m) 1) 2))
'DerridaRetaux.nat_mul_inversePower_succ_hasSum' depends on axioms: [propext, Classical.choice, Quot.sound]
DerridaRetaux.no_eventual_subquadratic_poweredPrefixProduct_bound (m : Nat) (G : Nat → Real) (p : Real)
  (hm : LE.le.{0} 2 m) (hp : LT.lt.{0} 0 p) (hpTwo : LT.lt.{0} p 2) (hG : ∀ (n : Nat), LE.le.{0} 1 (G n))
  (hlimit :
    Filter.Tendsto.{0, 0} (fun n => HMul.hMul.{0, 0, 0} (↑n) (HSub.hSub.{0, 0, 0} (G n) 1)) Filter.atTop.{0}
      (nhds.{0} (HDiv.hDiv.{0, 0, 0} 2 (HSub.hSub.{0, 0, 0} (↑m) 1)))) :
  Not
    (∃ C,
      And (LT.lt.{0} 0 C)
        (∀ᶠ (n : Nat) in Filter.atTop.{0},
          LE.le.{0} (DerridaRetaux.poweredPrefixProduct G (HSub.hSub.{0, 0, 0} m 1) n)
            (HMul.hMul.{0, 0, 0} C (Real.rpow (↑n) p))))
'DerridaRetaux.no_eventual_subquadratic_poweredPrefixProduct_bound' depends on axioms: [propext,
 Classical.choice,
 Quot.sound]
DerridaRetaux.normalizedCubicMoment_drStep_cross (m : Nat) (p : DerridaRetaux.ProbabilityMass) (hm : LE.le.{0} 2 m)
  (hcrit : DerridaRetaux.Critical m p) (hthird : DerridaRetaux.TiltSummable m 3 p) :
  Eq.{1}
    (HMul.hMul.{0, 0, 0} (DerridaRetaux.tiltDenom m p)
      (DerridaRetaux.normalizedCubicMoment m (DerridaRetaux.drStep m p)))
    (HMul.hMul.{0, 0, 0} (↑m) (DerridaRetaux.normalizedCubicMoment m p))
'DerridaRetaux.normalizedCubicMoment_drStep_cross' depends on axioms: [propext, Classical.choice, Quot.sound]
DerridaRetaux.normalizedCubicMoment_eqJ (m : Nat) (p₀ : DerridaRetaux.ProbabilityMass) (hm : LE.le.{0} 2 m)
  (hcrit : DerridaRetaux.Critical m p₀) (hthird : DerridaRetaux.TiltSummable m 3 p₀)
  (hnonconstant : Not (DerridaRetaux.IsDirac p₀))
  (hProduct : DerridaRetaux.CDHLSProductFact m p₀ hm hcrit hnonconstant) :
  ∃ C,
    And (LT.lt.{0} 0 C)
      (And (∀ (n : Nat), LT.lt.{0} 0 (DerridaRetaux.normalizedCubicMoment m (DerridaRetaux.orbit m p₀ n)))
        (And
          (∀ (n : Nat),
            Eq.{1}
              (HMul.hMul.{0, 0, 0} (DerridaRetaux.tiltDenom m (DerridaRetaux.orbit m p₀ n))
                (DerridaRetaux.normalizedCubicMoment m (DerridaRetaux.orbit m p₀ (HAdd.hAdd.{0, 0, 0} n 1))))
              (HMul.hMul.{0, 0, 0} (↑m) (DerridaRetaux.normalizedCubicMoment m (DerridaRetaux.orbit m p₀ n))))
          (And
            (∀ (n : Nat),
              Eq.{1} (DerridaRetaux.normalizedCubicMoment m (DerridaRetaux.orbit m p₀ n))
                (HMul.hMul.{0, 0, 0}
                  (HMul.hMul.{0, 0, 0} (DerridaRetaux.normalizedCubicMoment m p₀)
                    (HDiv.hDiv.{0, 0, 0} (DerridaRetaux.tiltedPartition m p₀)
                      (DerridaRetaux.tiltedPartition m (DerridaRetaux.orbit m p₀ n))))
                  (DerridaRetaux.criticalProduct m p₀ n)))
            (∀ (n : Nat),
              LE.le.{0} (DerridaRetaux.normalizedCubicMoment m (DerridaRetaux.orbit m p₀ n))
                (HMul.hMul.{0, 0, 0} C (HPow.hPow.{0, 0, 0} (↑(HAdd.hAdd.{0, 0, 0} n 1)) 2))))))
'DerridaRetaux.normalizedCubicMoment_eqJ' depends on axioms: [propext, Classical.choice, Quot.sound]
DerridaRetaux.normalizedCubicMoment_pos_of_profileInitialData (m : Nat) (data : DerridaRetaux.ProfileInitialData m) :
  LT.lt.{0} 0
    (DerridaRetaux.normalizedCubicMoment m
      (DerridaRetaux.CriticalInitialData.law (DerridaRetaux.ProfileInitialData.toCriticalInitialData data)))
'DerridaRetaux.normalizedCubicMoment_pos_of_profileInitialData' depends on axioms: [propext,
 Classical.choice,
 Quot.sound]
DerridaRetaux.normalizedCubicMoment_profile_orbit_pos (m : Nat) (data : DerridaRetaux.ProfileInitialData m) (n : Nat) :
  LT.lt.{0} 0
    (DerridaRetaux.normalizedCubicMoment m
      (DerridaRetaux.orbit m
        (DerridaRetaux.CriticalInitialData.law (DerridaRetaux.ProfileInitialData.toCriticalInitialData data)) n))
'DerridaRetaux.normalizedCubicMoment_profile_orbit_pos' depends on axioms: [propext, Classical.choice, Quot.sound]
DerridaRetaux.normalizedTilt (m : Nat) (p : DerridaRetaux.ProbabilityMass) : DerridaRetaux.Seq
'DerridaRetaux.normalizedTilt' depends on axioms: [propext, Classical.choice, Quot.sound]
DerridaRetaux.normalizedTiltGeneratingFunction_orbit_succ (z : Real) (m : Nat) (p₀ : DerridaRetaux.ProbabilityMass)
  (hm : LE.le.{0} 1 m) (hcrit : DerridaRetaux.Critical m p₀) (n : Nat)
  (hn : DerridaRetaux.GeneratingSummable (HMul.hMul.{0, 0, 0} (↑m) z) (DerridaRetaux.orbit m p₀ n))
  (hsucc :
    DerridaRetaux.GeneratingSummable (HMul.hMul.{0, 0, 0} (↑m) z) (DerridaRetaux.orbit m p₀ (HAdd.hAdd.{0, 0, 0} n 1)))
  (hz : Ne.{1} z 0) :
  Eq.{1} (DerridaRetaux.normalizedTiltGeneratingFunction z m (DerridaRetaux.orbit m p₀ (HAdd.hAdd.{0, 0, 0} n 1)))
    (HDiv.hDiv.{0, 0, 0}
      (HAdd.hAdd.{0, 0, 0}
        (HPow.hPow.{0, 0, 0} (DerridaRetaux.normalizedTiltGeneratingFunction z m (DerridaRetaux.orbit m p₀ n)) m)
        (HMul.hMul.{0, 0, 0} (HSub.hSub.{0, 0, 0} (HMul.hMul.{0, 0, 0} (↑m) z) 1)
          (HPow.hPow.{0, 0, 0} (DerridaRetaux.zeroTilt m (DerridaRetaux.orbit m p₀ n)) m)))
      (HMul.hMul.{0, 0, 0} z (DerridaRetaux.tiltDenom m (DerridaRetaux.orbit m p₀ n))))
'DerridaRetaux.normalizedTiltGeneratingFunction_orbit_succ' depends on axioms: [propext, Classical.choice, Quot.sound]
DerridaRetaux.normalizedTilt_hasSum (m : Nat) (p : DerridaRetaux.ProbabilityMass) (hm : LE.le.{0} 1 m)
  (hcrit : DerridaRetaux.Critical m p) : HasSum.{0, 0} (DerridaRetaux.normalizedTilt m p) 1
'DerridaRetaux.normalizedTilt_hasSum' depends on axioms: [propext, Classical.choice, Quot.sound]
DerridaRetaux.normalizedTilt_lowMoments_orbit (m : Nat) (p₀ : DerridaRetaux.ProbabilityMass) (hm : LE.le.{0} 2 m)
  (hcrit : DerridaRetaux.Critical m p₀) (hthird : DerridaRetaux.TiltSummable m 3 p₀)
  (hnonconstant : Not (DerridaRetaux.IsDirac p₀))
  (hProduct : DerridaRetaux.CDHLSProductFact m p₀ hm hcrit hnonconstant) :
  ∃ C,
    And (LT.lt.{0} 0 C)
      (∀ (n : Nat),
        And
          (LE.le.{0}
            (∑' (k : Nat),
              HMul.hMul.{0, 0, 0} (HPow.hPow.{0, 0, 0} (↑k) 3)
                (DerridaRetaux.normalizedTilt m (DerridaRetaux.orbit m p₀ n) k))
            (HMul.hMul.{0, 0, 0} C (HPow.hPow.{0, 0, 0} (↑(HAdd.hAdd.{0, 0, 0} n 1)) 2)))
          (LE.le.{0}
            (∑' (k : Nat),
              HMul.hMul.{0, 0, 0} (HPow.hPow.{0, 0, 0} (↑k) 2)
                (DerridaRetaux.normalizedTilt m (DerridaRetaux.orbit m p₀ n) k))
            (HMul.hMul.{0, 0, 0} C ↑(HAdd.hAdd.{0, 0, 0} n 1))))
'DerridaRetaux.normalizedTilt_lowMoments_orbit' depends on axioms: [propext, Classical.choice, Quot.sound]
DerridaRetaux.normalizedTilt_mean_hasSum (m : Nat) (p : DerridaRetaux.ProbabilityMass) (hm : LE.le.{0} 1 m)
  (hcrit : DerridaRetaux.Critical m p) :
  HasSum.{0, 0} (fun k => HMul.hMul.{0, 0, 0} (↑k) (DerridaRetaux.normalizedTilt m p k))
    (HDiv.hDiv.{0, 0, 0} 1 (HSub.hSub.{0, 0, 0} (↑m) 1))
'DerridaRetaux.normalizedTilt_mean_hasSum' depends on axioms: [propext, Classical.choice, Quot.sound]
DerridaRetaux.one_le_entranceSolutionFromEndpoint {f f' : Real → Real} {h x : Real} (hx : LT.lt.{0} x 0)
  (hfcont : ContinuousOn.{0, 0} f (Set.Iio.{0} 0)) (hfpos : ∀ (y : Real), LT.lt.{0} y 0 → LT.lt.{0} 0 (f y))
  (hlimit : Filter.Tendsto.{0, 0} (fun y => HAdd.hAdd.{0, 0, 0} (f y) y) Filter.atBot.{0} (nhds.{0} h))
  (hfderiv : ∀ (y : Real), LT.lt.{0} y 0 → HasDerivAt.{0, 0} f (f' y) y)
  (hfprimeNeg : ∀ (y : Real), LT.lt.{0} y 0 → LT.lt.{0} (f' y) 0) (hfprimeMono : MonotoneOn.{0, 0} f' (Set.Iio.{0} 0))
  (hfprimeLimit : Filter.Tendsto.{0, 0} f' Filter.atBot.{0} (nhds.{0} (-1))) :
  LE.le.{0} 1 (DerridaRetaux.entranceSolutionFromEndpoint f x)
'DerridaRetaux.one_le_entranceSolutionFromEndpoint' depends on axioms: [propext, Classical.choice, Quot.sound]
DerridaRetaux.orbit (m : Nat) (p₀ : DerridaRetaux.ProbabilityMass) : Nat → DerridaRetaux.ProbabilityMass
'DerridaRetaux.orbit' depends on axioms: [propext, Classical.choice, Quot.sound]
DerridaRetaux.orbitExcess_bound_all (m : Nat) (p₀ : DerridaRetaux.ProbabilityMass) (hm : LE.le.{0} 2 m)
  (hcrit : DerridaRetaux.Critical m p₀) (hthird : DerridaRetaux.TiltSummable m 3 p₀)
  (hnonconstant : Not (DerridaRetaux.IsDirac p₀))
  (hExcess : DerridaRetaux.CDHLSExcessFact m p₀ hm hcrit hthird hnonconstant) :
  ∃ C,
    And (LT.lt.{0} 0 C)
      (∀ (n : Nat),
        And (LE.le.{0} 0 (DerridaRetaux.orbitExcess m p₀ n))
          (LE.le.{0} (DerridaRetaux.orbitExcess m p₀ n) (HDiv.hDiv.{0, 0, 0} C ↑(HAdd.hAdd.{0, 0, 0} n 1))))
'DerridaRetaux.orbitExcess_bound_all' depends on axioms: [propext, Classical.choice, Quot.sound]
DerridaRetaux.orbitPositiveTiltMass_bound_all (m : Nat) (p₀ : DerridaRetaux.ProbabilityMass) (hm : LE.le.{0} 2 m)
  (hcrit : DerridaRetaux.Critical m p₀) (hthird : DerridaRetaux.TiltSummable m 3 p₀)
  (hnonconstant : Not (DerridaRetaux.IsDirac p₀))
  (hExcess : DerridaRetaux.CDHLSExcessFact m p₀ hm hcrit hthird hnonconstant) :
  ∃ C,
    And (LT.lt.{0} 0 C)
      (∀ (n : Nat),
        And (LE.le.{0} 0 (DerridaRetaux.orbitPositiveTiltMass m p₀ n))
          (LE.le.{0} (DerridaRetaux.orbitPositiveTiltMass m p₀ n) (HDiv.hDiv.{0, 0, 0} C ↑(HAdd.hAdd.{0, 0, 0} n 1))))
'DerridaRetaux.orbitPositiveTiltMass_bound_all' depends on axioms: [propext, Classical.choice, Quot.sound]
DerridaRetaux.orbitPositiveTilt_eq_product_shift_arrival (m : Nat) (p₀ : DerridaRetaux.ProbabilityMass)
  (hm : LE.le.{0} 2 m) (hcrit : DerridaRetaux.Critical m p₀)
  (hnotBinaryFixedPoint : Not (And (Eq.{1} m 2) (Eq.{1} p₀ (DerridaRetaux.diracMass 1)))) (s : Nat) :
  Eq.{1} (DerridaRetaux.orbitPositiveTilt m p₀ s) fun k =>
    HMul.hMul.{0, 0, 0} (DerridaRetaux.arrivalProduct m p₀ s)
      (DerridaRetaux.shiftByInt (HSub.hSub.{0, 0, 0} 1 ↑s) (DerridaRetaux.arrivalCoeff m p₀ s) k)
'DerridaRetaux.orbitPositiveTilt_eq_product_shift_arrival' depends on axioms: [propext, Classical.choice, Quot.sound]
DerridaRetaux.orbitScaledGridStepError_tendsto_zero (C : Real) :
  Filter.Tendsto.{0, 0} (DerridaRetaux.orbitScaledGridStepError C) Filter.atTop.{0} (nhds.{0} 0)
'DerridaRetaux.orbitScaledGridStepError_tendsto_zero' depends on axioms: [propext, Classical.choice, Quot.sound]
DerridaRetaux.orbitScaledGrid_adjacent_le_of_gradient (m : Nat) (p₀ : DerridaRetaux.ProbabilityMass) (C : Real)
  (hgradient :
    ∀ (n : Nat),
      DerridaRetaux.WeightedSupThreeLE (DerridaRetaux.profileScale n)
        (DerridaRetaux.discreteDerivative (DerridaRetaux.positiveTiltedDensity m (DerridaRetaux.orbit m p₀ n)))
        (HDiv.hDiv.{0, 0, 0} (HMul.hMul.{0, 0, 0} C (Real.log (HAdd.hAdd.{0, 0, 0} (↑n) 2)))
          (HPow.hPow.{0, 0, 0} (DerridaRetaux.profileScale n) 3)))
  (N : Nat) (_hN : LT.lt.{0} 0 N) (j : Nat) :
  LE.le.{0}
    (abs.{0}
      (HSub.hSub.{0, 0, 0} (DerridaRetaux.orbitScaledGrid m p₀ N N (HAdd.hAdd.{0, 0, 0} j 1))
        (DerridaRetaux.orbitScaledGrid m p₀ N N j)))
    (DerridaRetaux.orbitScaledGridStepError C N)
'DerridaRetaux.orbitScaledGrid_adjacent_le_of_gradient' depends on axioms: [propext, Classical.choice, Quot.sound]
DerridaRetaux.orbitTransportDefect_summable (m : Nat) (p₀ : DerridaRetaux.ProbabilityMass) (hm : LE.le.{0} 2 m)
  (hcrit : DerridaRetaux.Critical m p₀) (hthird : DerridaRetaux.TiltSummable m 3 p₀)
  (hnonconstant : Not (DerridaRetaux.IsDirac p₀))
  (hExcess : DerridaRetaux.CDHLSExcessFact m p₀ hm hcrit hthird hnonconstant) :
  Summable.{0, 0} fun n => DerridaRetaux.orbitTransportDefect m p₀ n
'DerridaRetaux.orbitTransportDefect_summable' depends on axioms: [propext, Classical.choice, Quot.sound]
DerridaRetaux.orbitZeroTilt_inverse_uniform (m : Nat) (p₀ : DerridaRetaux.ProbabilityMass) (hm : LE.le.{0} 2 m)
  (hcrit : DerridaRetaux.Critical m p₀)
  (hnotBinaryFixedPoint : Not (And (Eq.{1} m 2) (Eq.{1} p₀ (DerridaRetaux.diracMass 1))))
  (hdefect :
    Summable.{0, 0} fun n => HSub.hSub.{0, 0, 0} 1 (DerridaRetaux.transportCoeff m (DerridaRetaux.orbit m p₀ n))) :
  ∃ B,
    And (LT.lt.{0} 0 B) (∀ (n : Nat), LE.le.{0} (Inv.inv.{0} (DerridaRetaux.zeroTilt m (DerridaRetaux.orbit m p₀ n))) B)
'DerridaRetaux.orbitZeroTilt_inverse_uniform' depends on axioms: [propext, Classical.choice, Quot.sound]
DerridaRetaux.orbitZeroTilt_succ_eq_transportCoeff_mul (m : Nat) (p₀ : DerridaRetaux.ProbabilityMass)
  (hm : LE.le.{0} 1 m) (hcrit : DerridaRetaux.Critical m p₀) (n : Nat) :
  Eq.{1} (DerridaRetaux.zeroTilt m (DerridaRetaux.orbit m p₀ (HAdd.hAdd.{0, 0, 0} n 1)))
    (HMul.hMul.{0, 0, 0} (DerridaRetaux.transportCoeff m (DerridaRetaux.orbit m p₀ n))
      (HAdd.hAdd.{0, 0, 0} (DerridaRetaux.zeroTilt m (DerridaRetaux.orbit m p₀ n))
        (DerridaRetaux.firstTiltedAtom m p₀ n)))
'DerridaRetaux.orbitZeroTilt_succ_eq_transportCoeff_mul' depends on axioms: [propext, Classical.choice, Quot.sound]
DerridaRetaux.orbit_critical (m : Nat) (p₀ : DerridaRetaux.ProbabilityMass) (hm : LE.le.{0} 1 m)
  (h : DerridaRetaux.Critical m p₀) (n : Nat) : DerridaRetaux.Critical m (DerridaRetaux.orbit m p₀ n)
'DerridaRetaux.orbit_critical' depends on axioms: [propext, Classical.choice, Quot.sound]
DerridaRetaux.orbit_criticalProduct_sub_two_log_isLittleO (m : Nat) (p0 : DerridaRetaux.ProbabilityMass)
  (hm : LE.le.{0} 2 m) (hcrit : DerridaRetaux.Critical m p0)
  (hlimit :
    Filter.Tendsto.{0, 0}
      (fun n =>
        HMul.hMul.{0, 0, 0} (↑n) (HSub.hSub.{0, 0, 0} (DerridaRetaux.tiltedPartition m (DerridaRetaux.orbit m p0 n)) 1))
      Filter.atTop.{0} (nhds.{0} (HDiv.hDiv.{0, 0, 0} 2 (HSub.hSub.{0, 0, 0} (↑m) 1)))) :
  Asymptotics.IsLittleO.{0, 0, 0} Filter.atTop.{0}
    (fun n =>
      HSub.hSub.{0, 0, 0} (Real.log (DerridaRetaux.criticalProduct m p0 n)) (HMul.hMul.{0, 0, 0} 2 (Real.log ↑n)))
    fun n => Real.log ↑n
'DerridaRetaux.orbit_criticalProduct_sub_two_log_isLittleO' depends on axioms: [propext, Classical.choice, Quot.sound]
DerridaRetaux.orbit_densityD_natFloor_tendsto_half_of_H1a (m : Nat) (p₀ : DerridaRetaux.ProbabilityMass)
  (hm : LE.le.{0} 2 m) (hcrit : DerridaRetaux.Critical m p₀) (hthird : DerridaRetaux.TiltSummable m 3 p₀)
  (hnonconstant : Not (DerridaRetaux.IsDirac p₀))
  (hExcess : DerridaRetaux.CDHLSExcessFact m p₀ hm hcrit hthird hnonconstant) (scale : Nat → Nat)
  (hscale : Filter.Tendsto.{0, 0} scale Filter.atTop.{0} Filter.atTop.{0}) (t : Real) (ht : LT.lt.{0} 0 t) :
  Filter.Tendsto.{0, 0} (fun k => DerridaRetaux.densityD m p₀ (Nat.floor.{0} (HMul.hMul.{0, 0, 0} t ↑(scale k))))
    Filter.atTop.{0} (nhds.{0} (1 / 2))
'DerridaRetaux.orbit_densityD_natFloor_tendsto_half_of_H1a' depends on axioms: [propext, Classical.choice, Quot.sound]
DerridaRetaux.orbit_densityD_uniform_after_natFloor_of_H1a (m : Nat) (p₀ : DerridaRetaux.ProbabilityMass)
  (hm : LE.le.{0} 2 m) (hcrit : DerridaRetaux.Critical m p₀) (hthird : DerridaRetaux.TiltSummable m 3 p₀)
  (hnonconstant : Not (DerridaRetaux.IsDirac p₀))
  (hExcess : DerridaRetaux.CDHLSExcessFact m p₀ hm hcrit hthird hnonconstant) (scale : Nat → Nat)
  (hscale : Filter.Tendsto.{0, 0} scale Filter.atTop.{0} Filter.atTop.{0}) (t₀ : Real) (ht₀ : LT.lt.{0} 0 t₀)
  (ε : Real) :
  LT.lt.{0} 0 ε →
    ∀ᶠ (k : Nat) in Filter.atTop.{0},
      ∀ (s : Nat),
        LE.le.{0} (Nat.floor.{0} (HMul.hMul.{0, 0, 0} t₀ ↑(scale k))) s →
          LT.lt.{0} (abs.{0} (HSub.hSub.{0, 0, 0} (DerridaRetaux.densityD m p₀ s) (1 / 2))) ε
'DerridaRetaux.orbit_densityD_uniform_after_natFloor_of_H1a' depends on axioms: [propext, Classical.choice, Quot.sound]
DerridaRetaux.orbit_densityD_variation_of_zeroTilt_variation (m : Nat) (p₀ : DerridaRetaux.ProbabilityMass)
  (hm : LE.le.{0} 2 m) (hcrit : DerridaRetaux.Critical m p₀) (C : Real) (hC : LE.le.{0} 0 C)
  (hx :
    ∀ (n : Nat),
      LE.le.{0}
        (abs.{0}
          (HSub.hSub.{0, 0, 0} (DerridaRetaux.zeroTilt m (DerridaRetaux.orbit m p₀ (HAdd.hAdd.{0, 0, 0} n 1)))
            (DerridaRetaux.zeroTilt m (DerridaRetaux.orbit m p₀ n))))
        (HDiv.hDiv.{0, 0, 0} C (HPow.hPow.{0, 0, 0} (↑(HAdd.hAdd.{0, 0, 0} n 1)) 2)))
  (s : Nat) :
  LE.le.{0} 1 s →
    LE.le.{0}
      (abs.{0}
        (HSub.hSub.{0, 0, 0} (DerridaRetaux.densityD m p₀ s) (DerridaRetaux.densityD m p₀ (HSub.hSub.{0, 0, 0} s 1))))
      (HDiv.hDiv.{0, 0, 0}
        (HMul.hMul.{0, 0, 0} (HMul.hMul.{0, 0, 0} 4 (DerridaRetaux.quadraticDensityLipschitzConstant m)) C)
        (HPow.hPow.{0, 0, 0} (↑(HAdd.hAdd.{0, 0, 0} s 1)) 2))
'DerridaRetaux.orbit_densityD_variation_of_zeroTilt_variation' depends on axioms: [propext,
 Classical.choice,
 Quot.sound]
DerridaRetaux.orbit_densityTotalMass_tendsto_two_of_compact_profile (m : Nat) (p₀ : DerridaRetaux.ProbabilityMass)
  (hm : LE.le.{0} 2 m) (hcrit : DerridaRetaux.Critical m p₀) (hthird : DerridaRetaux.TiltSummable m 3 p₀)
  (hnonconstant : Not (DerridaRetaux.IsDirac p₀))
  (hExcess : DerridaRetaux.CDHLSExcessFact m p₀ hm hcrit hthird hnonconstant)
  (hProduct : DerridaRetaux.CDHLSProductFact m p₀ hm hcrit hnonconstant)
  (hprofile :
    ∀ (R : Real),
      LE.le.{0} 0 R →
        ∃ error,
          And (Filter.Tendsto.{0, 0} error Filter.atTop.{0} (nhds.{0} 0))
            (∀ (n : Nat),
              LT.lt.{0} 0 n →
                ∀ (x : Real),
                  LE.le.{0} 0 x →
                    LE.le.{0} x R →
                      LE.le.{0}
                        (abs.{0}
                          (HSub.hSub.{0, 0, 0}
                            (HMul.hMul.{0, 0, 0} (HPow.hPow.{0, 0, 0} (↑n) 2)
                              (DerridaRetaux.rho m (DerridaRetaux.orbit m p₀ n) (DerridaRetaux.gridIndex n x)))
                            (HMul.hMul.{0, 0, 0} 4 (Real.exp (HMul.hMul.{0, 0, 0} (-2) x)))))
                        (error n))) :
  Filter.Tendsto.{0, 0}
    (fun n => HMul.hMul.{0, 0, 0} (↑n) (DerridaRetaux.densityTotalMass m (DerridaRetaux.orbit m p₀ n))) Filter.atTop.{0}
    (nhds.{0} 2)
'DerridaRetaux.orbit_densityTotalMass_tendsto_two_of_compact_profile' depends on axioms: [propext,
 Classical.choice,
 Quot.sound]
DerridaRetaux.orbit_eq_coefficientOrbit (m : Nat) (p : DerridaRetaux.ProbabilityMass) (n : Nat) :
  Eq.{1} (DerridaRetaux.orbit m p n) (DerridaRetaux.coefficientOrbit m p n)
'DerridaRetaux.orbit_eq_coefficientOrbit' depends on axioms: [propext, Classical.choice, Quot.sound]
DerridaRetaux.orbit_fixedAtom_geometric_bound_of_H1_and_pointwise (m : Nat) (p₀ : DerridaRetaux.ProbabilityMass)
  (hm : LE.le.{0} 2 m) (hcrit : DerridaRetaux.Critical m p₀) (hthird : DerridaRetaux.TiltSummable m 3 p₀)
  (hnonconstant : Not (DerridaRetaux.IsDirac p₀))
  (hExcess : DerridaRetaux.CDHLSExcessFact m p₀ hm hcrit hthird hnonconstant) (B : Real) (hB : LE.le.{0} 0 B)
  (hSup :
    ∀ (n : Nat),
      DerridaRetaux.WeightedSupThreeLE (↑(HAdd.hAdd.{0, 0, 0} n 1)) (DerridaRetaux.rho m (DerridaRetaux.orbit m p₀ n))
        (HDiv.hDiv.{0, 0, 0} B (HPow.hPow.{0, 0, 0} (↑(HAdd.hAdd.{0, 0, 0} n 1)) 2))) :
  ∃ C,
    And (LT.lt.{0} 0 C)
      (∀ (n k : Nat),
        LE.le.{0} 1 k →
          LE.le.{0}
            (HMul.hMul.{0, 0, 0} (HPow.hPow.{0, 0, 0} (↑n) 2)
              (DerridaRetaux.ProbabilityMass.mass (DerridaRetaux.orbit m p₀ n) k))
            (HMul.hMul.{0, 0, 0} C (HPow.hPow.{0, 0, 0} (Inv.inv.{0} ↑m) k)))
'DerridaRetaux.orbit_fixedAtom_geometric_bound_of_H1_and_pointwise' depends on axioms: [propext,
 Classical.choice,
 Quot.sound]
DerridaRetaux.orbit_positiveTiltMass_tendsto_of_compact_profile (m : Nat) (p₀ : DerridaRetaux.ProbabilityMass)
  (hm : LE.le.{0} 2 m) (hcrit : DerridaRetaux.Critical m p₀) (hthird : DerridaRetaux.TiltSummable m 3 p₀)
  (hnonconstant : Not (DerridaRetaux.IsDirac p₀))
  (hExcess : DerridaRetaux.CDHLSExcessFact m p₀ hm hcrit hthird hnonconstant)
  (hProduct : DerridaRetaux.CDHLSProductFact m p₀ hm hcrit hnonconstant)
  (hprofile :
    ∀ (R : Real),
      LE.le.{0} 0 R →
        ∃ error,
          And (Filter.Tendsto.{0, 0} error Filter.atTop.{0} (nhds.{0} 0))
            (∀ (n : Nat),
              LT.lt.{0} 0 n →
                ∀ (x : Real),
                  LE.le.{0} 0 x →
                    LE.le.{0} x R →
                      LE.le.{0}
                        (abs.{0}
                          (HSub.hSub.{0, 0, 0}
                            (HMul.hMul.{0, 0, 0} (HPow.hPow.{0, 0, 0} (↑n) 2)
                              (DerridaRetaux.rho m (DerridaRetaux.orbit m p₀ n) (DerridaRetaux.gridIndex n x)))
                            (HMul.hMul.{0, 0, 0} 4 (Real.exp (HMul.hMul.{0, 0, 0} (-2) x)))))
                        (error n))) :
  Filter.Tendsto.{0, 0}
    (fun n => HMul.hMul.{0, 0, 0} (↑n) (DerridaRetaux.positiveTiltMass m (DerridaRetaux.orbit m p₀ n))) Filter.atTop.{0}
    (nhds.{0} (HDiv.hDiv.{0, 0, 0} 2 (HSub.hSub.{0, 0, 0} (↑m) 1)))
'DerridaRetaux.orbit_positiveTiltMass_tendsto_of_compact_profile' depends on axioms: [propext,
 Classical.choice,
 Quot.sound]
DerridaRetaux.orbit_rho_scaled_conv_uniform_on_compact_away_zero (m : Nat) (p₀ : DerridaRetaux.ProbabilityMass)
  (generation scale : Nat → Nat) (u : Real → Real) (δ : Real) (R : Nat)
  (hscale : Filter.Tendsto.{0, 0} scale Filter.atTop.{0} Filter.atTop.{0}) (hu : ContinuousOn.{0, 0} u (Set.Ici.{0} 0))
  (hlocal :
    DerridaRetaux.LocallyUniformLatticeDensity (fun n => DerridaRetaux.rho m (DerridaRetaux.orbit m p₀ (generation n)))
      scale u)
  (hδ : LT.lt.{0} 0 δ) (ε : Real) :
  LT.lt.{0} 0 ε →
    ∀ᶠ (n : Nat) in Filter.atTop.{0},
      ∀ (k : Nat),
        LE.le.{0} (HMul.hMul.{0, 0, 0} δ ↑(scale n)) ↑k →
          LE.le.{0} k (HMul.hMul.{0, 0, 0} R (scale n)) →
            LT.lt.{0}
              (abs.{0}
                (HSub.hSub.{0, 0, 0}
                  (HMul.hMul.{0, 0, 0} (HPow.hPow.{0, 0, 0} (↑(scale n)) 3)
                    (DerridaRetaux.conv (DerridaRetaux.rho m (DerridaRetaux.orbit m p₀ (generation n)))
                      (DerridaRetaux.rho m (DerridaRetaux.orbit m p₀ (generation n))) k))
                  (DerridaRetaux.positiveSelfConvolution u (HDiv.hDiv.{0, 0, 0} ↑k ↑(scale n)))))
              ε
'DerridaRetaux.orbit_rho_scaled_conv_uniform_on_compact_away_zero' depends on axioms: [propext,
 Classical.choice,
 Quot.sound]
DerridaRetaux.orbit_tiltSummable_three (m : Nat) (p₀ : DerridaRetaux.ProbabilityMass) (hm : LE.le.{0} 1 m)
  (hcritical : DerridaRetaux.Critical m p₀) (hthree : DerridaRetaux.TiltSummable m 3 p₀) (n : Nat) :
  DerridaRetaux.TiltSummable m 3 (DerridaRetaux.orbit m p₀ n)
'DerridaRetaux.orbit_tiltSummable_three' depends on axioms: [propext, Classical.choice, Quot.sound]
DerridaRetaux.orbit_zeroTilt_pos (m : Nat) (p₀ : DerridaRetaux.ProbabilityMass) (hm : LE.le.{0} 2 m)
  (hcrit : DerridaRetaux.Critical m p₀)
  (hnotBinaryFixedPoint : Not (And (Eq.{1} m 2) (Eq.{1} p₀ (DerridaRetaux.diracMass 1)))) (n : Nat) :
  LT.lt.{0} 0 (DerridaRetaux.zeroTilt m (DerridaRetaux.orbit m p₀ n))
'DerridaRetaux.orbit_zeroTilt_pos' depends on axioms: [propext, Classical.choice, Quot.sound]
DerridaRetaux.orbit_zeroTilt_succ_variation_of_bounds (m : Nat) (p₀ : DerridaRetaux.ProbabilityMass)
  (hm : LE.le.{0} 2 m) (hcrit : DerridaRetaux.Critical m p₀) (Ctheta : Real) (hCtheta : LE.le.{0} 0 Ctheta)
  (htheta :
    ∀ (n : Nat),
      LE.le.{0} (DerridaRetaux.orbitPositiveTiltMass m p₀ n) (HDiv.hDiv.{0, 0, 0} Ctheta ↑(HAdd.hAdd.{0, 0, 0} n 1)))
  (B : Real)
  (hSup :
    ∀ (n : Nat),
      DerridaRetaux.WeightedSupThreeLE (↑(HAdd.hAdd.{0, 0, 0} n 1))
        (DerridaRetaux.positiveTiltedDensity m (DerridaRetaux.orbit m p₀ n))
        (HDiv.hDiv.{0, 0, 0} B (HPow.hPow.{0, 0, 0} (↑(HAdd.hAdd.{0, 0, 0} n 1)) 2)))
  (s : Nat) :
  LE.le.{0}
    (abs.{0}
      (HSub.hSub.{0, 0, 0} (DerridaRetaux.zeroTilt m (DerridaRetaux.orbit m p₀ (HAdd.hAdd.{0, 0, 0} s 1)))
        (DerridaRetaux.zeroTilt m (DerridaRetaux.orbit m p₀ s))))
    (HDiv.hDiv.{0, 0, 0} (DerridaRetaux.zeroTiltVariationConstant m Ctheta B)
      (HPow.hPow.{0, 0, 0} (↑(HAdd.hAdd.{0, 0, 0} s 1)) 2))
'DerridaRetaux.orbit_zeroTilt_succ_variation_of_bounds' depends on axioms: [propext, Classical.choice, Quot.sound]
DerridaRetaux.partition_log_sum_div_log_tendsto (G : Nat → Real) (a : Real) (hG : ∀ (n : Nat), LE.le.{0} 1 (G n))
  (hlimit :
    Filter.Tendsto.{0, 0} (fun n => HMul.hMul.{0, 0, 0} (↑n) (HSub.hSub.{0, 0, 0} (G n) 1)) Filter.atTop.{0}
      (nhds.{0} a)) :
  Filter.Tendsto.{0, 0} (fun n => HDiv.hDiv.{0, 0, 0} (∑ j ∈ Finset.range n, Real.log (G j)) (Real.log ↑n))
    Filter.atTop.{0} (nhds.{0} a)
'DerridaRetaux.partition_log_sum_div_log_tendsto' depends on axioms: [propext, Classical.choice, Quot.sound]
DerridaRetaux.physicalTimeCoordinate_eq_neg_div (d : Real) (xi : Real → Real) (hd : LT.lt.{0} 0 d)
  (hxiNeg : ∀ (t : Real), LT.lt.{0} 0 t → LT.lt.{0} (xi t) 0)
  (hxiDeriv :
    ∀ (t : Real), LT.lt.{0} 0 t → HasDerivAt.{0, 0} xi (HDiv.hDiv.{0, 0, 0} (HPow.hPow.{0, 0, 0} (xi t) 2) d) t)
  (hxiZero : Filter.Tendsto.{0, 0} xi (nhdsWithin.{0} 0 (Set.Ioi.{0} 0)) Filter.atBot.{0}) (t : Real) :
  LT.lt.{0} 0 t → Eq.{1} (xi t) (HDiv.hDiv.{0, 0, 0} (Neg.neg.{0} d) t)
'DerridaRetaux.physicalTimeCoordinate_eq_neg_div' depends on axioms: [propext, Classical.choice, Quot.sound]
DerridaRetaux.physicalTimeLaplaceTransform_eq (t p A0 Z U : Real) (ht : LT.lt.{0} 0 t) (hp : LE.le.{0} 0 p)
  (hA0 : Eq.{1} A0 (HDiv.hDiv.{0, 0, 0} 2 t))
  (hZ :
    Eq.{1} Z
      (HDiv.hDiv.{0, 0, 0} (HMul.hMul.{0, 0, 0} t (HPow.hPow.{0, 0, 0} p 2))
        (HAdd.hAdd.{0, 0, 0} (HMul.hMul.{0, 0, 0} t p) 2)))
  (hU : Eq.{1} U (HAdd.hAdd.{0, 0, 0} (HSub.hSub.{0, 0, 0} A0 p) Z)) :
  Eq.{1} U (HDiv.hDiv.{0, 0, 0} 4 (HMul.hMul.{0, 0, 0} t (HAdd.hAdd.{0, 0, 0} (HMul.hMul.{0, 0, 0} t p) 2)))
'DerridaRetaux.physicalTimeLaplaceTransform_eq' depends on axioms: [propext, Classical.choice, Quot.sound]
DerridaRetaux.physicalTimeScale_eq (d : Real) (xi Y : Real → Real) (hd : LT.lt.{0} 0 d)
  (hxi : ∀ (t : Real), LT.lt.{0} 0 t → Eq.{1} (xi t) (HDiv.hDiv.{0, 0, 0} (Neg.neg.{0} d) t))
  (hYxi : ∀ (t : Real), LT.lt.{0} 0 t → Eq.{1} (Y t) (HDiv.hDiv.{0, 0, 0} (HPow.hPow.{0, 0, 0} (xi t) 2) d))
  (t : Real) : LT.lt.{0} 0 t → Eq.{1} (Y t) (HDiv.hDiv.{0, 0, 0} d (HPow.hPow.{0, 0, 0} t 2))
'DerridaRetaux.physicalTimeScale_eq' depends on axioms: [propext, Classical.choice, Quot.sound]
DerridaRetaux.physicalTimeZerothMoment_eq (d : Real) (Y A0 : Real → Real) (hd : LT.lt.{0} 0 d)
  (hY : ∀ (t : Real), LT.lt.{0} 0 t → Eq.{1} (Y t) (HDiv.hDiv.{0, 0, 0} d (HPow.hPow.{0, 0, 0} t 2)))
  (hYDeriv : ∀ (t : Real), LT.lt.{0} 0 t → HasDerivAt.{0, 0} Y (HMul.hMul.{0, 0, 0} (Neg.neg.{0} (A0 t)) (Y t)) t)
  (t : Real) : LT.lt.{0} 0 t → Eq.{1} (A0 t) (HDiv.hDiv.{0, 0, 0} 2 t)
'DerridaRetaux.physicalTimeZerothMoment_eq' depends on axioms: [propext, Classical.choice, Quot.sound]
DerridaRetaux.positiveHalfLineMoment_A3_lower (μ : MeasureTheory.Measure.{0} Real)
  (hzero : MeasureTheory.IntegrableOn.{0, 0} (fun x => HPow.hPow.{0, 0, 0} x 0) (Set.Ici.{0} 0) μ)
  (hfirst : MeasureTheory.IntegrableOn.{0, 0} (fun x => x) (Set.Ici.{0} 0) μ)
  (hsecond : MeasureTheory.IntegrableOn.{0, 0} (fun x => HPow.hPow.{0, 0, 0} x 2) (Set.Ici.{0} 0) μ)
  (hthird : MeasureTheory.IntegrableOn.{0, 0} (fun x => HPow.hPow.{0, 0, 0} x 3) (Set.Ici.{0} 0) μ)
  (hA1 : Eq.{1} (DerridaRetaux.positiveHalfLineMoment 1 μ) 1) :
  And
    (LE.le.{0} 1
      (HMul.hMul.{0, 0, 0} (HPow.hPow.{0, 0, 0} (DerridaRetaux.positiveHalfLineMoment 0 μ) 2)
        (DerridaRetaux.positiveHalfLineMoment 3 μ)))
    (LE.le.{0} (HPow.hPow.{0, 0, 0} (DerridaRetaux.positiveHalfLineMoment 2 μ) 2)
      (DerridaRetaux.positiveHalfLineMoment 3 μ))
'DerridaRetaux.positiveHalfLineMoment_A3_lower' depends on axioms: [propext, Classical.choice, Quot.sound]
DerridaRetaux.positiveHalfLineMoment_one_sq_le_zero_mul_two (μ : MeasureTheory.Measure.{0} Real)
  (hzero : MeasureTheory.IntegrableOn.{0, 0} (fun x => HPow.hPow.{0, 0, 0} x 0) (Set.Ici.{0} 0) μ)
  (hsecond : MeasureTheory.IntegrableOn.{0, 0} (fun x => HPow.hPow.{0, 0, 0} x 2) (Set.Ici.{0} 0) μ) :
  LE.le.{0} (HPow.hPow.{0, 0, 0} (DerridaRetaux.positiveHalfLineMoment 1 μ) 2)
    (HMul.hMul.{0, 0, 0} (DerridaRetaux.positiveHalfLineMoment 0 μ) (DerridaRetaux.positiveHalfLineMoment 2 μ))
'DerridaRetaux.positiveHalfLineMoment_one_sq_le_zero_mul_two' depends on axioms: [propext, Classical.choice, Quot.sound]
DerridaRetaux.positiveHalfLineMoment_two_sq_le_one_mul_three (μ : MeasureTheory.Measure.{0} Real)
  (hfirst : MeasureTheory.IntegrableOn.{0, 0} (fun x => x) (Set.Ici.{0} 0) μ)
  (hthird : MeasureTheory.IntegrableOn.{0, 0} (fun x => HPow.hPow.{0, 0, 0} x 3) (Set.Ici.{0} 0) μ) :
  LE.le.{0} (HPow.hPow.{0, 0, 0} (DerridaRetaux.positiveHalfLineMoment 2 μ) 2)
    (HMul.hMul.{0, 0, 0} (DerridaRetaux.positiveHalfLineMoment 1 μ) (DerridaRetaux.positiveHalfLineMoment 3 μ))
'DerridaRetaux.positiveHalfLineMoment_two_sq_le_one_mul_three' depends on axioms: [propext,
 Classical.choice,
 Quot.sound]
DerridaRetaux.positiveHalfLineMoment_zero_and_three_pos (μ : MeasureTheory.Measure.{0} Real)
  (hzero : MeasureTheory.IntegrableOn.{0, 0} (fun x => HPow.hPow.{0, 0, 0} x 0) (Set.Ici.{0} 0) μ)
  (hfirst : MeasureTheory.IntegrableOn.{0, 0} (fun x => x) (Set.Ici.{0} 0) μ)
  (hsecond : MeasureTheory.IntegrableOn.{0, 0} (fun x => HPow.hPow.{0, 0, 0} x 2) (Set.Ici.{0} 0) μ)
  (hthird : MeasureTheory.IntegrableOn.{0, 0} (fun x => HPow.hPow.{0, 0, 0} x 3) (Set.Ici.{0} 0) μ)
  (hA1 : Eq.{1} (DerridaRetaux.positiveHalfLineMoment 1 μ) 1) :
  And (LT.lt.{0} 0 (DerridaRetaux.positiveHalfLineMoment 0 μ)) (LT.lt.{0} 0 (DerridaRetaux.positiveHalfLineMoment 3 μ))
'DerridaRetaux.positiveHalfLineMoment_zero_and_three_pos' depends on axioms: [propext, Classical.choice, Quot.sound]
DerridaRetaux.positiveTiltMass_eq_excess_add_survival_div (m : Nat) (p : DerridaRetaux.ProbabilityMass)
  (hm : LE.le.{0} 1 m) (hcrit : DerridaRetaux.Critical m p) :
  Eq.{1} (DerridaRetaux.positiveTiltMass m p)
    (HDiv.hDiv.{0, 0, 0} (HAdd.hAdd.{0, 0, 0} (DerridaRetaux.excess m p) (DerridaRetaux.survival p))
      (DerridaRetaux.tiltedPartition m p))
'DerridaRetaux.positiveTiltMass_eq_excess_add_survival_div' depends on axioms: [propext, Classical.choice, Quot.sound]
DerridaRetaux.positiveTiltMass_orbit_eq (m : Nat) (p₀ : DerridaRetaux.ProbabilityMass) (hm : LE.le.{0} 1 m)
  (hcrit : DerridaRetaux.Critical m p₀) (n : Nat) :
  Eq.{1} (DerridaRetaux.positiveTiltMass m (DerridaRetaux.orbit m p₀ n))
    (HDiv.hDiv.{0, 0, 0}
      (HAdd.hAdd.{0, 0, 0} (DerridaRetaux.excess m (DerridaRetaux.orbit m p₀ n))
        (DerridaRetaux.survival (DerridaRetaux.orbit m p₀ n)))
      (DerridaRetaux.tiltedPartition m (DerridaRetaux.orbit m p₀ n)))
'DerridaRetaux.positiveTiltMass_orbit_eq' depends on axioms: [propext, Classical.choice, Quot.sound]
DerridaRetaux.positiveTiltedDensity (m : Nat) (p : DerridaRetaux.ProbabilityMass) : DerridaRetaux.Seq
'DerridaRetaux.positiveTiltedDensity' depends on axioms: [propext, Classical.choice, Quot.sound]
DerridaRetaux.positiveTiltedDensity_eq_transportRatio_add_quadratic_add_higher (m : Nat)
  (p₀ : DerridaRetaux.ProbabilityMass) (hm : LE.le.{0} 2 m) (hcrit : DerridaRetaux.Critical m p₀)
  (hnotBinaryFixedPoint : Not (And (Eq.{1} m 2) (Eq.{1} p₀ (DerridaRetaux.diracMass 1)))) {a n : Nat}
  (han : LE.le.{0} a n) :
  Eq.{1} (DerridaRetaux.positiveTiltedDensity m (DerridaRetaux.orbit m p₀ n))
    (HAdd.hAdd.{0, 0, 0}
      (HAdd.hAdd.{0, 0, 0}
        (HSMul.hSMul.{0, 0, 0}
          (HDiv.hDiv.{0, 0, 0} (DerridaRetaux.transportProduct m p₀ n) (DerridaRetaux.transportProduct m p₀ a))
          (Nat.iterate.{1} DerridaRetaux.shiftLeft (HSub.hSub.{0, 0, 0} n a)
            (DerridaRetaux.positiveTiltedDensity m (DerridaRetaux.orbit m p₀ a))))
        (DerridaRetaux.densityQuadraticSegment m p₀ a n))
      (DerridaRetaux.densityHigherSegment m p₀ a n))
'DerridaRetaux.positiveTiltedDensity_eq_transportRatio_add_quadratic_add_higher' depends on axioms: [propext,
 Classical.choice,
 Quot.sound]
DerridaRetaux.positiveTiltedDensity_firstShifted_tsum (m : Nat) (p : DerridaRetaux.ProbabilityMass) (hm : LE.le.{0} 1 m)
  (hcrit : DerridaRetaux.Critical m p) :
  Eq.{1} (∑' (j : Nat), HMul.hMul.{0, 0, 0} (↑(HAdd.hAdd.{0, 0, 0} j 1)) (DerridaRetaux.positiveTiltedDensity m p j)) 1
'DerridaRetaux.positiveTiltedDensity_firstShifted_tsum' depends on axioms: [propext, Classical.choice, Quot.sound]
DerridaRetaux.positiveTiltedDensity_orbit_add_le_shift_add_majorant (m : Nat) (p₀ : DerridaRetaux.ProbabilityMass)
  (hm : LE.le.{0} 2 m) (hcrit : DerridaRetaux.Critical m p₀) (hthird : DerridaRetaux.TiltSummable m 3 p₀) (A : Real)
  (hA : LE.le.{0} 0 A)
  (hL1 :
    ∀ (s : Nat),
      LE.le.{0}
        (DerridaRetaux.weightedL1Three (↑(HAdd.hAdd.{0, 0, 0} s 1))
          (DerridaRetaux.positiveTiltedDensity m (DerridaRetaux.orbit m p₀ s)))
        (HDiv.hDiv.{0, 0, 0} A ↑(HAdd.hAdd.{0, 0, 0} s 1)))
  (a t j : Nat) :
  LE.le.{0} (DerridaRetaux.positiveTiltedDensity m (DerridaRetaux.orbit m p₀ (HAdd.hAdd.{0, 0, 0} a t)) j)
    (HAdd.hAdd.{0, 0, 0} (DerridaRetaux.positiveTiltedDensity m (DerridaRetaux.orbit m p₀ a) (HAdd.hAdd.{0, 0, 0} j t))
      (HDiv.hDiv.{0, 0, 0} (HMul.hMul.{0, 0, 0} (DerridaRetaux.densitySourceMajorant m A) ↑t)
        (HPow.hPow.{0, 0, 0} (↑(HAdd.hAdd.{0, 0, 0} a 1)) 2)))
'DerridaRetaux.positiveTiltedDensity_orbit_add_le_shift_add_majorant' depends on axioms: [propext,
 Classical.choice,
 Quot.sound]
DerridaRetaux.positiveTiltedDensity_orbit_apply_eq_discreteMildDuhamel (m : Nat) (p₀ : DerridaRetaux.ProbabilityMass)
  (hm : LE.le.{0} 2 m) (hcrit : DerridaRetaux.Critical m p₀) {a n : Nat} (han : LE.le.{0} a n) (j : Nat) :
  Eq.{1} (DerridaRetaux.positiveTiltedDensity m (DerridaRetaux.orbit m p₀ n) j)
    (HAdd.hAdd.{0, 0, 0}
      (HMul.hMul.{0, 0, 0}
        (DerridaRetaux.transportBetween (fun i => DerridaRetaux.transportCoeff m (DerridaRetaux.orbit m p₀ i)) a n)
        (DerridaRetaux.positiveTiltedDensity m (DerridaRetaux.orbit m p₀ a)
          (HAdd.hAdd.{0, 0, 0} j (HSub.hSub.{0, 0, 0} n a))))
      (∑ s ∈ Finset.Ico.{0} a n,
        HMul.hMul.{0, 0, 0}
          (DerridaRetaux.terminalTransportWeight (fun i => DerridaRetaux.transportCoeff m (DerridaRetaux.orbit m p₀ i))
            s n)
          (∑ r ∈ Finset.Ico.{0} 2 (HAdd.hAdd.{0, 0, 0} m 1),
            HMul.hMul.{0, 0, 0} (DerridaRetaux.densityCoeff m r (DerridaRetaux.orbit m p₀ s))
              (DerridaRetaux.shiftRightPow (HSub.hSub.{0, 0, 0} r 2)
                (DerridaRetaux.convPow r (DerridaRetaux.positiveTiltedDensity m (DerridaRetaux.orbit m p₀ s)))
                (HAdd.hAdd.{0, 0, 0} j (HSub.hSub.{0, 0, 0} (HSub.hSub.{0, 0, 0} n 1) s))))))
'DerridaRetaux.positiveTiltedDensity_orbit_apply_eq_discreteMildDuhamel' depends on axioms: [propext,
 Classical.choice,
 Quot.sound]
DerridaRetaux.positiveTiltedDensity_orbit_succ (m : Nat) (p₀ : DerridaRetaux.ProbabilityMass) (hm : LE.le.{0} 2 m)
  (hcrit : DerridaRetaux.Critical m p₀) (n : Nat) :
  Eq.{1} (DerridaRetaux.positiveTiltedDensity m (DerridaRetaux.orbit m p₀ (HAdd.hAdd.{0, 0, 0} n 1))) fun j =>
    HAdd.hAdd.{0, 0, 0}
      (HMul.hMul.{0, 0, 0} (DerridaRetaux.transportCoeff m (DerridaRetaux.orbit m p₀ n))
        (DerridaRetaux.shiftLeft (DerridaRetaux.positiveTiltedDensity m (DerridaRetaux.orbit m p₀ n)) j))
      (∑ r ∈ Finset.Ico.{0} 2 (HAdd.hAdd.{0, 0, 0} m 1),
        HMul.hMul.{0, 0, 0} (DerridaRetaux.densityCoeff m r (DerridaRetaux.orbit m p₀ n))
          (DerridaRetaux.shiftRightPow (HSub.hSub.{0, 0, 0} r 2)
            (DerridaRetaux.convPow r (DerridaRetaux.positiveTiltedDensity m (DerridaRetaux.orbit m p₀ n))) j))
'DerridaRetaux.positiveTiltedDensity_orbit_succ' depends on axioms: [propext, Classical.choice, Quot.sound]
DerridaRetaux.positiveTiltedDensity_orbit_succ_fullRhoSource (m : Nat) (p₀ : DerridaRetaux.ProbabilityMass)
  (hm : LE.le.{0} 2 m) (hcrit : DerridaRetaux.Critical m p₀) (s : Nat) :
  Eq.{1} (DerridaRetaux.positiveTiltedDensity m (DerridaRetaux.orbit m p₀ (HAdd.hAdd.{0, 0, 0} s 1)))
    (HAdd.hAdd.{0, 0, 0}
      (HSMul.hSMul.{0, 0, 0} (DerridaRetaux.transportCoeff m (DerridaRetaux.orbit m p₀ s))
        (DerridaRetaux.shiftLeft (DerridaRetaux.positiveTiltedDensity m (DerridaRetaux.orbit m p₀ s))))
      (DerridaRetaux.densityRhoSource m p₀ s))
'DerridaRetaux.positiveTiltedDensity_orbit_succ_fullRhoSource' depends on axioms: [propext,
 Classical.choice,
 Quot.sound]
DerridaRetaux.positiveTiltedDensity_orbit_succ_short (m : Nat) (p₀ : DerridaRetaux.ProbabilityMass) (hm : LE.le.{0} 2 m)
  (hcrit : DerridaRetaux.Critical m p₀) (s : Nat) :
  Eq.{1} (DerridaRetaux.positiveTiltedDensity m (DerridaRetaux.orbit m p₀ (HAdd.hAdd.{0, 0, 0} s 1)))
    (DerridaRetaux.shortDensityStep (DerridaRetaux.transportCoeff m (DerridaRetaux.orbit m p₀ s))
      (DerridaRetaux.densityD m p₀ s) (DerridaRetaux.positiveTiltedDensity m (DerridaRetaux.orbit m p₀ s))
      (DerridaRetaux.densityE m p₀ s))
'DerridaRetaux.positiveTiltedDensity_orbit_succ_short' depends on axioms: [propext, Classical.choice, Quot.sound]
DerridaRetaux.positiveTiltedDensity_pointwise_of_H1 (m : Nat) (p₀ : DerridaRetaux.ProbabilityMass) (hm : LE.le.{0} 2 m)
  (hcrit : DerridaRetaux.Critical m p₀) (hthird : DerridaRetaux.TiltSummable m 3 p₀)
  (hnonconstant : Not (DerridaRetaux.IsDirac p₀))
  (hExcess : DerridaRetaux.CDHLSExcessFact m p₀ hm hcrit hthird hnonconstant)
  (hProduct : DerridaRetaux.CDHLSProductFact m p₀ hm hcrit hnonconstant) :
  ∃ C,
    And (LT.lt.{0} 0 C)
      (∀ (n j : Nat),
        LE.le.{0} (DerridaRetaux.positiveTiltedDensity m (DerridaRetaux.orbit m p₀ n) j)
          (HDiv.hDiv.{0, 0, 0} (HMul.hMul.{0, 0, 0} C ↑(HAdd.hAdd.{0, 0, 0} n 1))
            (HPow.hPow.{0, 0, 0} (↑(HAdd.hAdd.{0, 0, 0} (HAdd.hAdd.{0, 0, 0} n j) 1)) 3)))
'DerridaRetaux.positiveTiltedDensity_pointwise_of_H1' depends on axioms: [propext, Classical.choice, Quot.sound]
DerridaRetaux.positiveTiltedDensity_pointwise_of_arrival_far (m : Nat) (p₀ : DerridaRetaux.ProbabilityMass)
  (hm : LE.le.{0} 2 m) (hcrit : DerridaRetaux.Critical m p₀) (hthird : DerridaRetaux.TiltSummable m 3 p₀)
  (hnonconstant : Not (DerridaRetaux.IsDirac p₀))
  (hnotBinaryFixedPoint : Not (And (Eq.{1} m 2) (Eq.{1} p₀ (DerridaRetaux.diracMass 1))))
  (hExcess : DerridaRetaux.CDHLSExcessFact m p₀ hm hcrit hthird hnonconstant)
  (hProduct : DerridaRetaux.CDHLSProductFact m p₀ hm hcrit hnonconstant) (B : Real) (hB : LE.le.{0} 0 B)
  (hfar :
    ∀ (n j : Nat),
      LT.lt.{0} (DerridaRetaux.pointwiseBoundaryCutoff m) j →
        LE.le.{0}
          (HMul.hMul.{0, 0, 0} (HPow.hPow.{0, 0, 0} (↑(HAdd.hAdd.{0, 0, 0} (HAdd.hAdd.{0, 0, 0} n j) 1)) 3)
            (DerridaRetaux.arrivalCoeff m p₀ n (HAdd.hAdd.{0, 0, 0} n j)))
          (HMul.hMul.{0, 0, 0} B ↑(HAdd.hAdd.{0, 0, 0} n 1))) :
  ∃ C,
    And (LT.lt.{0} 0 C)
      (∀ (n j : Nat),
        LE.le.{0} (DerridaRetaux.positiveTiltedDensity m (DerridaRetaux.orbit m p₀ n) j)
          (HDiv.hDiv.{0, 0, 0} (HMul.hMul.{0, 0, 0} C ↑(HAdd.hAdd.{0, 0, 0} n 1))
            (HPow.hPow.{0, 0, 0} (↑(HAdd.hAdd.{0, 0, 0} (HAdd.hAdd.{0, 0, 0} n j) 1)) 3)))
'DerridaRetaux.positiveTiltedDensity_pointwise_of_arrival_far' depends on axioms: [propext,
 Classical.choice,
 Quot.sound]
DerridaRetaux.positiveTiltedDensity_scaledPointwise_of_far_and_weightedL1 (m : Nat) (p₀ : DerridaRetaux.ProbabilityMass)
  (hm : LE.le.{0} 2 m) (hcrit : DerridaRetaux.Critical m p₀) (hthird : DerridaRetaux.TiltSummable m 3 p₀) (A F : Real)
  (hA : LE.le.{0} 0 A) (hF : LE.le.{0} 0 F)
  (hL1 :
    ∀ (s : Nat),
      LE.le.{0}
        (DerridaRetaux.weightedL1Three (↑(HAdd.hAdd.{0, 0, 0} s 1))
          (DerridaRetaux.positiveTiltedDensity m (DerridaRetaux.orbit m p₀ s)))
        (HDiv.hDiv.{0, 0, 0} A ↑(HAdd.hAdd.{0, 0, 0} s 1)))
  (K : Nat)
  (hfar :
    ∀ (n j : Nat),
      LT.lt.{0} K j →
        LE.le.{0}
          (HMul.hMul.{0, 0, 0} (HPow.hPow.{0, 0, 0} (↑(HAdd.hAdd.{0, 0, 0} (HAdd.hAdd.{0, 0, 0} n j) 1)) 3)
            (DerridaRetaux.positiveTiltedDensity m (DerridaRetaux.orbit m p₀ n) j))
          (HMul.hMul.{0, 0, 0} F ↑(HAdd.hAdd.{0, 0, 0} n 1))) :
  ∃ C,
    And (LT.lt.{0} 0 C)
      (∀ (n j : Nat),
        LE.le.{0}
          (HMul.hMul.{0, 0, 0} (HPow.hPow.{0, 0, 0} (↑(HAdd.hAdd.{0, 0, 0} (HAdd.hAdd.{0, 0, 0} n j) 1)) 3)
            (DerridaRetaux.positiveTiltedDensity m (DerridaRetaux.orbit m p₀ n) j))
          (HMul.hMul.{0, 0, 0} C ↑(HAdd.hAdd.{0, 0, 0} n 1)))
'DerridaRetaux.positiveTiltedDensity_scaledPointwise_of_far_and_weightedL1' depends on axioms: [propext,
 Classical.choice,
 Quot.sound]
DerridaRetaux.positiveTiltedDensity_spatialSmoothing_of_H1 (m : Nat) (p₀ : DerridaRetaux.ProbabilityMass)
  (hm : LE.le.{0} 2 m) (hcrit : DerridaRetaux.Critical m p₀) (hthird : DerridaRetaux.TiltSummable m 3 p₀)
  (hnonconstant : Not (DerridaRetaux.IsDirac p₀))
  (hExcess : DerridaRetaux.CDHLSExcessFact m p₀ hm hcrit hthird hnonconstant)
  (hProduct : DerridaRetaux.CDHLSProductFact m p₀ hm hcrit hnonconstant) :
  ∃ C,
    And (LT.lt.{0} 0 C)
      (And
        (∀ (n h : Nat),
          LE.le.{0} 1 h →
            LE.le.{0} h (HAdd.hAdd.{0, 0, 0} n 1) →
              DerridaRetaux.WeightedSupThreeLE (DerridaRetaux.profileScale n)
                (HSub.hSub.{0, 0, 0} (DerridaRetaux.positiveTiltedDensity m (DerridaRetaux.orbit m p₀ n))
                  (Nat.iterate.{1} DerridaRetaux.shiftLeft h
                    (DerridaRetaux.positiveTiltedDensity m (DerridaRetaux.orbit m p₀ n))))
                (HMul.hMul.{0, 0, 0}
                  (HDiv.hDiv.{0, 0, 0} (HMul.hMul.{0, 0, 0} (HMul.hMul.{0, 0, 0} 5 C) ↑h)
                    (HPow.hPow.{0, 0, 0} (DerridaRetaux.profileScale n) 3))
                  (HAdd.hAdd.{0, 0, 0} 1 (Real.log (HDiv.hDiv.{0, 0, 0} (DerridaRetaux.profileScale n) ↑h)))))
        (∀ (n : Nat),
          DerridaRetaux.WeightedSupThreeLE (DerridaRetaux.profileScale n)
            (DerridaRetaux.discreteDerivative (DerridaRetaux.positiveTiltedDensity m (DerridaRetaux.orbit m p₀ n)))
            (HMul.hMul.{0, 0, 0}
              (HDiv.hDiv.{0, 0, 0} (HMul.hMul.{0, 0, 0} 5 C) (HPow.hPow.{0, 0, 0} (DerridaRetaux.profileScale n) 3))
              (HAdd.hAdd.{0, 0, 0} 1 (Real.log (DerridaRetaux.profileScale n))))))
'DerridaRetaux.positiveTiltedDensity_spatialSmoothing_of_H1' depends on axioms: [propext, Classical.choice, Quot.sound]
DerridaRetaux.positiveTiltedDensity_temporalModulus_of_H1_and_spatial (m : Nat) (p₀ : DerridaRetaux.ProbabilityMass)
  (hm : LE.le.{0} 2 m) (hcrit : DerridaRetaux.Critical m p₀) (hthird : DerridaRetaux.TiltSummable m 3 p₀)
  (hnonconstant : Not (DerridaRetaux.IsDirac p₀))
  (hExcess : DerridaRetaux.CDHLSExcessFact m p₀ hm hcrit hthird hnonconstant)
  (hProduct : DerridaRetaux.CDHLSProductFact m p₀ hm hcrit hnonconstant) (B S : Real) (hS : LE.le.{0} 0 S)
  (hSup :
    ∀ (n : Nat),
      DerridaRetaux.WeightedSupThreeLE (DerridaRetaux.profileScale n)
        (DerridaRetaux.positiveTiltedDensity m (DerridaRetaux.orbit m p₀ n))
        (HDiv.hDiv.{0, 0, 0} B (HPow.hPow.{0, 0, 0} (DerridaRetaux.profileScale n) 2)))
  (hSpatial :
    ∀ (n h : Nat),
      LE.le.{0} 1 h →
        LE.le.{0} h (HAdd.hAdd.{0, 0, 0} n 1) →
          DerridaRetaux.WeightedSupThreeLE (DerridaRetaux.profileScale n)
            (HSub.hSub.{0, 0, 0} (DerridaRetaux.positiveTiltedDensity m (DerridaRetaux.orbit m p₀ n))
              (Nat.iterate.{1} DerridaRetaux.shiftLeft h
                (DerridaRetaux.positiveTiltedDensity m (DerridaRetaux.orbit m p₀ n))))
            (HMul.hMul.{0, 0, 0}
              (HDiv.hDiv.{0, 0, 0} (HMul.hMul.{0, 0, 0} S ↑h) (HPow.hPow.{0, 0, 0} (DerridaRetaux.profileScale n) 3))
              (HAdd.hAdd.{0, 0, 0} 1 (Real.log (HDiv.hDiv.{0, 0, 0} (DerridaRetaux.profileScale n) ↑h))))) :
  ∃ C,
    And (LT.lt.{0} 0 C)
      (∀ (n h : Nat),
        LE.le.{0} 1 h →
          LE.le.{0} h (HAdd.hAdd.{0, 0, 0} n 1) →
            DerridaRetaux.SupLE
              (HSub.hSub.{0, 0, 0}
                (DerridaRetaux.positiveTiltedDensity m (DerridaRetaux.orbit m p₀ (HAdd.hAdd.{0, 0, 0} n h)))
                (DerridaRetaux.positiveTiltedDensity m (DerridaRetaux.orbit m p₀ n)))
              (HMul.hMul.{0, 0, 0}
                (HDiv.hDiv.{0, 0, 0} (HMul.hMul.{0, 0, 0} C ↑h) (HPow.hPow.{0, 0, 0} (DerridaRetaux.profileScale n) 3))
                (HAdd.hAdd.{0, 0, 0} 1 (Real.log (HDiv.hDiv.{0, 0, 0} (DerridaRetaux.profileScale n) ↑h)))))
'DerridaRetaux.positiveTiltedDensity_temporalModulus_of_H1_and_spatial' depends on axioms: [propext,
 Classical.choice,
 Quot.sound]
DerridaRetaux.positiveTiltedDensity_weightedMass_orbit (m : Nat) (p₀ : DerridaRetaux.ProbabilityMass)
  (hm : LE.le.{0} 2 m) (hcrit : DerridaRetaux.Critical m p₀) (hthird : DerridaRetaux.TiltSummable m 3 p₀)
  (hnonconstant : Not (DerridaRetaux.IsDirac p₀))
  (hExcess : DerridaRetaux.CDHLSExcessFact m p₀ hm hcrit hthird hnonconstant)
  (hProduct : DerridaRetaux.CDHLSProductFact m p₀ hm hcrit hnonconstant) :
  ∃ C,
    And (LT.lt.{0} 0 C)
      (And
        (∀ (n : Nat),
          LE.le.{0}
            (DerridaRetaux.weightedL1Three (↑(HAdd.hAdd.{0, 0, 0} n 1))
              (DerridaRetaux.positiveTiltedDensity m (DerridaRetaux.orbit m p₀ n)))
            (HDiv.hDiv.{0, 0, 0} C ↑(HAdd.hAdd.{0, 0, 0} n 1)))
        (∀ (n : Nat),
          Eq.{1}
            (∑' (j : Nat),
              HMul.hMul.{0, 0, 0} (↑(HAdd.hAdd.{0, 0, 0} j 1))
                (DerridaRetaux.positiveTiltedDensity m (DerridaRetaux.orbit m p₀ n) j))
            1))
'DerridaRetaux.positiveTiltedDensity_weightedMass_orbit' depends on axioms: [propext, Classical.choice, Quot.sound]
DerridaRetaux.probabilityFirstMoment_tendsto_of_atom_limits_and_bound (m : Nat)
  (p : Nat → DerridaRetaux.ProbabilityMass) (hm : LE.le.{0} 2 m) (C : Real)
  (hfixed :
    ∀ (k : Nat),
      LE.le.{0} 1 k →
        Filter.Tendsto.{0, 0}
          (fun n => HMul.hMul.{0, 0, 0} (HPow.hPow.{0, 0, 0} (↑n) 2) (DerridaRetaux.ProbabilityMass.mass (p n) k))
          Filter.atTop.{0}
          (nhds.{0}
            (HDiv.hDiv.{0, 0, 0} 4 (HMul.hMul.{0, 0, 0} (HSub.hSub.{0, 0, 0} (↑m) 1) (HPow.hPow.{0, 0, 0} (↑m) k)))))
  (hatom :
    ∀ (n k : Nat),
      LE.le.{0} 1 k →
        LE.le.{0} (HMul.hMul.{0, 0, 0} (HPow.hPow.{0, 0, 0} (↑n) 2) (DerridaRetaux.ProbabilityMass.mass (p n) k))
          (HMul.hMul.{0, 0, 0} C (HPow.hPow.{0, 0, 0} (Inv.inv.{0} ↑m) k))) :
  Filter.Tendsto.{0, 0}
    (fun n =>
      ∑' (k : Nat),
        HMul.hMul.{0, 0, 0} (HPow.hPow.{0, 0, 0} (↑n) 2)
          (HMul.hMul.{0, 0, 0} (↑k) (DerridaRetaux.ProbabilityMass.mass (p n) k)))
    Filter.atTop.{0}
    (nhds.{0} (HDiv.hDiv.{0, 0, 0} (HMul.hMul.{0, 0, 0} 4 ↑m) (HPow.hPow.{0, 0, 0} (HSub.hSub.{0, 0, 0} (↑m) 1) 3)))
'DerridaRetaux.probabilityFirstMoment_tendsto_of_atom_limits_and_bound' depends on axioms: [propext,
 Classical.choice,
 Quot.sound]
DerridaRetaux.probabilityMassTail_tendsto_zero (p : DerridaRetaux.ProbabilityMass) :
  Filter.Tendsto.{0, 0} (DerridaRetaux.probabilityMassTail p) Filter.atTop.{0} (nhds.{0} 0)
'DerridaRetaux.probabilityMassTail_tendsto_zero' depends on axioms: [propext, Classical.choice, Quot.sound]
DerridaRetaux.profileDensityMomentTail_uniform_integrability_of_spineTail (m : Nat)
  (data : DerridaRetaux.ProfileInitialData m)
  (hnonconstant :
    Not
      (DerridaRetaux.IsDirac
        (DerridaRetaux.CriticalInitialData.law (DerridaRetaux.ProfileInitialData.toCriticalInitialData data))))
  (hProduct :
    DerridaRetaux.CDHLSProductFact m
      (DerridaRetaux.CriticalInitialData.law (DerridaRetaux.ProfileInitialData.toCriticalInitialData data)) ⋯ ⋯
      hnonconstant)
  (hsharp :
    ∀ (n : Nat) (R : Real),
      LT.lt.{0} 0 R →
        LE.le.{0} (DerridaRetaux.spineMarginalTail m data n R)
          (HAdd.hAdd.{0, 0, 0} (DerridaRetaux.spineMarginalTail m data 0 (HDiv.hDiv.{0, 0, 0} R 2))
            (HDiv.hDiv.{0, 0, 0} (HMul.hMul.{0, 0, 0} 8 ↑n) R)))
  (r : Nat) (hr : LE.le.{0} r 3) (T : Real) :
  LT.lt.{0} 0 T →
    ∀ (ε : Real),
      LT.lt.{0} 0 ε →
        ∀ᶠ (A : Real) in Filter.atTop.{0},
          ∀ᶠ (N : Nat) in Filter.atTop.{0},
            ∀ (n : Nat),
              LE.le.{0} (↑n) (HMul.hMul.{0, 0, 0} T ↑N) →
                LE.le.{0}
                  (DerridaRetaux.scaledDiscreteMomentTail
                    (DerridaRetaux.positiveTiltedDensity m
                      (DerridaRetaux.orbit m
                        (DerridaRetaux.CriticalInitialData.law
                          (DerridaRetaux.ProfileInitialData.toCriticalInitialData data))
                        n))
                    r N A)
                  ε
'DerridaRetaux.profileDensityMomentTail_uniform_integrability_of_spineTail' depends on axioms: [propext,
 Classical.choice,
 Quot.sound]
DerridaRetaux.profileDensityMoment_tendsto_of_compact_heads_and_spineTail_along (m : Nat)
  (data : DerridaRetaux.ProfileInitialData m)
  (hnonconstant :
    Not
      (DerridaRetaux.IsDirac
        (DerridaRetaux.CriticalInitialData.law (DerridaRetaux.ProfileInitialData.toCriticalInitialData data))))
  (hProduct :
    DerridaRetaux.CDHLSProductFact m
      (DerridaRetaux.CriticalInitialData.law (DerridaRetaux.ProfileInitialData.toCriticalInitialData data)) ⋯ ⋯
      hnonconstant)
  (hsharp :
    ∀ (n : Nat) (R : Real),
      LT.lt.{0} 0 R →
        LE.le.{0} (DerridaRetaux.spineMarginalTail m data n R)
          (HAdd.hAdd.{0, 0, 0} (DerridaRetaux.spineMarginalTail m data 0 (HDiv.hDiv.{0, 0, 0} R 2))
            (HDiv.hDiv.{0, 0, 0} (HMul.hMul.{0, 0, 0} 8 ↑n) R)))
  (r : Nat) (hr : LE.le.{0} r 3) (scale generation : Nat → Nat)
  (hscale : Filter.Tendsto.{0, 0} scale Filter.atTop.{0} Filter.atTop.{0}) (T : Real) (hT : LT.lt.{0} 0 T)
  (hgeneration : ∀ᶠ (k : Nat) in Filter.atTop.{0}, LE.le.{0} (↑(generation k)) (HMul.hMul.{0, 0, 0} T ↑(scale k)))
  (u : Real → Real)
  (hint :
    MeasureTheory.IntegrableOn.{0, 0} (fun x => HMul.hMul.{0, 0, 0} (HPow.hPow.{0, 0, 0} x r) (u x)) (Set.Ici.{0} 0)
      MeasureTheory.volume.{0})
  (hhead :
    ∀ (A : Real),
      LE.le.{0} 0 A →
        Filter.Tendsto.{0, 0}
          (fun k =>
            DerridaRetaux.scaledDiscreteMomentHead
              (DerridaRetaux.positiveTiltedDensity m
                (DerridaRetaux.orbit m
                  (DerridaRetaux.CriticalInitialData.law (DerridaRetaux.ProfileInitialData.toCriticalInitialData data))
                  (generation k)))
              r (scale k) A)
          Filter.atTop.{0} (nhds.{0} (DerridaRetaux.continuumMomentHead u r A))) :
  Filter.Tendsto.{0, 0}
    (fun k =>
      DerridaRetaux.scaledDiscreteMoment
        (DerridaRetaux.positiveTiltedDensity m
          (DerridaRetaux.orbit m
            (DerridaRetaux.CriticalInitialData.law (DerridaRetaux.ProfileInitialData.toCriticalInitialData data))
            (generation k)))
        r (scale k))
    Filter.atTop.{0} (nhds.{0} (DerridaRetaux.continuumMoment u r))
'DerridaRetaux.profileDensityMoment_tendsto_of_compact_heads_and_spineTail_along' depends on axioms: [propext,
 Classical.choice,
 Quot.sound]
DerridaRetaux.profileDensityThirdTail_uniform_integrability_of_spineTail (m : Nat)
  (data : DerridaRetaux.ProfileInitialData m)
  (hnonconstant :
    Not
      (DerridaRetaux.IsDirac
        (DerridaRetaux.CriticalInitialData.law (DerridaRetaux.ProfileInitialData.toCriticalInitialData data))))
  (hProduct :
    DerridaRetaux.CDHLSProductFact m
      (DerridaRetaux.CriticalInitialData.law (DerridaRetaux.ProfileInitialData.toCriticalInitialData data)) ⋯ ⋯
      hnonconstant)
  (hsharp :
    ∀ (n : Nat) (R : Real),
      LT.lt.{0} 0 R →
        LE.le.{0} (DerridaRetaux.spineMarginalTail m data n R)
          (HAdd.hAdd.{0, 0, 0} (DerridaRetaux.spineMarginalTail m data 0 (HDiv.hDiv.{0, 0, 0} R 2))
            (HDiv.hDiv.{0, 0, 0} (HMul.hMul.{0, 0, 0} 8 ↑n) R)))
  (T : Real) :
  LT.lt.{0} 0 T →
    ∀ (ε : Real),
      LT.lt.{0} 0 ε →
        ∀ᶠ (A : Real) in Filter.atTop.{0},
          ∀ᶠ (N : Nat) in Filter.atTop.{0},
            ∀ (n : Nat),
              LE.le.{0} (↑n) (HMul.hMul.{0, 0, 0} T ↑N) →
                LE.le.{0}
                  (DerridaRetaux.scaledDiscreteMomentTail
                    (DerridaRetaux.positiveTiltedDensity m
                      (DerridaRetaux.orbit m
                        (DerridaRetaux.CriticalInitialData.law
                          (DerridaRetaux.ProfileInitialData.toCriticalInitialData data))
                        n))
                    3 N A)
                  ε
'DerridaRetaux.profileDensityThirdTail_uniform_integrability_of_spineTail' depends on axioms: [propext,
 Classical.choice,
 Quot.sound]
DerridaRetaux.profileScale (n : Nat) : Real
'DerridaRetaux.profileScale' depends on axioms: [propext, Classical.choice, Quot.sound]
DerridaRetaux.profileScale_pos (n : Nat) : LT.lt.{0} 0 (DerridaRetaux.profileScale n)
'DerridaRetaux.profileScale_pos' depends on axioms: [propext, Classical.choice, Quot.sound]
DerridaRetaux.profileThirdTail_quadratic_of_concreteSpine (m : Nat) (data : DerridaRetaux.ProfileInitialData m)
  (hnonconstant :
    Not
      (DerridaRetaux.IsDirac
        (DerridaRetaux.CriticalInitialData.law (DerridaRetaux.ProfileInitialData.toCriticalInitialData data))))
  (hProduct :
    DerridaRetaux.CDHLSProductFact m
      (DerridaRetaux.CriticalInitialData.law (DerridaRetaux.ProfileInitialData.toCriticalInitialData data)) ⋯ ⋯
      hnonconstant) :
  ∃ C,
    And (LT.lt.{0} 0 C)
      (∀ (n : Nat) (R : Real),
        LE.le.{0} 2 R →
          LE.le.{0}
            (DerridaRetaux.normalizedTiltThirdTail m
              (DerridaRetaux.orbit m
                (DerridaRetaux.CriticalInitialData.law (DerridaRetaux.ProfileInitialData.toCriticalInitialData data)) n)
              R)
            (HMul.hMul.{0, 0, 0} (HMul.hMul.{0, 0, 0} C (HPow.hPow.{0, 0, 0} (↑(HAdd.hAdd.{0, 0, 0} n 1)) 2))
              (HAdd.hAdd.{0, 0, 0} (DerridaRetaux.spineMarginalTail m data 0 (HDiv.hDiv.{0, 0, 0} R 2))
                (HDiv.hDiv.{0, 0, 0} (↑n) R))))
'DerridaRetaux.profileThirdTail_quadratic_of_concreteSpine' depends on axioms: [propext, Classical.choice, Quot.sound]
DerridaRetaux.profileThirdTail_quadratic_of_spineTail (m : Nat) (data : DerridaRetaux.ProfileInitialData m)
  (hnonconstant :
    Not
      (DerridaRetaux.IsDirac
        (DerridaRetaux.CriticalInitialData.law (DerridaRetaux.ProfileInitialData.toCriticalInitialData data))))
  (hProduct :
    DerridaRetaux.CDHLSProductFact m
      (DerridaRetaux.CriticalInitialData.law (DerridaRetaux.ProfileInitialData.toCriticalInitialData data)) ⋯ ⋯
      hnonconstant)
  (hsharp :
    ∀ (n : Nat) (R : Real),
      LT.lt.{0} 0 R →
        LE.le.{0} (DerridaRetaux.spineMarginalTail m data n R)
          (HAdd.hAdd.{0, 0, 0} (DerridaRetaux.spineMarginalTail m data 0 (HDiv.hDiv.{0, 0, 0} R 2))
            (HDiv.hDiv.{0, 0, 0} (HMul.hMul.{0, 0, 0} 8 ↑n) R))) :
  ∃ C,
    And (LT.lt.{0} 0 C)
      (∀ (n : Nat) (R : Real),
        LE.le.{0} 2 R →
          LE.le.{0}
            (DerridaRetaux.normalizedTiltThirdTail m
              (DerridaRetaux.orbit m
                (DerridaRetaux.CriticalInitialData.law (DerridaRetaux.ProfileInitialData.toCriticalInitialData data)) n)
              R)
            (HMul.hMul.{0, 0, 0} (HMul.hMul.{0, 0, 0} C (HPow.hPow.{0, 0, 0} (↑(HAdd.hAdd.{0, 0, 0} n 1)) 2))
              (HAdd.hAdd.{0, 0, 0} (DerridaRetaux.spineMarginalTail m data 0 (HDiv.hDiv.{0, 0, 0} R 2))
                (HDiv.hDiv.{0, 0, 0} (↑n) R))))
'DerridaRetaux.profileThirdTail_quadratic_of_spineTail' depends on axioms: [propext, Classical.choice, Quot.sound]
DerridaRetaux.profileThirdTail_uniform_integrability_of_concreteSpine (m : Nat)
  (data : DerridaRetaux.ProfileInitialData m)
  (hnonconstant :
    Not
      (DerridaRetaux.IsDirac
        (DerridaRetaux.CriticalInitialData.law (DerridaRetaux.ProfileInitialData.toCriticalInitialData data))))
  (hProduct :
    DerridaRetaux.CDHLSProductFact m
      (DerridaRetaux.CriticalInitialData.law (DerridaRetaux.ProfileInitialData.toCriticalInitialData data)) ⋯ ⋯
      hnonconstant)
  (eta T : Real) :
  LT.lt.{0} 0 eta →
    LT.lt.{0} eta T →
      ∀ (epsilon : Real),
        LT.lt.{0} 0 epsilon →
          ∀ᶠ (A : Real) in Filter.atTop.{0},
            ∀ᶠ (N : Nat) in Filter.atTop.{0},
              ∀ (n : Nat),
                LE.le.{0} (HMul.hMul.{0, 0, 0} eta ↑N) ↑n →
                  LE.le.{0} (↑n) (HMul.hMul.{0, 0, 0} T ↑N) →
                    LE.le.{0}
                      (HDiv.hDiv.{0, 0, 0}
                        (DerridaRetaux.normalizedTiltThirdTail m
                          (DerridaRetaux.orbit m
                            (DerridaRetaux.CriticalInitialData.law
                              (DerridaRetaux.ProfileInitialData.toCriticalInitialData data))
                            n)
                          (HMul.hMul.{0, 0, 0} A ↑N))
                        (HPow.hPow.{0, 0, 0} (↑N) 2))
                      epsilon
'DerridaRetaux.profileThirdTail_uniform_integrability_of_concreteSpine' depends on axioms: [propext,
 Classical.choice,
 Quot.sound]
DerridaRetaux.profileThirdTail_uniform_integrability_of_spineTail (m : Nat) (data : DerridaRetaux.ProfileInitialData m)
  (hnonconstant :
    Not
      (DerridaRetaux.IsDirac
        (DerridaRetaux.CriticalInitialData.law (DerridaRetaux.ProfileInitialData.toCriticalInitialData data))))
  (hProduct :
    DerridaRetaux.CDHLSProductFact m
      (DerridaRetaux.CriticalInitialData.law (DerridaRetaux.ProfileInitialData.toCriticalInitialData data)) ⋯ ⋯
      hnonconstant)
  (hsharp :
    ∀ (n : Nat) (R : Real),
      LT.lt.{0} 0 R →
        LE.le.{0} (DerridaRetaux.spineMarginalTail m data n R)
          (HAdd.hAdd.{0, 0, 0} (DerridaRetaux.spineMarginalTail m data 0 (HDiv.hDiv.{0, 0, 0} R 2))
            (HDiv.hDiv.{0, 0, 0} (HMul.hMul.{0, 0, 0} 8 ↑n) R)))
  (T : Real) :
  LT.lt.{0} 0 T →
    ∀ (ε : Real),
      LT.lt.{0} 0 ε →
        ∀ᶠ (A : Real) in Filter.atTop.{0},
          ∀ᶠ (N : Nat) in Filter.atTop.{0},
            ∀ (n : Nat),
              LE.le.{0} (↑n) (HMul.hMul.{0, 0, 0} T ↑N) →
                LE.le.{0}
                  (HDiv.hDiv.{0, 0, 0}
                    (DerridaRetaux.normalizedTiltThirdTail m
                      (DerridaRetaux.orbit m
                        (DerridaRetaux.CriticalInitialData.law
                          (DerridaRetaux.ProfileInitialData.toCriticalInitialData data))
                        n)
                      (HMul.hMul.{0, 0, 0} A ↑N))
                    (HPow.hPow.{0, 0, 0} (↑N) 2))
                  ε
'DerridaRetaux.profileThirdTail_uniform_integrability_of_spineTail' depends on axioms: [propext,
 Classical.choice,
 Quot.sound]
DerridaRetaux.quadraticDensityAt_lipschitz_on_unit (m : Nat) (hm : LE.le.{0} 2 m) {x y : Real} (hx0 : LE.le.{0} 0 x)
  (hx1 : LE.le.{0} x 1) (hy0 : LE.le.{0} 0 y) (hy1 : LE.le.{0} y 1) :
  LE.le.{0}
    (abs.{0} (HSub.hSub.{0, 0, 0} (DerridaRetaux.quadraticDensityAt m x) (DerridaRetaux.quadraticDensityAt m y)))
    (HMul.hMul.{0, 0, 0} (DerridaRetaux.quadraticDensityLipschitzConstant m) (abs.{0} (HSub.hSub.{0, 0, 0} x y)))
'DerridaRetaux.quadraticDensityAt_lipschitz_on_unit' depends on axioms: [propext, Classical.choice, Quot.sound]
DerridaRetaux.scaledDensityTailL1_tendsto_zero_of_weighted (f : Nat → DerridaRetaux.Seq) (L : Nat → Real)
  (K : Nat → Nat) (hL : ∀ (n : Nat), LT.lt.{0} 0 (L n))
  (hsum : ∀ (n : Nat), Summable.{0, 0} (DerridaRetaux.weightedAbs (L n) (f n)))
  (hweighted :
    Filter.Tendsto.{0, 0}
      (fun n =>
        HMul.hMul.{0, 0, 0} (↑n)
          (HDiv.hDiv.{0, 0, 0} (DerridaRetaux.weightedL1Three (L n) (f n)) (DerridaRetaux.cubicWeight (L n) (K n))))
      Filter.atTop.{0} (nhds.{0} 0)) :
  Filter.Tendsto.{0, 0} (fun n => DerridaRetaux.scaledDensityTailL1 f K n) Filter.atTop.{0} (nhds.{0} 0)
'DerridaRetaux.scaledDensityTailL1_tendsto_zero_of_weighted' depends on axioms: [propext, Classical.choice, Quot.sound]
DerridaRetaux.scaledDiscreteMoment_tendsto_of_heads_and_uniform_tails_along (rho : Nat → DerridaRetaux.Seq)
  (scale : Nat → Nat) (r : Nat) (headLimit : Real → Real) (L : Real) (hrho : ∀ (k j : Nat), LE.le.{0} 0 (rho k j))
  (hmoment : ∀ (k : Nat), Summable.{0, 0} fun j => HMul.hMul.{0, 0, 0} (HPow.hPow.{0, 0, 0} (↑j) r) (rho k j))
  (hhead :
    ∀ (A : Real),
      LE.le.{0} 0 A →
        Filter.Tendsto.{0, 0} (fun k => DerridaRetaux.scaledDiscreteMomentHead (rho k) r (scale k) A) Filter.atTop.{0}
          (nhds.{0} (headLimit A)))
  (hheadLimit : Filter.Tendsto.{0, 0} headLimit Filter.atTop.{0} (nhds.{0} L))
  (htail :
    ∀ (ε : Real),
      LT.lt.{0} 0 ε →
        ∀ᶠ (A : Real) in Filter.atTop.{0},
          ∀ᶠ (k : Nat) in Filter.atTop.{0},
            LE.le.{0} (DerridaRetaux.scaledDiscreteMomentTail (rho k) r (scale k) A) ε) :
  Filter.Tendsto.{0, 0} (fun k => DerridaRetaux.scaledDiscreteMoment (rho k) r (scale k)) Filter.atTop.{0} (nhds.{0} L)
'DerridaRetaux.scaledDiscreteMoment_tendsto_of_heads_and_uniform_tails_along' depends on axioms: [propext,
 Classical.choice,
 Quot.sound]
DerridaRetaux.scaledLatticeMeasuresAlong_tendsto_finiteDensityMeasure_of_locallyUniform (rho : Nat → DerridaRetaux.Seq)
  (scale : Nat → Nat) (u : Real → Real) (hrho : ∀ (k j : Nat), LE.le.{0} 0 (rho k j))
  (hsum : ∀ (k : Nat), Summable.{0, 0} (rho k)) (hscale : Filter.Tendsto.{0, 0} scale Filter.atTop.{0} Filter.atTop.{0})
  (hucont : ContinuousOn.{0, 0} u (Set.Ici.{0} 0)) (hu : ∀ (x : Real), LE.le.{0} 0 (u x))
  (huneg : ∀ (x : Real), LT.lt.{0} x 0 → Eq.{1} (u x) 0)
  (hint : MeasureTheory.Integrable.{0, 0} u MeasureTheory.volume.{0})
  (hlocal : DerridaRetaux.LocallyUniformLatticeDensity rho scale u)
  (hmass :
    Filter.Tendsto.{0, 0} (fun k => HMul.hMul.{0, 0, 0} (↑(scale k)) (∑' (j : Nat), rho k j)) Filter.atTop.{0}
      (nhds.{0} (∫ (x : Real), u x))) :
  Filter.Tendsto.{0, 0} (DerridaRetaux.scaledLatticeMeasuresAlong rho scale hrho hsum) Filter.atTop.{0}
    (nhds.{0} (DerridaRetaux.finiteDensityMeasure u hu hint))
'DerridaRetaux.scaledLatticeMeasuresAlong_tendsto_finiteDensityMeasure_of_locallyUniform' depends on axioms: [propext,
 Classical.choice,
 Quot.sound]
DerridaRetaux.scaledLatticeMeasuresAlong_tendsto_of_exhaustionLimits (rho : Nat → DerridaRetaux.Seq)
  (a : Nat → Nat → Nat → Real) (phi : Nat → Nat)
  (g : (k : Nat) → BoundedContinuousFunction.{0, 0} (↑(DerridaRetaux.gridExhaustionRectangle k)) Real)
  (hrho : ∀ (N j : Nat), LE.le.{0} 0 (rho N j)) (hsum : ∀ (N : Nat), Summable.{0, 0} (rho N))
  (hphi : Filter.Tendsto.{0, 0} phi Filter.atTop.{0} Filter.atTop.{0}) (ha : ∀ (N n j : Nat), LE.le.{0} 0 (a N n j))
  (hterminal : ∀ (N j : Nat), Eq.{1} (a N N j) (HMul.hMul.{0, 0, 0} (HPow.hPow.{0, 0, 0} (↑N) 2) (rho N j)))
  (hlim :
    ∀ (k : Nat),
      TendstoUniformly.{0, 0, 0} (fun n p => DerridaRetaux.gridBilinearInterp (phi n) (a (phi n)) (↑p).1 (↑p).2)
        (fun p => (g k) p) Filter.atTop.{0})
  (hint : MeasureTheory.Integrable.{0, 0} (DerridaRetaux.gluedExhaustionTimeOneSlice g) MeasureTheory.volume.{0})
  (hmass :
    Filter.Tendsto.{0, 0} (fun n => HMul.hMul.{0, 0, 0} (↑(phi n)) (∑' (j : Nat), rho (phi n) j)) Filter.atTop.{0}
      (nhds.{0} (∫ (x : Real), DerridaRetaux.gluedExhaustionTimeOneSlice g x))) :
  Filter.Tendsto.{0, 0} (DerridaRetaux.scaledLatticeMeasuresAlong (fun n => rho (phi n)) phi ⋯ ⋯) Filter.atTop.{0}
    (nhds.{0} (DerridaRetaux.finiteDensityMeasure (DerridaRetaux.gluedExhaustionTimeOneSlice g) ⋯ hint))
'DerridaRetaux.scaledLatticeMeasuresAlong_tendsto_of_exhaustionLimits' depends on axioms: [propext,
 Classical.choice,
 Quot.sound]
DerridaRetaux.scaled_conv_eq_lattice_product_sum (rho : DerridaRetaux.Seq) (N k : Nat) (hN : LT.lt.{0} 0 N) :
  Eq.{1} (HMul.hMul.{0, 0, 0} (HPow.hPow.{0, 0, 0} (↑N) 3) (DerridaRetaux.conv rho rho k))
    (HMul.hMul.{0, 0, 0} (Inv.inv.{0} ↑N)
      (∑ i ∈ Finset.range (HAdd.hAdd.{0, 0, 0} k 1),
        HMul.hMul.{0, 0, 0} (HMul.hMul.{0, 0, 0} (HPow.hPow.{0, 0, 0} (↑N) 2) (rho i))
          (HMul.hMul.{0, 0, 0} (HPow.hPow.{0, 0, 0} (↑N) 2) (rho (HSub.hSub.{0, 0, 0} k i)))))
'DerridaRetaux.scaled_conv_eq_lattice_product_sum' depends on axioms: [propext, Classical.choice, Quot.sound]
DerridaRetaux.scaled_conv_gridIndex_tendsto_of_locallyUniform_of_nonneg (rho : Nat → DerridaRetaux.Seq)
  (scale : Nat → Nat) (u : Real → Real) (x : Real)
  (hscale : Filter.Tendsto.{0, 0} scale Filter.atTop.{0} Filter.atTop.{0}) (hu : ContinuousOn.{0, 0} u (Set.Ici.{0} 0))
  (hlocal : DerridaRetaux.LocallyUniformLatticeDensity rho scale u) (hx : LE.le.{0} 0 x) :
  Filter.Tendsto.{0, 0}
    (fun n =>
      HMul.hMul.{0, 0, 0} (HPow.hPow.{0, 0, 0} (↑(scale n)) 3)
        (DerridaRetaux.conv (rho n) (rho n) (DerridaRetaux.gridIndex (scale n) x)))
    Filter.atTop.{0} (nhds.{0} (DerridaRetaux.positiveSelfConvolution u x))
'DerridaRetaux.scaled_conv_gridIndex_tendsto_of_locallyUniform_of_nonneg' depends on axioms: [propext,
 Classical.choice,
 Quot.sound]
DerridaRetaux.scaled_conv_tendsto_moving_of_locallyUniform (rho : Nat → DerridaRetaux.Seq) (scale target : Nat → Nat)
  (u : Real → Real) (x : Real) (hscale : Filter.Tendsto.{0, 0} scale Filter.atTop.{0} Filter.atTop.{0})
  (htarget : Filter.Tendsto.{0, 0} target Filter.atTop.{0} Filter.atTop.{0})
  (hratio : Filter.Tendsto.{0, 0} (fun n => HDiv.hDiv.{0, 0, 0} ↑(target n) ↑(scale n)) Filter.atTop.{0} (nhds.{0} x))
  (hu : ContinuousOn.{0, 0} u (Set.Ici.{0} 0)) (hlocal : DerridaRetaux.LocallyUniformLatticeDensity rho scale u)
  (hx : LT.lt.{0} 0 x) :
  Filter.Tendsto.{0, 0}
    (fun n => HMul.hMul.{0, 0, 0} (HPow.hPow.{0, 0, 0} (↑(scale n)) 3) (DerridaRetaux.conv (rho n) (rho n) (target n)))
    Filter.atTop.{0} (nhds.{0} (DerridaRetaux.positiveSelfConvolution u x))
'DerridaRetaux.scaled_conv_tendsto_moving_of_locallyUniform' depends on axioms: [propext, Classical.choice, Quot.sound]
DerridaRetaux.scaled_conv_uniform_on_compact_away_zero_of_locallyUniform (rho : Nat → DerridaRetaux.Seq)
  (scale : Nat → Nat) (u : Real → Real) (δ : Real) (R : Nat)
  (hscale : Filter.Tendsto.{0, 0} scale Filter.atTop.{0} Filter.atTop.{0}) (hu : ContinuousOn.{0, 0} u (Set.Ici.{0} 0))
  (hlocal : DerridaRetaux.LocallyUniformLatticeDensity rho scale u) (hδ : LT.lt.{0} 0 δ) (ε : Real) :
  LT.lt.{0} 0 ε →
    ∀ᶠ (n : Nat) in Filter.atTop.{0},
      ∀ (k : Nat),
        LE.le.{0} (HMul.hMul.{0, 0, 0} δ ↑(scale n)) ↑k →
          LE.le.{0} k (HMul.hMul.{0, 0, 0} R (scale n)) →
            LT.lt.{0}
              (abs.{0}
                (HSub.hSub.{0, 0, 0}
                  (HMul.hMul.{0, 0, 0} (HPow.hPow.{0, 0, 0} (↑(scale n)) 3) (DerridaRetaux.conv (rho n) (rho n) k))
                  (DerridaRetaux.positiveSelfConvolution u (HDiv.hDiv.{0, 0, 0} ↑k ↑(scale n)))))
              ε
'DerridaRetaux.scaled_conv_uniform_on_compact_away_zero_of_locallyUniform' depends on axioms: [propext,
 Classical.choice,
 Quot.sound]
DerridaRetaux.scaled_shiftRightPow_conv_gridIndex_tendsto_of_nonneg (rho : Nat → DerridaRetaux.Seq) (scale : Nat → Nat)
  (u : Real → Real) (q : Nat) (x : Real) (hscale : Filter.Tendsto.{0, 0} scale Filter.atTop.{0} Filter.atTop.{0})
  (hu : ContinuousOn.{0, 0} u (Set.Ici.{0} 0)) (hlocal : DerridaRetaux.LocallyUniformLatticeDensity rho scale u)
  (hx : LE.le.{0} 0 x) :
  Filter.Tendsto.{0, 0}
    (fun n =>
      HMul.hMul.{0, 0, 0} (HPow.hPow.{0, 0, 0} (↑(scale n)) 3)
        (DerridaRetaux.shiftRightPow q (DerridaRetaux.conv (rho n) (rho n)) (DerridaRetaux.gridIndex (scale n) x)))
    Filter.atTop.{0} (nhds.{0} (DerridaRetaux.positiveSelfConvolution u x))
'DerridaRetaux.scaled_shiftRightPow_conv_gridIndex_tendsto_of_nonneg' depends on axioms: [propext,
 Classical.choice,
 Quot.sound]
DerridaRetaux.seq_recurrence_apply_eq_transport_add_forcing (u : Nat → DerridaRetaux.Seq) (c : Nat → Real)
  (forcing : Nat → DerridaRetaux.Seq)
  (hrec :
    ∀ (s : Nat),
      Eq.{1} (u (HAdd.hAdd.{0, 0, 0} s 1))
        (HAdd.hAdd.{0, 0, 0} (HSMul.hSMul.{0, 0, 0} (c s) (DerridaRetaux.shiftLeft (u s))) (forcing s)))
  {a n : Nat} (han : LE.le.{0} a n) (j : Nat) :
  Eq.{1} (u n j)
    (HAdd.hAdd.{0, 0, 0}
      (HMul.hMul.{0, 0, 0} (DerridaRetaux.transportBetween c a n)
        (u a (HAdd.hAdd.{0, 0, 0} j (HSub.hSub.{0, 0, 0} n a))))
      (∑ s ∈ Finset.Ico.{0} a n,
        HMul.hMul.{0, 0, 0} (DerridaRetaux.terminalTransportWeight c s n)
          (forcing s (HAdd.hAdd.{0, 0, 0} j (HSub.hSub.{0, 0, 0} (HSub.hSub.{0, 0, 0} n 1) s)))))
'DerridaRetaux.seq_recurrence_apply_eq_transport_add_forcing' depends on axioms: [propext, Classical.choice, Quot.sound]
DerridaRetaux.seq_recurrence_eq_truncatedInitial_add_forcing (u : Nat → DerridaRetaux.Seq) (c : Nat → Real)
  (forcing : Nat → DerridaRetaux.Seq)
  (hrec :
    ∀ (s : Nat),
      Eq.{1} (u (HAdd.hAdd.{0, 0, 0} s 1))
        (HAdd.hAdd.{0, 0, 0} (HSMul.hSMul.{0, 0, 0} (c s) (DerridaRetaux.shiftLeft (u s))) (forcing s)))
  (a h : Nat) :
  Eq.{1} (u (HAdd.hAdd.{0, 0, 0} a h))
    (HAdd.hAdd.{0, 0, 0} (DerridaRetaux.truncatedInitialTerm u c a (HAdd.hAdd.{0, 0, 0} a h))
      (DerridaRetaux.truncatedForcingTerm c forcing a (HAdd.hAdd.{0, 0, 0} a h)))
'DerridaRetaux.seq_recurrence_eq_truncatedInitial_add_forcing' depends on axioms: [propext,
 Classical.choice,
 Quot.sound]
DerridaRetaux.sharpOriginalLaw (m : Nat) (α : Real) (hm : LE.le.{0} 2 m) (hα : LT.lt.{0} 2 α) :
  DerridaRetaux.ProbabilityMass
'DerridaRetaux.sharpOriginalLaw' depends on axioms: [propext, Classical.choice, Quot.sound]
DerridaRetaux.sharpOriginalLaw_critical (m : Nat) (α : Real) (hm : LE.le.{0} 2 m) (hα : LT.lt.{0} 2 α) :
  DerridaRetaux.Critical m (DerridaRetaux.sharpOriginalLaw m α hm hα)
'DerridaRetaux.sharpOriginalLaw_critical' depends on axioms: [propext, Classical.choice, Quot.sound]
DerridaRetaux.sharpOriginalLaw_not_isDirac (m : Nat) (α : Real) (hm : LE.le.{0} 2 m) (hα : LT.lt.{0} 2 α) :
  Not (DerridaRetaux.IsDirac (DerridaRetaux.sharpOriginalLaw m α hm hα))
'DerridaRetaux.sharpOriginalLaw_not_isDirac' depends on axioms: [propext, Classical.choice, Quot.sound]
DerridaRetaux.sharpOriginalLaw_not_tiltSummable_three (m : Nat) (α : Real) (hm : LE.le.{0} 2 m) (hα₂ : LT.lt.{0} 2 α)
  (hα₄ : LT.lt.{0} α 4) : Not (DerridaRetaux.TiltSummable m 3 (DerridaRetaux.sharpOriginalLaw m α hm hα₂))
'DerridaRetaux.sharpOriginalLaw_not_tiltSummable_three' depends on axioms: [propext, Classical.choice, Quot.sound]
DerridaRetaux.sharpOriginalLaw_realTiltSummable_iff (m : Nat) (α s : Real) (hm : LE.le.{0} 2 m) (hα : LT.lt.{0} 2 α) :
  Iff (DerridaRetaux.RealTiltSummable m s (DerridaRetaux.sharpOriginalLaw m α hm hα))
    (LT.lt.{0} s (HSub.hSub.{0, 0, 0} α 1))
'DerridaRetaux.sharpOriginalLaw_realTiltSummable_iff' depends on axioms: [propext, Classical.choice, Quot.sound]
DerridaRetaux.sharpOriginalLaw_tail (m : Nat) (α : Real) (hm : LE.le.{0} 2 m) (hα : LT.lt.{0} 2 α) (k : Nat) :
  Eq.{1} (DerridaRetaux.ProbabilityMass.mass (DerridaRetaux.sharpOriginalLaw m α hm hα) (HAdd.hAdd.{0, 0, 0} k 2))
    (HMul.hMul.{0, 0, 0}
      (HMul.hMul.{0, 0, 0}
        (HMul.hMul.{0, 0, 0} (DerridaRetaux.sharpNormalizingConstant m α)
          (HPow.hPow.{0, 0, 0} (Inv.inv.{0} ↑m) (HAdd.hAdd.{0, 0, 0} k 2)))
        (DerridaRetaux.sharpTailConstant m α))
      (Real.rpow (HAdd.hAdd.{0, 0, 0} (↑k) 2) (Neg.neg.{0} α)))
'DerridaRetaux.sharpOriginalLaw_tail' depends on axioms: [propext, Classical.choice, Quot.sound]
DerridaRetaux.sharpPowerExponent (r : Real) : Real
'DerridaRetaux.sharpPowerExponent' depends on axioms: [propext, Classical.choice, Quot.sound]
DerridaRetaux.sharpTailConstant_pos (m : Nat) (α : Real) (hm : LE.le.{0} 2 m) (hα : LT.lt.{0} 2 α) :
  LT.lt.{0} 0 (DerridaRetaux.sharpTailConstant m α)
'DerridaRetaux.sharpTailConstant_pos' depends on axioms: [propext, Classical.choice, Quot.sound]
DerridaRetaux.sharpTiltedSeq_first_hasSum (m : Nat) (α : Real) (hα : LT.lt.{0} 2 α) :
  HasSum.{0, 0} (fun k => HMul.hMul.{0, 0, 0} (↑k) (DerridaRetaux.sharpTiltedSeq m α k))
    (HDiv.hDiv.{0, 0, 0} 1 (HSub.hSub.{0, 0, 0} (↑m) 1))
'DerridaRetaux.sharpTiltedSeq_first_hasSum' depends on axioms: [propext, Classical.choice, Quot.sound]
DerridaRetaux.sharpTiltedSeq_hasSum_one (m : Nat) (α : Real) (hα : LT.lt.{0} 1 α) :
  HasSum.{0, 0} (DerridaRetaux.sharpTiltedSeq m α) 1
'DerridaRetaux.sharpTiltedSeq_hasSum_one' depends on axioms: [propext, Classical.choice, Quot.sound]
DerridaRetaux.sharpTiltedSeq_nonneg (m : Nat) (α : Real) (hm : LE.le.{0} 2 m) (hα : LT.lt.{0} 2 α) (k : Nat) :
  LE.le.{0} 0 (DerridaRetaux.sharpTiltedSeq m α k)
'DerridaRetaux.sharpTiltedSeq_nonneg' depends on axioms: [propext, Classical.choice, Quot.sound]
DerridaRetaux.sharpnessPowerLaw_not_partition_excess_limit (m : Nat) (r : Real) (hm : LE.le.{0} 2 m)
  (hr₀ : LE.le.{0} 0 r) (hr₃ : LT.lt.{0} r 3)
  (hStable :
    DerridaRetaux.ChenShiStableProductFact m (DerridaRetaux.sharpnessPowerLaw m r hm hr₀ hr₃)
      (DerridaRetaux.sharpPowerExponent r)
      (HMul.hMul.{0, 0, 0} (DerridaRetaux.sharpNormalizingConstant m (DerridaRetaux.sharpPowerExponent r))
        (DerridaRetaux.sharpTailConstant m (DerridaRetaux.sharpPowerExponent r)))
      hm ⋯ ⋯ ⋯ ⋯) :
  Not
    (Filter.Tendsto.{0, 0}
      (fun n =>
        HMul.hMul.{0, 0, 0} (↑n)
          (HSub.hSub.{0, 0, 0}
            (DerridaRetaux.tiltedPartition m (DerridaRetaux.orbit m (DerridaRetaux.sharpnessPowerLaw m r hm hr₀ hr₃) n))
            1))
      Filter.atTop.{0} (nhds.{0} (HDiv.hDiv.{0, 0, 0} 2 (HSub.hSub.{0, 0, 0} (↑m) 1))))
'DerridaRetaux.sharpnessPowerLaw_not_partition_excess_limit' depends on axioms: [propext, Classical.choice, Quot.sound]
DerridaRetaux.shiftByInt (d : Int) (f : DerridaRetaux.Seq) (n : Nat) : Real
'DerridaRetaux.shiftByInt' depends on axioms: [propext, Classical.choice, Quot.sound]
DerridaRetaux.shiftLeft (f : DerridaRetaux.Seq) : DerridaRetaux.Seq
'DerridaRetaux.shiftLeft' depends on axioms: [propext, Classical.choice, Quot.sound]
DerridaRetaux.shiftRight (f : DerridaRetaux.Seq) : DerridaRetaux.Seq
'DerridaRetaux.shiftRight' depends on axioms: [propext, Classical.choice, Quot.sound]
DerridaRetaux.shiftedCubicMoment (r : Nat) (a : DerridaRetaux.Seq) : Real
'DerridaRetaux.shiftedCubicMoment' depends on axioms: [propext, Classical.choice, Quot.sound]
DerridaRetaux.shiftedCubicMoment_convPow_summable_and_le (L A : Real) (hL : LE.le.{0} 1 L) (a : DerridaRetaux.Seq)
  (ha : ∀ (k : Nat), LE.le.{0} 0 (a k)) (hweighted : Summable.{0, 0} (DerridaRetaux.weightedAbs L a))
  (hnorm : LE.le.{0} (DerridaRetaux.weightedL1Three L a) (HDiv.hDiv.{0, 0, 0} A L)) (r : Nat) (hr : LE.le.{0} 1 r) :
  And
    (Summable.{0, 0} fun k =>
      HMul.hMul.{0, 0, 0} (HPow.hPow.{0, 0, 0} (↑(HAdd.hAdd.{0, 0, 0} k r)) 3) (DerridaRetaux.convPow r a k))
    (LE.le.{0} (DerridaRetaux.shiftedCubicMoment r (DerridaRetaux.convPow r a))
      (HMul.hMul.{0, 0, 0} (HMul.hMul.{0, 0, 0} (HPow.hPow.{0, 0, 0} (↑r) 3) (HPow.hPow.{0, 0, 0} A r))
        (HDiv.hDiv.{0, 0, 0} (HPow.hPow.{0, 0, 0} L 3) (HPow.hPow.{0, 0, 0} L r))))
'DerridaRetaux.shiftedCubicMoment_convPow_summable_and_le' depends on axioms: [propext, Classical.choice, Quot.sound]
DerridaRetaux.shiftedPowerTailMoment_summable_iff (s α : Real) :
  Iff
    (Summable.{0, 0} fun n =>
      HMul.hMul.{0, 0, 0} (Real.rpow (HAdd.hAdd.{0, 0, 0} (↑n) 2) s)
        (Real.rpow (HAdd.hAdd.{0, 0, 0} (↑n) 2) (Neg.neg.{0} α)))
    (LT.lt.{0} s (HSub.hSub.{0, 0, 0} α 1))
'DerridaRetaux.shiftedPowerTailMoment_summable_iff' depends on axioms: [propext, Classical.choice, Quot.sound]
DerridaRetaux.shortDensityStep (c d : Real) (rho E : DerridaRetaux.Seq) : DerridaRetaux.Seq
'DerridaRetaux.shortDensityStep' depends on axioms: [propext, Classical.choice, Quot.sound]
DerridaRetaux.smoothingRemainder (c d : Real) (rho E : DerridaRetaux.Seq) : DerridaRetaux.Seq
'DerridaRetaux.smoothingRemainder' depends on axioms: [propext, Classical.choice, Quot.sound]
DerridaRetaux.smoothingRemainders_orbit_of_H1_and_pointwise (m : Nat) (p₀ : DerridaRetaux.ProbabilityMass)
  (hm : LE.le.{0} 2 m) (hcrit : DerridaRetaux.Critical m p₀) (hthird : DerridaRetaux.TiltSummable m 3 p₀)
  (hnonconstant : Not (DerridaRetaux.IsDirac p₀))
  (hExcess : DerridaRetaux.CDHLSExcessFact m p₀ hm hcrit hthird hnonconstant)
  (hProduct : DerridaRetaux.CDHLSProductFact m p₀ hm hcrit hnonconstant) (B : Real) (hB : LE.le.{0} 0 B)
  (hSup :
    ∀ (n : Nat),
      DerridaRetaux.WeightedSupThreeLE (↑(HAdd.hAdd.{0, 0, 0} n 1))
        (DerridaRetaux.positiveTiltedDensity m (DerridaRetaux.orbit m p₀ n))
        (HDiv.hDiv.{0, 0, 0} B (HPow.hPow.{0, 0, 0} (↑(HAdd.hAdd.{0, 0, 0} n 1)) 2))) :
  ∃ A,
    And (LT.lt.{0} 0 A)
      (∀ (s : Nat),
        And
          (DerridaRetaux.WeightedSupThreeLE (↑(HAdd.hAdd.{0, 0, 0} s 1)) (DerridaRetaux.densityE m p₀ s)
            (HDiv.hDiv.{0, 0, 0} (DerridaRetaux.densityEOrbitSupConstant m A B)
              (HPow.hPow.{0, 0, 0} (↑(HAdd.hAdd.{0, 0, 0} s 1)) 4)))
          (And
            (LE.le.{0} (DerridaRetaux.weightedL1Three (↑(HAdd.hAdd.{0, 0, 0} s 1)) (DerridaRetaux.densityE m p₀ s))
              (HDiv.hDiv.{0, 0, 0} (DerridaRetaux.densityEOrbitL1Constant m A)
                (HPow.hPow.{0, 0, 0} (↑(HAdd.hAdd.{0, 0, 0} s 1)) 3)))
            (DerridaRetaux.WeightedSupThreeLE (↑(HAdd.hAdd.{0, 0, 0} s 1)) (DerridaRetaux.densityR m p₀ s)
              (HDiv.hDiv.{0, 0, 0} (DerridaRetaux.densityROrbitSupConstant m A B)
                (HPow.hPow.{0, 0, 0} (↑(HAdd.hAdd.{0, 0, 0} s 1)) 4)))))
'DerridaRetaux.smoothingRemainders_orbit_of_H1_and_pointwise' depends on axioms: [propext, Classical.choice, Quot.sound]
DerridaRetaux.smoothing_coefficients_orbit_bounds (m : Nat) (p₀ : DerridaRetaux.ProbabilityMass) (hm : LE.le.{0} 2 m)
  (hcrit : DerridaRetaux.Critical m p₀) (s : Nat) :
  And (LE.le.{0} (abs.{0} (DerridaRetaux.transportCoeff m (DerridaRetaux.orbit m p₀ s))) 1)
    (LE.le.{0} (abs.{0} (DerridaRetaux.densityD m p₀ s)) ↑(Nat.choose m 2))
'DerridaRetaux.smoothing_coefficients_orbit_bounds' depends on axioms: [propext, Classical.choice, Quot.sound]
DerridaRetaux.sourceChoiceOrder_eq_tag_q {m R : Nat} (hRm : LE.le.{0} R m)
  (choice : Fin R → DerridaRetaux.SourceFactorChoice m) :
  Eq.{1} (DerridaRetaux.sourceChoiceOrder choice)
    (DerridaRetaux.SourceMonomialTag.q (DerridaRetaux.functionExpansionTag hRm choice))
'DerridaRetaux.sourceChoiceOrder_eq_tag_q' depends on axioms: [propext, Classical.choice, Quot.sound]
DerridaRetaux.sourceDifference_triangle_le_of_tailControlled (m : Nat) (p₀ : DerridaRetaux.ProbabilityMass)
  (Csource : Real)
  (hsource :
    ∀ (v N : Nat),
      LT.lt.{0} (HAdd.hAdd.{0, 0, 0} v (DerridaRetaux.SourceMonomialTag.sourceDifferenceCutoff m)) N →
        DerridaRetaux.TailControlled
          (fun k =>
            HSub.hSub.{0, 0, 0} (DerridaRetaux.arrivalFormulaSource m p₀ (HAdd.hAdd.{0, 0, 0} v 1) k)
              (DerridaRetaux.arrivalFormulaSource m p₀ v k))
          (HAdd.hAdd.{0, 0, 0} N v)
          (HDiv.hDiv.{0, 0, 0}
            (HMul.hMul.{0, 0, 0} Csource
              (HAdd.hAdd.{0, 0, 0} 1
                (HMul.hMul.{0, 0, 0} (DerridaRetaux.arrivalBoundary m p₀ v)
                  (HPow.hPow.{0, 0, 0} (↑(HAdd.hAdd.{0, 0, 0} v 1)) 2))))
            (HPow.hPow.{0, 0, 0} (↑N) 3)))
  (s N : Nat) (hN : LT.lt.{0} (HAdd.hAdd.{0, 0, 0} s (DerridaRetaux.SourceMonomialTag.sourceDifferenceCutoff m)) N) :
  LE.le.{0}
    (∑ j ∈ Finset.range s,
      ∑ v ∈ Finset.range j,
        HSub.hSub.{0, 0, 0}
          (DerridaRetaux.arrivalFormulaSource m p₀ (HAdd.hAdd.{0, 0, 0} v 1)
            (HSub.hSub.{0, 0, 0} (HAdd.hAdd.{0, 0, 0} N j) 1))
          (DerridaRetaux.arrivalFormulaSource m p₀ v (HSub.hSub.{0, 0, 0} (HAdd.hAdd.{0, 0, 0} N j) 1)))
    (∑ v ∈ Finset.range s,
      HDiv.hDiv.{0, 0, 0}
        (HMul.hMul.{0, 0, 0} Csource
          (HAdd.hAdd.{0, 0, 0} 1
            (HMul.hMul.{0, 0, 0} (DerridaRetaux.arrivalBoundary m p₀ v)
              (HPow.hPow.{0, 0, 0} (↑(HAdd.hAdd.{0, 0, 0} v 1)) 2))))
        (HPow.hPow.{0, 0, 0} (↑N) 3))
'DerridaRetaux.sourceDifference_triangle_le_of_tailControlled' depends on axioms: [propext,
 Classical.choice,
 Quot.sound]
DerridaRetaux.sourceFactorValue_eq_coreNormalForm (m : Nat) (p₀ : DerridaRetaux.ProbabilityMass) (s : Nat)
  (x : DerridaRetaux.SourceFactorChoice m) :
  Eq.{1} (DerridaRetaux.sourceFactorValue m p₀ s x) fun N =>
    HMul.hMul.{0, 0, 0} (DerridaRetaux.sourceFactorScalar m p₀ s x)
      (DerridaRetaux.shiftByInt (↑(DerridaRetaux.sourceFactorCoreShift s x))
        (DerridaRetaux.convPow (DerridaRetaux.sourceFactorOrder x) (DerridaRetaux.arrivalCoeffCore m p₀ s)) N)
'DerridaRetaux.sourceFactorValue_eq_coreNormalForm' depends on axioms: [propext, Classical.choice, Quot.sound]
DerridaRetaux.sourceFunctionExpandedTerm_eq_tagNormalForm {m R : Nat} (p₀ : DerridaRetaux.ProbabilityMass)
  (hRm : LE.le.{0} R m) (s : Nat) (choice : Fin R → DerridaRetaux.SourceFactorChoice m) :
  Eq.{1} (DerridaRetaux.sourceFunctionExpandedTerm m p₀ s R choice) fun N =>
    HMul.hMul.{0, 0, 0}
      (HMul.hMul.{0, 0, 0} (DerridaRetaux.arrivalAlpha m p₀ (HAdd.hAdd.{0, 0, 0} s 1) R)
        (DerridaRetaux.sourceChoiceScalar p₀ s choice))
      (DerridaRetaux.shiftByInt
        (DerridaRetaux.SourceMonomialTag.sigma (DerridaRetaux.functionExpansionTag hRm choice) s)
        (DerridaRetaux.convPow (DerridaRetaux.SourceMonomialTag.q (DerridaRetaux.functionExpansionTag hRm choice))
          (DerridaRetaux.arrivalCoeff m p₀ s))
        N)
'DerridaRetaux.sourceFunctionExpandedTerm_eq_tagNormalForm' depends on axioms: [propext, Classical.choice, Quot.sound]
DerridaRetaux.sourceModelEntranceString_hasSingularCharacteristic {κ lambda : Real} (hκ : LT.lt.{0} 0 κ)
  (hlambda : LT.lt.{0} lambda 0) :
  DerridaRetaux.HasSingularCharacteristic
    (DerridaRetaux.modelEntranceString (HDiv.hDiv.{0, 0, 0} (HMul.hMul.{0, 0, 0} 2 κ) 3)) lambda
    (HMul.hMul.{0, 0, 0} (Neg.neg.{0} (HDiv.hDiv.{0, 0, 0} (HMul.hMul.{0, 0, 0} 2 κ) 3))
      (Real.sqrt (Neg.neg.{0} lambda)))
'DerridaRetaux.sourceModelEntranceString_hasSingularCharacteristic' depends on axioms: [propext,
 Classical.choice,
 Quot.sound]
DerridaRetaux.spineMarginalPMF_bind_spineKernel (r : Nat)
  (data : DerridaRetaux.ProfileInitialData (HAdd.hAdd.{0, 0, 0} r 1)) (n : Nat) :
  Eq.{1}
    (PMF.bind.{0, 0} (DerridaRetaux.spineMarginalPMF (HAdd.hAdd.{0, 0, 0} r 1) data n)
      (DerridaRetaux.spineKernel (HAdd.hAdd.{0, 0, 0} r 1) data n))
    (DerridaRetaux.spineMarginalPMF (HAdd.hAdd.{0, 0, 0} r 1) data (HAdd.hAdd.{0, 0, 0} n 1))
'DerridaRetaux.spineMarginalPMF_bind_spineKernel' depends on axioms: [propext, Classical.choice, Quot.sound]
DerridaRetaux.spineMarginalPMF_bind_spineKernel_all (m : Nat) (data : DerridaRetaux.ProfileInitialData m) (n : Nat) :
  Eq.{1} (PMF.bind.{0, 0} (DerridaRetaux.spineMarginalPMF m data n) (DerridaRetaux.spineKernel m data n))
    (DerridaRetaux.spineMarginalPMF m data (HAdd.hAdd.{0, 0, 0} n 1))
'DerridaRetaux.spineMarginalPMF_bind_spineKernel_all' depends on axioms: [propext, Classical.choice, Quot.sound]
DerridaRetaux.spinePathPMF (m : Nat) (data : DerridaRetaux.ProfileInitialData m) (n : Nat) :
  PMF.{0} (Fin (HAdd.hAdd.{0, 0, 0} n 1) → Nat)
'DerridaRetaux.spinePathPMF' depends on axioms: [propext, Classical.choice, Quot.sound]
DerridaRetaux.spinePathPMF_initial_marginal (m : Nat) (data : DerridaRetaux.ProfileInitialData m) (n : Nat) :
  Eq.{1} (PMF.map.{0, 0} DerridaRetaux.finPathInitial (DerridaRetaux.spinePathPMF m data n))
    (DerridaRetaux.spineMarginalPMF m data 0)
'DerridaRetaux.spinePathPMF_initial_marginal' depends on axioms: [propext, Classical.choice, Quot.sound]
DerridaRetaux.spinePathPMF_terminal_marginal (m : Nat) (data : DerridaRetaux.ProfileInitialData m) (n : Nat) :
  Eq.{1} (PMF.map.{0, 0} DerridaRetaux.finPathTerminal (DerridaRetaux.spinePathPMF m data n))
    (DerridaRetaux.spineMarginalPMF m data n)
'DerridaRetaux.spinePathPMF_terminal_marginal' depends on axioms: [propext, Classical.choice, Quot.sound]
DerridaRetaux.spinePath_positiveVariation_hasSum (m : Nat) (data : DerridaRetaux.ProfileInitialData m) (n : Nat) :
  HasSum.{0, 0}
    (fun u =>
      HMul.hMul.{0, 0, 0} (ENNReal.toReal ((DerridaRetaux.spinePathPMF m data n) u))
        (DerridaRetaux.finPathPositiveVariation u))
    (∑ s ∈ Finset.range n, DerridaRetaux.spineExpectedPositiveIncrement m data s)
'DerridaRetaux.spinePath_positiveVariation_hasSum' depends on axioms: [propext, Classical.choice, Quot.sound]
DerridaRetaux.spineSharpTail_le_initial_add (m : Nat) (data : DerridaRetaux.ProfileInitialData m) (n : Nat) (R : Real)
  (hR : LT.lt.{0} 0 R) :
  LE.le.{0} (DerridaRetaux.spineSharpTail m data n R)
    (HAdd.hAdd.{0, 0, 0} (DerridaRetaux.spineSharpTail m data 0 (HDiv.hDiv.{0, 0, 0} R 2))
      (HDiv.hDiv.{0, 0, 0} (HMul.hMul.{0, 0, 0} 8 ↑n) R))
'DerridaRetaux.spineSharpTail_le_initial_add' depends on axioms: [propext, Classical.choice, Quot.sound]
DerridaRetaux.squareWeightSum_le (q tail : DerridaRetaux.Seq) (n : Nat) (C : Real)
  (hq : ∀ (k : Nat), Eq.{1} (q k) (DerridaRetaux.discreteDerivative tail k)) (hC : LE.le.{0} 0 C)
  (htail_nonneg : ∀ (k : Nat), LE.le.{0} 0 (tail k))
  (htail_le : ∀ (k : Nat), LE.le.{0} (tail k) (HDiv.hDiv.{0, 0, 0} C ↑(HAdd.hAdd.{0, 0, 0} k 1))) :
  LE.le.{0}
    (∑ k ∈ Finset.range (HAdd.hAdd.{0, 0, 0} n 1),
      HMul.hMul.{0, 0, 0} (HPow.hPow.{0, 0, 0} (↑(HAdd.hAdd.{0, 0, 0} k 1)) 2) (q k))
    (HAdd.hAdd.{0, 0, 0} C (HMul.hMul.{0, 0, 0} (HMul.hMul.{0, 0, 0} 2 C) ↑n))
'DerridaRetaux.squareWeightSum_le' depends on axioms: [propext, Classical.choice, Quot.sound]
DerridaRetaux.squareWeightSummationByParts_source (q tail : DerridaRetaux.Seq) (s : Nat) (hs : LT.lt.{0} 0 s)
  (hq : ∀ (k : Nat), Eq.{1} (q k) (DerridaRetaux.discreteDerivative tail k)) :
  Eq.{1} (∑ k ∈ Finset.range s, HMul.hMul.{0, 0, 0} (HPow.hPow.{0, 0, 0} (↑(HAdd.hAdd.{0, 0, 0} k 1)) 2) (q k))
    (HSub.hSub.{0, 0, 0}
      (HAdd.hAdd.{0, 0, 0} (tail 0)
        (∑ k ∈ Finset.Ico.{0} 1 s, HMul.hMul.{0, 0, 0} (↑(HAdd.hAdd.{0, 0, 0} (HMul.hMul.{0, 0, 0} 2 k) 1)) (tail k)))
      (HMul.hMul.{0, 0, 0} (HPow.hPow.{0, 0, 0} (↑s) 2) (tail s)))
'DerridaRetaux.squareWeightSummationByParts_source' depends on axioms: [propext, Classical.choice, Quot.sound]
DerridaRetaux.strictAntiOn_constructedEndpointSolution {p : Real} {A0 Y Z f : Real → Real}
  (hmono : StrictMonoOn.{0, 0} f (Set.Ioi.{0} 0)) (hbij : Set.BijOn.{0, 0} f (Set.Ioi.{0} 0) (Set.Iio.{0} 0))
  (hp : Ne.{1} p 0) (hf : ∀ (t : Real), LT.lt.{0} 0 t → HasDerivAt.{0, 0} f (Y t) t)
  (hYne : ∀ (t : Real), LT.lt.{0} 0 t → Ne.{1} (Y t) 0)
  (hY : ∀ (t : Real), LT.lt.{0} 0 t → HasDerivAt.{0, 0} Y (HMul.hMul.{0, 0, 0} (Neg.neg.{0} (A0 t)) (Y t)) t)
  (hZ :
    ∀ (t : Real),
      LT.lt.{0} 0 t →
        HasDerivAt.{0, 0} Z
          (HAdd.hAdd.{0, 0, 0} (HMul.hMul.{0, 0, 0} (A0 t) (Z t))
            (HMul.hMul.{0, 0, 0} (1 / 2) (HSub.hSub.{0, 0, 0} (HPow.hPow.{0, 0, 0} (Z t) 2) (HPow.hPow.{0, 0, 0} p 2))))
          t)
  (hInt : ∀ (t : Real), LT.lt.{0} 0 t → IntervalIntegrable.{0} Z MeasureTheory.volume.{0} 0 t)
  (hMeas : ∀ (t : Real), LT.lt.{0} 0 t → StronglyMeasurableAtFilter.{0, 0} Z (nhds.{0} t) MeasureTheory.volume.{0})
  (hCont : ∀ (t : Real), LT.lt.{0} 0 t → ContinuousAt.{0, 0} Z t) :
  StrictAntiOn.{0, 0} (DerridaRetaux.constructedEndpointSolution p Y Z (DerridaRetaux.coordinateOrderIso f hmono hbij))
    (Set.Iio.{0} 0)
'DerridaRetaux.strictAntiOn_constructedEndpointSolution' depends on axioms: [propext, Classical.choice, Quot.sound]
DerridaRetaux.strictAntiOn_modelStringEndpointSolution {d p : Real} (hd : LT.lt.{0} 0 d) (hp : LT.lt.{0} 0 p) :
  StrictAntiOn.{0, 0} (DerridaRetaux.modelStringEndpointSolution d p) (Set.Iio.{0} 0)
'DerridaRetaux.strictAntiOn_modelStringEndpointSolution' depends on axioms: [propext, Classical.choice, Quot.sound]
DerridaRetaux.strictMonoOn_stringXi {κ : Real} {A0 A2 A3 : Real → Real} (hκ : LT.lt.{0} 0 κ)
  (hA2 :
    ∀ (s : Real), LT.lt.{0} 0 s → HasDerivAt.{0, 0} A2 (HSub.hSub.{0, 0, 0} (HMul.hMul.{0, 0, 0} (A0 s) (A2 s)) 1) s)
  (hA3 : ∀ (s : Real), LT.lt.{0} 0 s → HasDerivAt.{0, 0} A3 (HMul.hMul.{0, 0, 0} (A0 s) (A3 s)) s)
  (hA3pos : ∀ (s : Real), LT.lt.{0} 0 s → LT.lt.{0} 0 (A3 s)) :
  StrictMonoOn.{0, 0} (DerridaRetaux.stringXi κ A2 A3) (Set.Ioi.{0} 0)
'DerridaRetaux.strictMonoOn_stringXi' depends on axioms: [propext, Classical.choice, Quot.sound]
DerridaRetaux.stringA2Y (κ : Real) (A2 A3 : Real → Real) (t : Real) : Real
'DerridaRetaux.stringA2Y' depends on axioms: [propext, Classical.choice, Quot.sound]
DerridaRetaux.stringA2Y_two_sided {κ c C : Real} {A0 A2 A3 : Real → Real} {t : Real} (hκ : LT.lt.{0} 0 κ)
  (hc : LT.lt.{0} 0 c) (hC : LT.lt.{0} 0 C) (ht : LT.lt.{0} 0 t)
  (hA2 :
    ∀ (s : Real), LT.lt.{0} 0 s → HasDerivAt.{0, 0} A2 (HSub.hSub.{0, 0, 0} (HMul.hMul.{0, 0, 0} (A0 s) (A2 s)) 1) s)
  (hA3 : ∀ (s : Real), LT.lt.{0} 0 s → HasDerivAt.{0, 0} A3 (HMul.hMul.{0, 0, 0} (A0 s) (A3 s)) s)
  (hprodTop : Filter.Tendsto.{0, 0} (DerridaRetaux.stringA2Y κ A2 A3) Filter.atTop.{0} (nhds.{0} 0))
  (hbounds :
    ∀ (s : Real),
      LT.lt.{0} 0 s →
        And (LE.le.{0} (HMul.hMul.{0, 0, 0} c (HPow.hPow.{0, 0, 0} s 2)) (A3 s))
          (LE.le.{0} (A3 s) (HMul.hMul.{0, 0, 0} C (HPow.hPow.{0, 0, 0} s 2)))) :
  And (LE.le.{0} (HMul.hMul.{0, 0, 0} (HDiv.hDiv.{0, 0, 0} κ C) (Inv.inv.{0} t)) (DerridaRetaux.stringA2Y κ A2 A3 t))
    (LE.le.{0} (DerridaRetaux.stringA2Y κ A2 A3 t) (HMul.hMul.{0, 0, 0} (HDiv.hDiv.{0, 0, 0} κ c) (Inv.inv.{0} t)))
'DerridaRetaux.stringA2Y_two_sided' depends on axioms: [propext, Classical.choice, Quot.sound]
DerridaRetaux.stringDensityCoefficient_vs_coordinate {κ c C : Real} {A0 A2 A3 : Real → Real} {t : Real}
  (hκ : LT.lt.{0} 0 κ) (hc : LT.lt.{0} 0 c) (hC : LT.lt.{0} 0 C) (ht : LT.lt.{0} 0 t)
  (hA2 :
    ∀ (s : Real), LT.lt.{0} 0 s → HasDerivAt.{0, 0} A2 (HSub.hSub.{0, 0, 0} (HMul.hMul.{0, 0, 0} (A0 s) (A2 s)) 1) s)
  (hA3 : ∀ (s : Real), LT.lt.{0} 0 s → HasDerivAt.{0, 0} A3 (HMul.hMul.{0, 0, 0} (A0 s) (A3 s)) s)
  (hprodTop : Filter.Tendsto.{0, 0} (DerridaRetaux.stringA2Y κ A2 A3) Filter.atTop.{0} (nhds.{0} 0))
  (hbounds :
    ∀ (s : Real),
      LT.lt.{0} 0 s →
        And (LE.le.{0} (HMul.hMul.{0, 0, 0} c (HPow.hPow.{0, 0, 0} s 2)) (A3 s))
          (LE.le.{0} (A3 s) (HMul.hMul.{0, 0, 0} C (HPow.hPow.{0, 0, 0} s 2)))) :
  And
    (LE.le.{0}
      (HMul.hMul.{0, 0, 0} (HPow.hPow.{0, 0, 0} (HDiv.hDiv.{0, 0, 0} c κ) 2)
        (HPow.hPow.{0, 0, 0}
          (HDiv.hDiv.{0, 0, 0} (HDiv.hDiv.{0, 0, 0} κ C) (Neg.neg.{0} (DerridaRetaux.stringXi κ A2 A3 t))) 4))
      (HPow.hPow.{0, 0, 0} (Inv.inv.{0} (DerridaRetaux.stringY κ A3 t)) 2))
    (LE.le.{0} (HPow.hPow.{0, 0, 0} (Inv.inv.{0} (DerridaRetaux.stringY κ A3 t)) 2)
      (HMul.hMul.{0, 0, 0} (HPow.hPow.{0, 0, 0} (HDiv.hDiv.{0, 0, 0} C κ) 2)
        (HPow.hPow.{0, 0, 0}
          (HDiv.hDiv.{0, 0, 0} (HDiv.hDiv.{0, 0, 0} κ c) (Neg.neg.{0} (DerridaRetaux.stringXi κ A2 A3 t))) 4)))
'DerridaRetaux.stringDensityCoefficient_vs_coordinate' depends on axioms: [propext, Classical.choice, Quot.sound]
DerridaRetaux.stringMassPrimitive (κ : Real) (A3 : Real → Real) (t : Real) : Real
'DerridaRetaux.stringMassPrimitive' depends on axioms: [propext, Classical.choice, Quot.sound]
DerridaRetaux.stringXi (κ : Real) (A2 A3 : Real → Real) (t : Real) : Real
'DerridaRetaux.stringXi' depends on axioms: [propext, Classical.choice, Quot.sound]
DerridaRetaux.stringXiMassCoordinate_comp_eq (κ : Real) (A2 A3 : Real → Real)
  (hmono : StrictMonoOn.{0, 0} (DerridaRetaux.stringXi κ A2 A3) (Set.Ioi.{0} 0))
  (hbij : Set.BijOn.{0, 0} (DerridaRetaux.stringXi κ A2 A3) (Set.Ioi.{0} 0) (Set.Iio.{0} 0)) {t : Real}
  (ht : LT.lt.{0} 0 t) :
  Eq.{1} (DerridaRetaux.stringXiMassCoordinate κ A2 A3 hmono hbij (DerridaRetaux.stringXi κ A2 A3 t))
    (DerridaRetaux.stringMassPrimitive κ A3 t)
'DerridaRetaux.stringXiMassCoordinate_comp_eq' depends on axioms: [propext, Classical.choice, Quot.sound]
DerridaRetaux.stringXiMassCoordinate_two_sided {κ c C t : Real} {A2 A3 : Real → Real}
  (hmono : StrictMonoOn.{0, 0} (DerridaRetaux.stringXi κ A2 A3) (Set.Ioi.{0} 0))
  (hbij : Set.BijOn.{0, 0} (DerridaRetaux.stringXi κ A2 A3) (Set.Ioi.{0} 0) (Set.Iio.{0} 0)) (hκ : LT.lt.{0} 0 κ)
  (ht : LT.lt.{0} 0 t)
  (hA3int : IntervalIntegrable.{0} (fun s => HDiv.hDiv.{0, 0, 0} (A3 s) κ) MeasureTheory.volume.{0} 0 t)
  (hbounds :
    ∀ (s : Real),
      LT.lt.{0} 0 s →
        And (LE.le.{0} (HMul.hMul.{0, 0, 0} c (HPow.hPow.{0, 0, 0} s 2)) (A3 s))
          (LE.le.{0} (A3 s) (HMul.hMul.{0, 0, 0} C (HPow.hPow.{0, 0, 0} s 2)))) :
  And
    (LE.le.{0} (HMul.hMul.{0, 0, 0} (HDiv.hDiv.{0, 0, 0} c κ) (HDiv.hDiv.{0, 0, 0} (HPow.hPow.{0, 0, 0} t 3) 3))
      (DerridaRetaux.stringXiMassCoordinate κ A2 A3 hmono hbij (DerridaRetaux.stringXi κ A2 A3 t)))
    (LE.le.{0} (DerridaRetaux.stringXiMassCoordinate κ A2 A3 hmono hbij (DerridaRetaux.stringXi κ A2 A3 t))
      (HMul.hMul.{0, 0, 0} (HDiv.hDiv.{0, 0, 0} C κ) (HDiv.hDiv.{0, 0, 0} (HPow.hPow.{0, 0, 0} t 3) 3)))
'DerridaRetaux.stringXiMassCoordinate_two_sided' depends on axioms: [propext, Classical.choice, Quot.sound]
DerridaRetaux.stringXi_bijOn {κ c C : Real} {A0 A2 A3 : Real → Real} (hκ : LT.lt.{0} 0 κ) (hc : LT.lt.{0} 0 c)
  (hC : LT.lt.{0} 0 C)
  (hA2 :
    ∀ (s : Real), LT.lt.{0} 0 s → HasDerivAt.{0, 0} A2 (HSub.hSub.{0, 0, 0} (HMul.hMul.{0, 0, 0} (A0 s) (A2 s)) 1) s)
  (hA3 : ∀ (s : Real), LT.lt.{0} 0 s → HasDerivAt.{0, 0} A3 (HMul.hMul.{0, 0, 0} (A0 s) (A3 s)) s)
  (hprodTop : Filter.Tendsto.{0, 0} (DerridaRetaux.stringA2Y κ A2 A3) Filter.atTop.{0} (nhds.{0} 0))
  (hbounds :
    ∀ (s : Real),
      LT.lt.{0} 0 s →
        And (LE.le.{0} (HMul.hMul.{0, 0, 0} c (HPow.hPow.{0, 0, 0} s 2)) (A3 s))
          (LE.le.{0} (A3 s) (HMul.hMul.{0, 0, 0} C (HPow.hPow.{0, 0, 0} s 2)))) :
  Set.BijOn.{0, 0} (DerridaRetaux.stringXi κ A2 A3) (Set.Ioi.{0} 0) (Set.Iio.{0} 0)
'DerridaRetaux.stringXi_bijOn' depends on axioms: [propext, Classical.choice, Quot.sound]
DerridaRetaux.stringXi_eq_neg_integral_Ioi {κ : Real} {A0 A2 A3 : Real → Real} {t : Real} (ht : LT.lt.{0} 0 t)
  (hA2 :
    ∀ (s : Real), LT.lt.{0} 0 s → HasDerivAt.{0, 0} A2 (HSub.hSub.{0, 0, 0} (HMul.hMul.{0, 0, 0} (A0 s) (A2 s)) 1) s)
  (hA3 : ∀ (s : Real), LT.lt.{0} 0 s → HasDerivAt.{0, 0} A3 (HMul.hMul.{0, 0, 0} (A0 s) (A3 s)) s)
  (hA3pos : ∀ (s : Real), LT.lt.{0} 0 s → LT.lt.{0} 0 (A3 s))
  (hprodTop : Filter.Tendsto.{0, 0} (DerridaRetaux.stringA2Y κ A2 A3) Filter.atTop.{0} (nhds.{0} 0))
  (hYnonneg : ∀ (s : Real), LT.lt.{0} 0 s → LE.le.{0} 0 (DerridaRetaux.stringY κ A3 s)) :
  Eq.{1} (DerridaRetaux.stringXi κ A2 A3 t) (Neg.neg.{0} (∫ (s : Real) in Set.Ioi.{0} t, DerridaRetaux.stringY κ A3 s))
'DerridaRetaux.stringXi_eq_neg_integral_Ioi' depends on axioms: [propext, Classical.choice, Quot.sound]
DerridaRetaux.stringY (κ : Real) (A3 : Real → Real) (t : Real) : Real
'DerridaRetaux.stringY' depends on axioms: [propext, Classical.choice, Quot.sound]
DerridaRetaux.stringY_eq_stringXi_sq_div_of_cumulative_eq_model {κ c C d : Real} {A0 A2 A3 : Real → Real}
  (hκ : LT.lt.{0} 0 κ) (hc : LT.lt.{0} 0 c) (hC : LT.lt.{0} 0 C) (hd : LT.lt.{0} 0 d)
  (hA2 :
    ∀ (s : Real), LT.lt.{0} 0 s → HasDerivAt.{0, 0} A2 (HSub.hSub.{0, 0, 0} (HMul.hMul.{0, 0, 0} (A0 s) (A2 s)) 1) s)
  (hA3 : ∀ (s : Real), LT.lt.{0} 0 s → HasDerivAt.{0, 0} A3 (HMul.hMul.{0, 0, 0} (A0 s) (A3 s)) s)
  (hprodTop : Filter.Tendsto.{0, 0} (DerridaRetaux.stringA2Y κ A2 A3) Filter.atTop.{0} (nhds.{0} 0))
  (hbounds :
    ∀ (s : Real),
      LT.lt.{0} 0 s →
        And (LE.le.{0} (HMul.hMul.{0, 0, 0} c (HPow.hPow.{0, 0, 0} s 2)) (A3 s))
          (LE.le.{0} (A3 s) (HMul.hMul.{0, 0, 0} C (HPow.hPow.{0, 0, 0} s 2))))
  (hcumulative :
    ∀ (x : Real),
      Eq.{1} (DerridaRetaux.stringCumulative (DerridaRetaux.constructedEntranceString κ A2 A3) x)
        (DerridaRetaux.stringCumulative (DerridaRetaux.modelEntranceString d) x))
  (t : Real) :
  LT.lt.{0} 0 t →
    Eq.{1} (DerridaRetaux.stringY κ A3 t)
      (HDiv.hDiv.{0, 0, 0} (HPow.hPow.{0, 0, 0} (DerridaRetaux.stringXi κ A2 A3 t) 2) d)
'DerridaRetaux.stringY_eq_stringXi_sq_div_of_cumulative_eq_model' depends on axioms: [propext,
 Classical.choice,
 Quot.sound]
DerridaRetaux.stringY_two_sided {κ c C : Real} {A3 : Real → Real} {t : Real} (hκ : LT.lt.{0} 0 κ) (hc : LT.lt.{0} 0 c)
  (hC : LT.lt.{0} 0 C) (ht : LT.lt.{0} 0 t)
  (hlower : LE.le.{0} (HMul.hMul.{0, 0, 0} c (HPow.hPow.{0, 0, 0} t 2)) (A3 t))
  (hupper : LE.le.{0} (A3 t) (HMul.hMul.{0, 0, 0} C (HPow.hPow.{0, 0, 0} t 2))) :
  And
    (LE.le.{0} (HDiv.hDiv.{0, 0, 0} κ (HMul.hMul.{0, 0, 0} C (HPow.hPow.{0, 0, 0} t 2))) (DerridaRetaux.stringY κ A3 t))
    (LE.le.{0} (DerridaRetaux.stringY κ A3 t) (HDiv.hDiv.{0, 0, 0} κ (HMul.hMul.{0, 0, 0} c (HPow.hPow.{0, 0, 0} t 2))))
'DerridaRetaux.stringY_two_sided' depends on axioms: [propext, Classical.choice, Quot.sound]
DerridaRetaux.sum_range_sum_range_triangle (f : Nat → Nat → Real) (s : Nat) :
  Eq.{1} (∑ j ∈ Finset.range s, ∑ v ∈ Finset.range j, f v j)
    (∑ v ∈ Finset.range s, ∑ j ∈ Finset.Ico.{0} (HAdd.hAdd.{0, 0, 0} v 1) s, f v j)
'DerridaRetaux.sum_range_sum_range_triangle' depends on axioms: [propext, Classical.choice, Quot.sound]
DerridaRetaux.sum_sourceFactorCoreExcess_eq_tag_e {m R : Nat} (hRm : LE.le.{0} R m)
  (choice : Fin R → DerridaRetaux.SourceFactorChoice m) :
  Eq.{1} (∑ i, DerridaRetaux.sourceFactorCoreExcess (choice i))
    (DerridaRetaux.SourceMonomialTag.e (DerridaRetaux.functionExpansionTag hRm choice))
'DerridaRetaux.sum_sourceFactorCoreExcess_eq_tag_e' depends on axioms: [propext, Classical.choice, Quot.sound]
DerridaRetaux.summable_partition_excess_sq (G : Nat → Real) (a : Real)
  (hlimit :
    Filter.Tendsto.{0, 0} (fun n => HMul.hMul.{0, 0, 0} (↑n) (HSub.hSub.{0, 0, 0} (G n) 1)) Filter.atTop.{0}
      (nhds.{0} a)) :
  Summable.{0, 0} fun n => HPow.hPow.{0, 0, 0} (HSub.hSub.{0, 0, 0} (G n) 1) 2
'DerridaRetaux.summable_partition_excess_sq' depends on axioms: [propext, Classical.choice, Quot.sound]
DerridaRetaux.survival (p : DerridaRetaux.ProbabilityMass) : Real
'DerridaRetaux.survival' depends on axioms: [propext, Classical.choice, Quot.sound]
DerridaRetaux.survivalReadout (m : Nat) (p : DerridaRetaux.ProbabilityMass) : Real
'DerridaRetaux.survivalReadout' depends on axioms: [propext, Classical.choice, Quot.sound]
DerridaRetaux.survival_eq_partition_mul_readout (m : Nat) (p : DerridaRetaux.ProbabilityMass) (hm : LE.le.{0} 2 m)
  (hcrit : DerridaRetaux.Critical m p) :
  Eq.{1} (DerridaRetaux.survival p)
    (HMul.hMul.{0, 0, 0} (HDiv.hDiv.{0, 0, 0} (DerridaRetaux.tiltedPartition m p) (HSub.hSub.{0, 0, 0} (↑m) 1))
      (DerridaRetaux.survivalReadout m p))
'DerridaRetaux.survival_eq_partition_mul_readout' depends on axioms: [propext, Classical.choice, Quot.sound]
DerridaRetaux.survival_le_excess_div_of_critical (m : Nat) (p : DerridaRetaux.ProbabilityMass) (hm : LE.le.{0} 2 m)
  (hcrit : DerridaRetaux.Critical m p) :
  LE.le.{0} (DerridaRetaux.survival p) (HDiv.hDiv.{0, 0, 0} (DerridaRetaux.excess m p) (HSub.hSub.{0, 0, 0} (↑m) 1))
'DerridaRetaux.survival_le_excess_div_of_critical' depends on axioms: [propext, Classical.choice, Quot.sound]
DerridaRetaux.survival_sub_boundary_le (m : Nat) (p : DerridaRetaux.ProbabilityMass) (hm : LE.le.{0} 2 m)
  (hcrit : DerridaRetaux.Critical m p) (B : Real) (hB : LE.le.{0} 0 B)
  (hdelta : DerridaRetaux.SupLE (DerridaRetaux.discreteDerivative (DerridaRetaux.rho m p)) B) :
  LE.le.{0}
    (abs.{0}
      (HSub.hSub.{0, 0, 0} (DerridaRetaux.survival p)
        (HDiv.hDiv.{0, 0, 0} (HMul.hMul.{0, 0, 0} (DerridaRetaux.tiltedPartition m p) (DerridaRetaux.rho m p 0))
          (HPow.hPow.{0, 0, 0} (HSub.hSub.{0, 0, 0} (↑m) 1) 2))))
    (HDiv.hDiv.{0, 0, 0} (HMul.hMul.{0, 0, 0} (DerridaRetaux.tiltedPartition m p) B)
      (HPow.hPow.{0, 0, 0} (HSub.hSub.{0, 0, 0} (↑m) 1) 3))
'DerridaRetaux.survival_sub_boundary_le' depends on axioms: [propext, Classical.choice, Quot.sound]
DerridaRetaux.taggedSourceTerm_tailControlled_of_H1 (m : Nat) (p₀ : DerridaRetaux.ProbabilityMass) (hm : LE.le.{0} 2 m)
  (hcrit : DerridaRetaux.Critical m p₀) (hnonconstant : Not (DerridaRetaux.IsDirac p₀)) (C Cb : Real)
  (hC : LT.lt.{0} 0 C) (hCb : LT.lt.{0} 0 Cb)
  (htagged :
    ∀ (t : DerridaRetaux.SourceMonomialTag m),
      DerridaRetaux.SourceMonomialTag.Valid t →
        ∀ (c D : Real),
          LE.le.{0} 0 D →
            ∀ (s N : Nat),
              LT.lt.{0} (HAdd.hAdd.{0, 0, 0} s (DerridaRetaux.SourceMonomialTag.sourceDifferenceCutoff m)) N →
                LE.le.{0} 1 (DerridaRetaux.SourceMonomialTag.q t) →
                  LE.le.{0} (abs.{0} c)
                      (HMul.hMul.{0, 0, 0} D
                        (HPow.hPow.{0, 0, 0} (DerridaRetaux.arrivalBoundary m p₀ s)
                          (DerridaRetaux.SourceMonomialTag.w t))) →
                    LE.le.{0}
                      (DerridaRetaux.absoluteCoefficientTail
                        (fun k =>
                          HMul.hMul.{0, 0, 0} c
                            (DerridaRetaux.shiftByInt (DerridaRetaux.SourceMonomialTag.sigma t s)
                              (DerridaRetaux.convPow (DerridaRetaux.SourceMonomialTag.q t)
                                (DerridaRetaux.arrivalCoeff m p₀ s))
                              k))
                        (HAdd.hAdd.{0, 0, 0} N s))
                      (HDiv.hDiv.{0, 0, 0}
                        (HMul.hMul.{0, 0, 0}
                          (HMul.hMul.{0, 0, 0}
                            (HMul.hMul.{0, 0, 0}
                              (HMul.hMul.{0, 0, 0} (HMul.hMul.{0, 0, 0} 8 D)
                                (HPow.hPow.{0, 0, 0} (↑(DerridaRetaux.SourceMonomialTag.q t)) 3))
                              (HPow.hPow.{0, 0, 0} C (DerridaRetaux.SourceMonomialTag.q t)))
                            (HPow.hPow.{0, 0, 0} (DerridaRetaux.arrivalBoundary m p₀ s)
                              (DerridaRetaux.SourceMonomialTag.w t)))
                          (HPow.hPow.{0, 0, 0} (↑(HAdd.hAdd.{0, 0, 0} s 1))
                            (HSub.hSub.{0, 0, 0} 3 ↑(DerridaRetaux.SourceMonomialTag.q t))))
                        (HPow.hPow.{0, 0, 0} (↑N) 3)))
  (hboundary :
    ∀ (s : Nat), LE.le.{0} (DerridaRetaux.arrivalBoundary m p₀ s) (HDiv.hDiv.{0, 0, 0} Cb ↑(HAdd.hAdd.{0, 0, 0} s 1)))
  (t : DerridaRetaux.SourceMonomialTag m) (hvalid : DerridaRetaux.SourceMonomialTag.Valid t) (c D : Real)
  (hD : LE.le.{0} 0 D) (s N : Nat)
  (hN : LT.lt.{0} (HAdd.hAdd.{0, 0, 0} s (DerridaRetaux.SourceMonomialTag.sourceDifferenceCutoff m)) N)
  (hc :
    LE.le.{0} (abs.{0} c)
      (HMul.hMul.{0, 0, 0} D
        (HPow.hPow.{0, 0, 0} (DerridaRetaux.arrivalBoundary m p₀ s) (DerridaRetaux.SourceMonomialTag.w t)))) :
  DerridaRetaux.TailControlled
    (fun k =>
      HMul.hMul.{0, 0, 0} c
        (DerridaRetaux.shiftByInt (DerridaRetaux.SourceMonomialTag.sigma t s)
          (DerridaRetaux.convPow (DerridaRetaux.SourceMonomialTag.q t) (DerridaRetaux.arrivalCoeff m p₀ s)) k))
    (HAdd.hAdd.{0, 0, 0} N s)
    (HDiv.hDiv.{0, 0, 0}
      (HMul.hMul.{0, 0, 0} (DerridaRetaux.sourceTagEnvelope C Cb D t)
        (HAdd.hAdd.{0, 0, 0} 1
          (HMul.hMul.{0, 0, 0} (DerridaRetaux.arrivalBoundary m p₀ s)
            (HPow.hPow.{0, 0, 0} (↑(HAdd.hAdd.{0, 0, 0} s 1)) 2))))
      (HPow.hPow.{0, 0, 0} (↑N) 3))
'DerridaRetaux.taggedSourceTerm_tailControlled_of_H1' depends on axioms: [propext, Classical.choice, Quot.sound]
DerridaRetaux.taggedSourceTerm_tailControlled_of_q_eq_zero {m : Nat} (t : DerridaRetaux.SourceMonomialTag m)
  (hvalid : DerridaRetaux.SourceMonomialTag.Valid t) (a : DerridaRetaux.Seq) (c : Real) (s N : Nat) (hN : LT.lt.{0} s N)
  (hq : Eq.{1} (DerridaRetaux.SourceMonomialTag.q t) 0) (M : Real) (hM : LE.le.{0} 0 M) :
  DerridaRetaux.TailControlled
    (fun k =>
      HMul.hMul.{0, 0, 0} c
        (DerridaRetaux.shiftByInt (DerridaRetaux.SourceMonomialTag.sigma t s)
          (DerridaRetaux.convPow (DerridaRetaux.SourceMonomialTag.q t) a) k))
    (HAdd.hAdd.{0, 0, 0} N s) M
'DerridaRetaux.taggedSourceTerm_tailControlled_of_q_eq_zero' depends on axioms: [propext, Classical.choice, Quot.sound]
DerridaRetaux.taggedSourceTerm_tailControlled_of_q_pos (m : Nat) (p₀ : DerridaRetaux.ProbabilityMass)
  (hm : LE.le.{0} 2 m) (hcrit : DerridaRetaux.Critical m p₀) (hnonconstant : Not (DerridaRetaux.IsDirac p₀)) (C : Real)
  (htagged :
    ∀ (t : DerridaRetaux.SourceMonomialTag m),
      DerridaRetaux.SourceMonomialTag.Valid t →
        ∀ (c D : Real),
          LE.le.{0} 0 D →
            ∀ (s N : Nat),
              LT.lt.{0} (HAdd.hAdd.{0, 0, 0} s (DerridaRetaux.SourceMonomialTag.sourceDifferenceCutoff m)) N →
                LE.le.{0} 1 (DerridaRetaux.SourceMonomialTag.q t) →
                  LE.le.{0} (abs.{0} c)
                      (HMul.hMul.{0, 0, 0} D
                        (HPow.hPow.{0, 0, 0} (DerridaRetaux.arrivalBoundary m p₀ s)
                          (DerridaRetaux.SourceMonomialTag.w t))) →
                    LE.le.{0}
                      (DerridaRetaux.absoluteCoefficientTail
                        (fun k =>
                          HMul.hMul.{0, 0, 0} c
                            (DerridaRetaux.shiftByInt (DerridaRetaux.SourceMonomialTag.sigma t s)
                              (DerridaRetaux.convPow (DerridaRetaux.SourceMonomialTag.q t)
                                (DerridaRetaux.arrivalCoeff m p₀ s))
                              k))
                        (HAdd.hAdd.{0, 0, 0} N s))
                      (HDiv.hDiv.{0, 0, 0}
                        (HMul.hMul.{0, 0, 0}
                          (HMul.hMul.{0, 0, 0}
                            (HMul.hMul.{0, 0, 0}
                              (HMul.hMul.{0, 0, 0} (HMul.hMul.{0, 0, 0} 8 D)
                                (HPow.hPow.{0, 0, 0} (↑(DerridaRetaux.SourceMonomialTag.q t)) 3))
                              (HPow.hPow.{0, 0, 0} C (DerridaRetaux.SourceMonomialTag.q t)))
                            (HPow.hPow.{0, 0, 0} (DerridaRetaux.arrivalBoundary m p₀ s)
                              (DerridaRetaux.SourceMonomialTag.w t)))
                          (HPow.hPow.{0, 0, 0} (↑(HAdd.hAdd.{0, 0, 0} s 1))
                            (HSub.hSub.{0, 0, 0} 3 ↑(DerridaRetaux.SourceMonomialTag.q t))))
                        (HPow.hPow.{0, 0, 0} (↑N) 3)))
  (t : DerridaRetaux.SourceMonomialTag m) (hvalid : DerridaRetaux.SourceMonomialTag.Valid t) (c D : Real)
  (hD : LE.le.{0} 0 D) (s N : Nat)
  (hN : LT.lt.{0} (HAdd.hAdd.{0, 0, 0} s (DerridaRetaux.SourceMonomialTag.sourceDifferenceCutoff m)) N)
  (hq : LE.le.{0} 1 (DerridaRetaux.SourceMonomialTag.q t))
  (hc :
    LE.le.{0} (abs.{0} c)
      (HMul.hMul.{0, 0, 0} D
        (HPow.hPow.{0, 0, 0} (DerridaRetaux.arrivalBoundary m p₀ s) (DerridaRetaux.SourceMonomialTag.w t)))) :
  DerridaRetaux.TailControlled
    (fun k =>
      HMul.hMul.{0, 0, 0} c
        (DerridaRetaux.shiftByInt (DerridaRetaux.SourceMonomialTag.sigma t s)
          (DerridaRetaux.convPow (DerridaRetaux.SourceMonomialTag.q t) (DerridaRetaux.arrivalCoeff m p₀ s)) k))
    (HAdd.hAdd.{0, 0, 0} N s)
    (HDiv.hDiv.{0, 0, 0}
      (HMul.hMul.{0, 0, 0}
        (HMul.hMul.{0, 0, 0}
          (HMul.hMul.{0, 0, 0}
            (HMul.hMul.{0, 0, 0} (HMul.hMul.{0, 0, 0} 8 D)
              (HPow.hPow.{0, 0, 0} (↑(DerridaRetaux.SourceMonomialTag.q t)) 3))
            (HPow.hPow.{0, 0, 0} C (DerridaRetaux.SourceMonomialTag.q t)))
          (HPow.hPow.{0, 0, 0} (DerridaRetaux.arrivalBoundary m p₀ s) (DerridaRetaux.SourceMonomialTag.w t)))
        (HPow.hPow.{0, 0, 0} (↑(HAdd.hAdd.{0, 0, 0} s 1))
          (HSub.hSub.{0, 0, 0} 3 ↑(DerridaRetaux.SourceMonomialTag.q t))))
      (HPow.hPow.{0, 0, 0} (↑N) 3))
'DerridaRetaux.taggedSourceTerm_tailControlled_of_q_pos' depends on axioms: [propext, Classical.choice, Quot.sound]
DerridaRetaux.taggedSourceTerm_tailControlled_uniform (m : Nat) (p₀ : DerridaRetaux.ProbabilityMass)
  (hm : LE.le.{0} 2 m) (hcrit : DerridaRetaux.Critical m p₀) (hnonconstant : Not (DerridaRetaux.IsDirac p₀))
  (C Cb D : Real) (hC : LT.lt.{0} 0 C) (hCb : LT.lt.{0} 0 Cb) (hD : LE.le.{0} 0 D)
  (htagged :
    ∀ (t : DerridaRetaux.SourceMonomialTag m),
      DerridaRetaux.SourceMonomialTag.Valid t →
        ∀ (c D : Real),
          LE.le.{0} 0 D →
            ∀ (s N : Nat),
              LT.lt.{0} (HAdd.hAdd.{0, 0, 0} s (DerridaRetaux.SourceMonomialTag.sourceDifferenceCutoff m)) N →
                LE.le.{0} 1 (DerridaRetaux.SourceMonomialTag.q t) →
                  LE.le.{0} (abs.{0} c)
                      (HMul.hMul.{0, 0, 0} D
                        (HPow.hPow.{0, 0, 0} (DerridaRetaux.arrivalBoundary m p₀ s)
                          (DerridaRetaux.SourceMonomialTag.w t))) →
                    LE.le.{0}
                      (DerridaRetaux.absoluteCoefficientTail
                        (fun k =>
                          HMul.hMul.{0, 0, 0} c
                            (DerridaRetaux.shiftByInt (DerridaRetaux.SourceMonomialTag.sigma t s)
                              (DerridaRetaux.convPow (DerridaRetaux.SourceMonomialTag.q t)
                                (DerridaRetaux.arrivalCoeff m p₀ s))
                              k))
                        (HAdd.hAdd.{0, 0, 0} N s))
                      (HDiv.hDiv.{0, 0, 0}
                        (HMul.hMul.{0, 0, 0}
                          (HMul.hMul.{0, 0, 0}
                            (HMul.hMul.{0, 0, 0}
                              (HMul.hMul.{0, 0, 0} (HMul.hMul.{0, 0, 0} 8 D)
                                (HPow.hPow.{0, 0, 0} (↑(DerridaRetaux.SourceMonomialTag.q t)) 3))
                              (HPow.hPow.{0, 0, 0} C (DerridaRetaux.SourceMonomialTag.q t)))
                            (HPow.hPow.{0, 0, 0} (DerridaRetaux.arrivalBoundary m p₀ s)
                              (DerridaRetaux.SourceMonomialTag.w t)))
                          (HPow.hPow.{0, 0, 0} (↑(HAdd.hAdd.{0, 0, 0} s 1))
                            (HSub.hSub.{0, 0, 0} 3 ↑(DerridaRetaux.SourceMonomialTag.q t))))
                        (HPow.hPow.{0, 0, 0} (↑N) 3)))
  (hboundary :
    ∀ (s : Nat), LE.le.{0} (DerridaRetaux.arrivalBoundary m p₀ s) (HDiv.hDiv.{0, 0, 0} Cb ↑(HAdd.hAdd.{0, 0, 0} s 1)))
  (t : DerridaRetaux.SourceMonomialTag m) (hvalid : DerridaRetaux.SourceMonomialTag.Valid t) (c : Real) (s N : Nat)
  (hN : LT.lt.{0} (HAdd.hAdd.{0, 0, 0} s (DerridaRetaux.SourceMonomialTag.sourceDifferenceCutoff m)) N)
  (hc :
    LE.le.{0} (abs.{0} c)
      (HMul.hMul.{0, 0, 0} D
        (HPow.hPow.{0, 0, 0} (DerridaRetaux.arrivalBoundary m p₀ s) (DerridaRetaux.SourceMonomialTag.w t)))) :
  DerridaRetaux.TailControlled
    (fun k =>
      HMul.hMul.{0, 0, 0} c
        (DerridaRetaux.shiftByInt (DerridaRetaux.SourceMonomialTag.sigma t s)
          (DerridaRetaux.convPow (DerridaRetaux.SourceMonomialTag.q t) (DerridaRetaux.arrivalCoeff m p₀ s)) k))
    (HAdd.hAdd.{0, 0, 0} N s)
    (HDiv.hDiv.{0, 0, 0}
      (HMul.hMul.{0, 0, 0} (DerridaRetaux.sourceUniformTagEnvelope m C Cb D)
        (HAdd.hAdd.{0, 0, 0} 1
          (HMul.hMul.{0, 0, 0} (DerridaRetaux.arrivalBoundary m p₀ s)
            (HPow.hPow.{0, 0, 0} (↑(HAdd.hAdd.{0, 0, 0} s 1)) 2))))
      (HPow.hPow.{0, 0, 0} (↑N) 3))
'DerridaRetaux.taggedSourceTerm_tailControlled_uniform' depends on axioms: [propext, Classical.choice, Quot.sound]
DerridaRetaux.tendsto_constructedEndpointSolution_nhdsLT_zero (p : Real) (Y Z : Real → Real)
  (e : OrderIso.{0, 0} ↑(Set.Ioi.{0} 0) ↑(Set.Iio.{0} 0))
  (hEndpoint : Filter.Tendsto.{0, 0} (DerridaRetaux.constructedEndpointAtTime p Y Z) Filter.atTop.{0} (nhds.{0} 0)) :
  Filter.Tendsto.{0, 0} (DerridaRetaux.constructedEndpointSolution p Y Z e) (nhdsWithin.{0} 0 (Set.Iio.{0} 0))
    (nhds.{0} 0)
'DerridaRetaux.tendsto_constructedEndpointSolution_nhdsLT_zero' depends on axioms: [propext,
 Classical.choice,
 Quot.sound]
DerridaRetaux.tendsto_constructed_stringCumulative_nhds_top {κ c C : Real} {A0 A2 A3 : Real → Real} (hκ : LT.lt.{0} 0 κ)
  (hc : LT.lt.{0} 0 c) (hC : LT.lt.{0} 0 C)
  (hA2 :
    ∀ (s : Real), LT.lt.{0} 0 s → HasDerivAt.{0, 0} A2 (HSub.hSub.{0, 0, 0} (HMul.hMul.{0, 0, 0} (A0 s) (A2 s)) 1) s)
  (hA3 : ∀ (s : Real), LT.lt.{0} 0 s → HasDerivAt.{0, 0} A3 (HMul.hMul.{0, 0, 0} (A0 s) (A3 s)) s)
  (hbounds :
    ∀ (s : Real),
      LT.lt.{0} 0 s →
        And (LE.le.{0} (HMul.hMul.{0, 0, 0} c (HPow.hPow.{0, 0, 0} s 2)) (A3 s))
          (LE.le.{0} (A3 s) (HMul.hMul.{0, 0, 0} C (HPow.hPow.{0, 0, 0} s 2))))
  (hmono : StrictMonoOn.{0, 0} (DerridaRetaux.stringXi κ A2 A3) (Set.Ioi.{0} 0))
  (hbij : Set.BijOn.{0, 0} (DerridaRetaux.stringXi κ A2 A3) (Set.Ioi.{0} 0) (Set.Iio.{0} 0)) :
  Filter.Tendsto.{0, 0} (DerridaRetaux.stringCumulative (DerridaRetaux.constructedEntranceString κ A2 A3))
    (nhdsWithin.{0} 0 (Set.Iio.{0} 0)) (nhds.{0} Top.top.{0})
'DerridaRetaux.tendsto_constructed_stringCumulative_nhds_top' depends on axioms: [propext, Classical.choice, Quot.sound]
DerridaRetaux.tendsto_entranceSolutionFromEndpoint_atBot_one {f f' : Real → Real} {h : Real}
  (hfcont : ContinuousOn.{0, 0} f (Set.Iio.{0} 0)) (hfpos : ∀ (x : Real), LT.lt.{0} x 0 → LT.lt.{0} 0 (f x))
  (hlimit : Filter.Tendsto.{0, 0} (fun x => HAdd.hAdd.{0, 0, 0} (f x) x) Filter.atBot.{0} (nhds.{0} h))
  (hfderiv : ∀ (x : Real), LT.lt.{0} x 0 → HasDerivAt.{0, 0} f (f' x) x)
  (hfprimeNeg : ∀ (x : Real), LT.lt.{0} x 0 → LT.lt.{0} (f' x) 0)
  (hfprimeLimit : Filter.Tendsto.{0, 0} f' Filter.atBot.{0} (nhds.{0} (-1))) :
  Filter.Tendsto.{0, 0} (DerridaRetaux.entranceSolutionFromEndpoint f) Filter.atBot.{0} (nhds.{0} 1)
'DerridaRetaux.tendsto_entranceSolutionFromEndpoint_atBot_one' depends on axioms: [propext,
 Classical.choice,
 Quot.sound]
DerridaRetaux.tendsto_modelStringEndpointSolutionDeriv_atBot (d p : Real) :
  Filter.Tendsto.{0, 0} (DerridaRetaux.modelStringEndpointSolutionDeriv d p) Filter.atBot.{0} (nhds.{0} (-1))
'DerridaRetaux.tendsto_modelStringEndpointSolutionDeriv_atBot' depends on axioms: [propext,
 Classical.choice,
 Quot.sound]
DerridaRetaux.tendsto_modelStringEndpointSolution_add_id_atBot {d p : Real} (hd : LT.lt.{0} 0 d) (hp : LT.lt.{0} 0 p) :
  Filter.Tendsto.{0, 0} (fun x => HAdd.hAdd.{0, 0, 0} (DerridaRetaux.modelStringEndpointSolution d p x) x)
    Filter.atBot.{0} (nhds.{0} (HDiv.hDiv.{0, 0, 0} (HMul.hMul.{0, 0, 0} (Neg.neg.{0} d) p) 2))
'DerridaRetaux.tendsto_modelStringEndpointSolution_add_id_atBot' depends on axioms: [propext,
 Classical.choice,
 Quot.sound]
DerridaRetaux.tendsto_modelStringEndpointSolution_nhdsLT_zero {d p : Real} (hd : LT.lt.{0} 0 d) (hp : LT.lt.{0} 0 p) :
  Filter.Tendsto.{0, 0} (DerridaRetaux.modelStringEndpointSolution d p) (nhdsWithin.{0} 0 (Set.Iio.{0} 0)) (nhds.{0} 0)
'DerridaRetaux.tendsto_modelStringEndpointSolution_nhdsLT_zero' depends on axioms: [propext,
 Classical.choice,
 Quot.sound]
DerridaRetaux.tendsto_model_stringCumulative_nhdsLT_zero_top {d : Real} (hd : Ne.{1} d 0) :
  Filter.Tendsto.{0, 0} (DerridaRetaux.stringCumulative (DerridaRetaux.modelEntranceString d))
    (nhdsWithin.{0} 0 (Set.Iio.{0} 0)) (nhds.{0} Top.top.{0})
'DerridaRetaux.tendsto_model_stringCumulative_nhdsLT_zero_top' depends on axioms: [propext,
 Classical.choice,
 Quot.sound]
DerridaRetaux.tendsto_transportProduct_of_defect_summable (m : Nat) (p₀ : DerridaRetaux.ProbabilityMass)
  (hdefect :
    Summable.{0, 0} fun n => HSub.hSub.{0, 0, 0} 1 (DerridaRetaux.transportCoeff m (DerridaRetaux.orbit m p₀ n))) :
  Filter.Tendsto.{0, 0} (DerridaRetaux.transportProduct m p₀) Filter.atTop.{0}
    (nhds.{0} (DerridaRetaux.transportProductLimit m p₀))
'DerridaRetaux.tendsto_transportProduct_of_defect_summable' depends on axioms: [propext, Classical.choice, Quot.sound]
DerridaRetaux.terminalTransportWeight_orbit_natFloor_window_uniform_of_H1a (m : Nat)
  (p₀ : DerridaRetaux.ProbabilityMass) (hm : LE.le.{0} 2 m) (hcrit : DerridaRetaux.Critical m p₀)
  (hthird : DerridaRetaux.TiltSummable m 3 p₀) (hnonconstant : Not (DerridaRetaux.IsDirac p₀))
  (hExcess : DerridaRetaux.CDHLSExcessFact m p₀ hm hcrit hthird hnonconstant) (scale : Nat → Nat)
  (hscale : Filter.Tendsto.{0, 0} scale Filter.atTop.{0} Filter.atTop.{0}) (t₀ t : Real) (ht₀ : LT.lt.{0} 0 t₀)
  (_hwindow : LE.le.{0} t₀ t) (ε : Real) :
  LT.lt.{0} 0 ε →
    ∀ᶠ (k : Nat) in Filter.atTop.{0},
      ∀ (s : Nat),
        Membership.mem.{0, 0}
            (Finset.Ico.{0} (Nat.floor.{0} (HMul.hMul.{0, 0, 0} t₀ ↑(scale k)))
              (Nat.floor.{0} (HMul.hMul.{0, 0, 0} t ↑(scale k))))
            s →
          LT.lt.{0}
            (abs.{0}
              (HSub.hSub.{0, 0, 0}
                (DerridaRetaux.terminalTransportWeight
                  (fun i => DerridaRetaux.transportCoeff m (DerridaRetaux.orbit m p₀ i)) s
                  (Nat.floor.{0} (HMul.hMul.{0, 0, 0} t ↑(scale k))))
                1))
            ε
'DerridaRetaux.terminalTransportWeight_orbit_natFloor_window_uniform_of_H1a' depends on axioms: [propext,
 Classical.choice,
 Quot.sound]
DerridaRetaux.tiltSummable_three_drStep (m : Nat) (p : DerridaRetaux.ProbabilityMass) (hm : LE.le.{0} 1 m)
  (hcritical : DerridaRetaux.Critical m p) (hthree : DerridaRetaux.TiltSummable m 3 p) :
  DerridaRetaux.TiltSummable m 3 (DerridaRetaux.drStep m p)
'DerridaRetaux.tiltSummable_three_drStep' depends on axioms: [propext, Classical.choice, Quot.sound]
DerridaRetaux.tiltedPartition (m : Nat) (p : DerridaRetaux.ProbabilityMass) : Real
'DerridaRetaux.tiltedPartition' depends on axioms: [propext, Classical.choice, Quot.sound]
DerridaRetaux.tiltedPartition_orbit_succ_eq (m : Nat) (p₀ : DerridaRetaux.ProbabilityMass) (hm : LE.le.{0} 1 m)
  (hcrit : DerridaRetaux.Critical m p₀) (n : Nat) :
  Eq.{1} (DerridaRetaux.tiltedPartition m (DerridaRetaux.orbit m p₀ (HAdd.hAdd.{0, 0, 0} n 1)))
    (HDiv.hDiv.{0, 0, 0}
      (HMul.hMul.{0, 0, 0} (HPow.hPow.{0, 0, 0} (DerridaRetaux.tiltedPartition m (DerridaRetaux.orbit m p₀ n)) m)
        (DerridaRetaux.tiltDenom m (DerridaRetaux.orbit m p₀ n)))
      ↑m)
'DerridaRetaux.tiltedPartition_orbit_succ_eq' depends on axioms: [propext, Classical.choice, Quot.sound]
DerridaRetaux.transportBetween_eq_transportProduct_div (m : Nat) (p₀ : DerridaRetaux.ProbabilityMass)
  (hm : LE.le.{0} 2 m) (hcrit : DerridaRetaux.Critical m p₀)
  (hnotBinaryFixedPoint : Not (And (Eq.{1} m 2) (Eq.{1} p₀ (DerridaRetaux.diracMass 1)))) {a n : Nat}
  (han : LE.le.{0} a n) :
  Eq.{1} (DerridaRetaux.transportBetween (fun s => DerridaRetaux.transportCoeff m (DerridaRetaux.orbit m p₀ s)) a n)
    (HDiv.hDiv.{0, 0, 0} (DerridaRetaux.transportProduct m p₀ n) (DerridaRetaux.transportProduct m p₀ a))
'DerridaRetaux.transportBetween_eq_transportProduct_div' depends on axioms: [propext, Classical.choice, Quot.sound]
DerridaRetaux.transportBetween_orbit_tendsto_one_along_of_H1a (m : Nat) (p₀ : DerridaRetaux.ProbabilityMass)
  (hm : LE.le.{0} 2 m) (hcrit : DerridaRetaux.Critical m p₀) (hthird : DerridaRetaux.TiltSummable m 3 p₀)
  (hnonconstant : Not (DerridaRetaux.IsDirac p₀))
  (hExcess : DerridaRetaux.CDHLSExcessFact m p₀ hm hcrit hthird hnonconstant) (lower upper : Nat → Nat)
  (hlower : Filter.Tendsto.{0, 0} lower Filter.atTop.{0} Filter.atTop.{0})
  (horder : ∀ᶠ (k : Nat) in Filter.atTop.{0}, LE.le.{0} (lower k) (upper k)) :
  Filter.Tendsto.{0, 0}
    (fun k =>
      DerridaRetaux.transportBetween (fun s => DerridaRetaux.transportCoeff m (DerridaRetaux.orbit m p₀ s)) (lower k)
        (upper k))
    Filter.atTop.{0} (nhds.{0} 1)
'DerridaRetaux.transportBetween_orbit_tendsto_one_along_of_H1a' depends on axioms: [propext,
 Classical.choice,
 Quot.sound]
DerridaRetaux.transportBetween_orbit_uniform_on_natFloor_window_of_H1a (m : Nat) (p₀ : DerridaRetaux.ProbabilityMass)
  (hm : LE.le.{0} 2 m) (hcrit : DerridaRetaux.Critical m p₀) (hthird : DerridaRetaux.TiltSummable m 3 p₀)
  (hnonconstant : Not (DerridaRetaux.IsDirac p₀))
  (hExcess : DerridaRetaux.CDHLSExcessFact m p₀ hm hcrit hthird hnonconstant) (scale : Nat → Nat)
  (hscale : Filter.Tendsto.{0, 0} scale Filter.atTop.{0} Filter.atTop.{0}) (t₀ : Real) (ht₀ : LT.lt.{0} 0 t₀)
  (ε : Real) :
  LT.lt.{0} 0 ε →
    ∀ᶠ (k : Nat) in Filter.atTop.{0},
      ∀ (a n : Nat),
        LE.le.{0} (Nat.floor.{0} (HMul.hMul.{0, 0, 0} t₀ ↑(scale k))) a →
          LE.le.{0} a n →
            LT.lt.{0}
              (abs.{0}
                (HSub.hSub.{0, 0, 0}
                  (DerridaRetaux.transportBetween (fun s => DerridaRetaux.transportCoeff m (DerridaRetaux.orbit m p₀ s))
                    a n)
                  1))
              ε
'DerridaRetaux.transportBetween_orbit_uniform_on_natFloor_window_of_H1a' depends on axioms: [propext,
 Classical.choice,
 Quot.sound]
DerridaRetaux.transportCoeff (m : Nat) (p : DerridaRetaux.ProbabilityMass) : Real
'DerridaRetaux.transportCoeff' depends on axioms: [propext, Classical.choice, Quot.sound]
DerridaRetaux.transportCoeff_inverse_uniform (m : Nat) (p₀ : DerridaRetaux.ProbabilityMass) (hm : LE.le.{0} 2 m)
  (hcrit : DerridaRetaux.Critical m p₀)
  (hnotBinaryFixedPoint : Not (And (Eq.{1} m 2) (Eq.{1} p₀ (DerridaRetaux.diracMass 1))))
  (hdefect :
    Summable.{0, 0} fun n => HSub.hSub.{0, 0, 0} 1 (DerridaRetaux.transportCoeff m (DerridaRetaux.orbit m p₀ n))) :
  ∃ B,
    And (LT.lt.{0} 0 B)
      (∀ (n : Nat), LE.le.{0} (Inv.inv.{0} (DerridaRetaux.transportCoeff m (DerridaRetaux.orbit m p₀ n))) B)
'DerridaRetaux.transportCoeff_inverse_uniform' depends on axioms: [propext, Classical.choice, Quot.sound]
DerridaRetaux.transportCoeff_le_one (m : Nat) (p : DerridaRetaux.ProbabilityMass) (hm : LE.le.{0} 1 m)
  (hcrit : DerridaRetaux.Critical m p) : LE.le.{0} (DerridaRetaux.transportCoeff m p) 1
'DerridaRetaux.transportCoeff_le_one' depends on axioms: [propext, Classical.choice, Quot.sound]
DerridaRetaux.transportCoeff_pos (m : Nat) (p : DerridaRetaux.ProbabilityMass) (hm : LE.le.{0} 1 m)
  (hcrit : DerridaRetaux.Critical m p) (hx : LT.lt.{0} 0 (DerridaRetaux.zeroTilt m p)) :
  LT.lt.{0} 0 (DerridaRetaux.transportCoeff m p)
'DerridaRetaux.transportCoeff_pos' depends on axioms: [propext, Classical.choice, Quot.sound]
DerridaRetaux.transportDefect_le_quadratic (m : Nat) (x : Real) (hm : LE.le.{0} 1 m) (hx0 : LE.le.{0} 0 x)
  (hx1 : LE.le.{0} x 1) :
  LE.le.{0} (DerridaRetaux.transportDefect m x)
    (HMul.hMul.{0, 0, 0}
      (HDiv.hDiv.{0, 0, 0}
        (HMul.hMul.{0, 0, 0} (↑(HSub.hSub.{0, 0, 0} m 1)) (HAdd.hAdd.{0, 0, 0} (↑(HSub.hSub.{0, 0, 0} m 1)) 1)) 2)
      (HPow.hPow.{0, 0, 0} (HSub.hSub.{0, 0, 0} 1 x) 2))
'DerridaRetaux.transportDefect_le_quadratic' depends on axioms: [propext, Classical.choice, Quot.sound]
DerridaRetaux.transportDefect_nonneg (m : Nat) (x : Real) (hm : LE.le.{0} 1 m) (hx : LE.le.{0} 0 x) :
  LE.le.{0} 0 (DerridaRetaux.transportDefect m x)
'DerridaRetaux.transportDefect_nonneg' depends on axioms: [propext, Classical.choice, Quot.sound]
DerridaRetaux.transportDefect_one (m : Nat) (hm : LE.le.{0} 1 m) : Eq.{1} (DerridaRetaux.transportDefect m 1) 0
'DerridaRetaux.transportDefect_one' depends on axioms: [propext, Classical.choice, Quot.sound]
DerridaRetaux.transportProduct (m : Nat) (p₀ : DerridaRetaux.ProbabilityMass) (n : Nat) : Real
'DerridaRetaux.transportProduct' depends on axioms: [propext, Classical.choice, Quot.sound]
DerridaRetaux.transportProductLimit_pos_of_defect_summable (m : Nat) (p₀ : DerridaRetaux.ProbabilityMass)
  (hm : LE.le.{0} 2 m) (hcrit : DerridaRetaux.Critical m p₀)
  (hnotBinaryFixedPoint : Not (And (Eq.{1} m 2) (Eq.{1} p₀ (DerridaRetaux.diracMass 1))))
  (hdefect :
    Summable.{0, 0} fun n => HSub.hSub.{0, 0, 0} 1 (DerridaRetaux.transportCoeff m (DerridaRetaux.orbit m p₀ n))) :
  LT.lt.{0} 0 (DerridaRetaux.transportProductLimit m p₀)
'DerridaRetaux.transportProductLimit_pos_of_defect_summable' depends on axioms: [propext, Classical.choice, Quot.sound]
DerridaRetaux.transportProduct_inverse_uniform (m : Nat) (p₀ : DerridaRetaux.ProbabilityMass) (hm : LE.le.{0} 2 m)
  (hcrit : DerridaRetaux.Critical m p₀)
  (hnotBinaryFixedPoint : Not (And (Eq.{1} m 2) (Eq.{1} p₀ (DerridaRetaux.diracMass 1))))
  (hdefect :
    Summable.{0, 0} fun n => HSub.hSub.{0, 0, 0} 1 (DerridaRetaux.transportCoeff m (DerridaRetaux.orbit m p₀ n))) :
  ∃ B, And (LT.lt.{0} 0 B) (∀ (n : Nat), LE.le.{0} (Inv.inv.{0} (DerridaRetaux.transportProduct m p₀ n)) B)
'DerridaRetaux.transportProduct_inverse_uniform' depends on axioms: [propext, Classical.choice, Quot.sound]
DerridaRetaux.transportProduct_mul_zeroTilt_le_orbitZeroTilt (m : Nat) (p₀ : DerridaRetaux.ProbabilityMass)
  (hm : LE.le.{0} 2 m) (hcrit : DerridaRetaux.Critical m p₀) (n : Nat) :
  LE.le.{0} (HMul.hMul.{0, 0, 0} (DerridaRetaux.transportProduct m p₀ n) (DerridaRetaux.zeroTilt m p₀))
    (DerridaRetaux.zeroTilt m (DerridaRetaux.orbit m p₀ n))
'DerridaRetaux.transportProduct_mul_zeroTilt_le_orbitZeroTilt' depends on axioms: [propext,
 Classical.choice,
 Quot.sound]
DerridaRetaux.truncatedSmoothingSplit_of_H1 (m : Nat) (p₀ : DerridaRetaux.ProbabilityMass) (hm : LE.le.{0} 2 m)
  (hcrit : DerridaRetaux.Critical m p₀) (hthird : DerridaRetaux.TiltSummable m 3 p₀)
  (hnonconstant : Not (DerridaRetaux.IsDirac p₀))
  (hExcess : DerridaRetaux.CDHLSExcessFact m p₀ hm hcrit hthird hnonconstant)
  (hProduct : DerridaRetaux.CDHLSProductFact m p₀ hm hcrit hnonconstant) :
  ∃ C,
    And (LT.lt.{0} 0 C)
      (And
        (∀ (n : Nat),
          DerridaRetaux.WeightedSupThreeLE (DerridaRetaux.profileScale n)
            (DerridaRetaux.positiveTiltedDensity m (DerridaRetaux.orbit m p₀ n))
            (HDiv.hDiv.{0, 0, 0} C (HPow.hPow.{0, 0, 0} (DerridaRetaux.profileScale n) 2)))
        (∀ (n a : Nat),
          LE.le.{0} a (HDiv.hDiv.{0, 0, 0} n 2) →
            ∃ early late,
              And
                (Eq.{1} (DerridaRetaux.positiveTiltedDensity m (DerridaRetaux.orbit m p₀ n))
                  (HAdd.hAdd.{0, 0, 0} early late))
                (And
                  (DerridaRetaux.WeightedSupThreeLE (DerridaRetaux.profileScale n) early
                    (HMul.hMul.{0, 0, 0} (HDiv.hDiv.{0, 0, 0} C (HPow.hPow.{0, 0, 0} (DerridaRetaux.profileScale n) 3))
                      ↑(HAdd.hAdd.{0, 0, 0} a 1)))
                  (DerridaRetaux.WeightedSupThreeLE (DerridaRetaux.profileScale n)
                    (DerridaRetaux.discreteDerivative late)
                    (HMul.hMul.{0, 0, 0} (HDiv.hDiv.{0, 0, 0} C (HPow.hPow.{0, 0, 0} (DerridaRetaux.profileScale n) 3))
                      (HAdd.hAdd.{0, 0, 0} 1
                        (Real.log (HDiv.hDiv.{0, 0, 0} (DerridaRetaux.profileScale n) ↑(HAdd.hAdd.{0, 0, 0} a 1)))))))))
'DerridaRetaux.truncatedSmoothingSplit_of_H1' depends on axioms: [propext, Classical.choice, Quot.sound]
DerridaRetaux.weakEquationRhs (u : Real → Real → Real) (phi : Real → Real) (t : Real) : Real
'DerridaRetaux.weakEquationRhs' depends on axioms: [propext, Classical.choice, Quot.sound]
DerridaRetaux.weakQuadraticPairing_eq_integral_positiveSelfConvolution (phi u : Real → Real)
  (hphi : Continuous.{0, 0} phi) (hcompact : HasCompactSupport.{0, 0} phi)
  (hu : MeasureTheory.IntegrableOn.{0, 0} u (Set.Ici.{0} 0) MeasureTheory.volume.{0}) :
  Eq.{1} (DerridaRetaux.weakQuadraticPairing phi u)
    (∫ (z : Real) in Set.Ici.{0} 0, HMul.hMul.{0, 0, 0} (phi z) (DerridaRetaux.positiveSelfConvolution u z))
'DerridaRetaux.weakQuadraticPairing_eq_integral_positiveSelfConvolution' depends on axioms: [propext,
 Classical.choice,
 Quot.sound]
DerridaRetaux.weightedL1Three (L : Real) (f : DerridaRetaux.Seq) : Real
'DerridaRetaux.weightedL1Three' depends on axioms: [propext, Classical.choice, Quot.sound]
DerridaRetaux.weightedL1Three_convPow_le_pow (L : Real) (hL : LE.le.{0} 1 L) (a : DerridaRetaux.Seq)
  (ha : Summable.{0, 0} (DerridaRetaux.weightedAbs L a)) (r : Nat) :
  LE.le.{0} (DerridaRetaux.weightedL1Three L (DerridaRetaux.convPow r a))
    (HPow.hPow.{0, 0, 0} (DerridaRetaux.weightedL1Three L a) r)
'DerridaRetaux.weightedL1Three_convPow_le_pow' depends on axioms: [propext, Classical.choice, Quot.sound]
DerridaRetaux.weightedL1Three_conv_le (L : Real) (hL : LE.le.{0} 1 L) (a b : DerridaRetaux.Seq)
  (ha : Summable.{0, 0} (DerridaRetaux.weightedAbs L a)) (hb : Summable.{0, 0} (DerridaRetaux.weightedAbs L b)) :
  LE.le.{0} (DerridaRetaux.weightedL1Three L (DerridaRetaux.conv a b))
    (HMul.hMul.{0, 0, 0} (DerridaRetaux.weightedL1Three L a) (DerridaRetaux.weightedL1Three L b))
'DerridaRetaux.weightedL1Three_conv_le' depends on axioms: [propext, Classical.choice, Quot.sound]
DerridaRetaux.weightedL1Three_positiveTiltedDensity_le (m : Nat) (p : DerridaRetaux.ProbabilityMass) (L A B : Real)
  (hm : LE.le.{0} 1 m) (hcrit : DerridaRetaux.Critical m p) (hthird : DerridaRetaux.TiltSummable m 3 p)
  (hL : LT.lt.{0} 0 L) (hmass : LE.le.{0} (DerridaRetaux.positiveTiltMass m p) (HDiv.hDiv.{0, 0, 0} A L))
  (hmoment :
    LE.le.{0} (∑' (k : Nat), HMul.hMul.{0, 0, 0} (HPow.hPow.{0, 0, 0} (↑k) 3) (DerridaRetaux.normalizedTilt m p k))
      (HMul.hMul.{0, 0, 0} B (HPow.hPow.{0, 0, 0} L 2))) :
  LE.le.{0} (DerridaRetaux.weightedL1Three L (DerridaRetaux.positiveTiltedDensity m p))
    (HDiv.hDiv.{0, 0, 0}
      (HMul.hMul.{0, 0, 0} (HMul.hMul.{0, 0, 0} 4 (HSub.hSub.{0, 0, 0} (↑m) 1)) (HAdd.hAdd.{0, 0, 0} A B)) L)
'DerridaRetaux.weightedL1Three_positiveTiltedDensity_le' depends on axioms: [propext, Classical.choice, Quot.sound]
DerridaRetaux.weightedL1Three_shiftLeft_le (L : Real) (hL : LT.lt.{0} 0 L) (f : DerridaRetaux.Seq)
  (hf : Summable.{0, 0} (DerridaRetaux.weightedAbs L f)) :
  LE.le.{0} (DerridaRetaux.weightedL1Three L (DerridaRetaux.shiftLeft f)) (DerridaRetaux.weightedL1Three L f)
'DerridaRetaux.weightedL1Three_shiftLeft_le' depends on axioms: [propext, Classical.choice, Quot.sound]
DerridaRetaux.weightedSupThree_convPow_succ_le (L A : Real) (hL : LE.le.{0} 1 L) (hA : LE.le.{0} 0 A)
  (a : DerridaRetaux.Seq) (haSup : DerridaRetaux.WeightedSupThreeLE L a A)
  (haSum : Summable.{0, 0} (DerridaRetaux.weightedAbs L a)) (r : Nat) :
  DerridaRetaux.WeightedSupThreeLE L (DerridaRetaux.convPow (HAdd.hAdd.{0, 0, 0} r 1) a)
    (HMul.hMul.{0, 0, 0} A (HPow.hPow.{0, 0, 0} (DerridaRetaux.weightedL1Three L a) r))
'DerridaRetaux.weightedSupThree_convPow_succ_le' depends on axioms: [propext, Classical.choice, Quot.sound]
DerridaRetaux.weightedSupThree_shiftByInt_nat (L C : Real) (d : Nat) (hL : LE.le.{0} 1 L) (hC : LE.le.{0} 0 C)
  (f : DerridaRetaux.Seq) (hf : DerridaRetaux.WeightedSupThreeLE L f C) :
  DerridaRetaux.WeightedSupThreeLE L (DerridaRetaux.shiftByInt (↑d) f)
    (HMul.hMul.{0, 0, 0} (HPow.hPow.{0, 0, 0} (↑(HAdd.hAdd.{0, 0, 0} 1 d)) 3) C)
'DerridaRetaux.weightedSupThree_shiftByInt_nat' depends on axioms: [propext, Classical.choice, Quot.sound]
DerridaRetaux.weightedSupThree_shiftLeft (L C : Real) (hL : LT.lt.{0} 0 L) (f : DerridaRetaux.Seq)
  (hf : DerridaRetaux.WeightedSupThreeLE L f C) : DerridaRetaux.WeightedSupThreeLE L (DerridaRetaux.shiftLeft f) C
'DerridaRetaux.weightedSupThree_shiftLeft' depends on axioms: [propext, Classical.choice, Quot.sound]
DerridaRetaux.weightedSupThree_shiftLeft_iterate_gain (s n d : Nat) (C : Real) (hn : LE.le.{0} 2 n)
  (hd : LE.le.{0} (HSub.hSub.{0, 0, 0} (HSub.hSub.{0, 0, 0} n 2) s) d) (f : DerridaRetaux.Seq)
  (hf : DerridaRetaux.WeightedSupThreeLE (↑(HAdd.hAdd.{0, 0, 0} s 1)) f C) :
  DerridaRetaux.WeightedSupThreeLE (↑(HAdd.hAdd.{0, 0, 0} n 1)) (Nat.iterate.{1} DerridaRetaux.shiftLeft d f)
    (HMul.hMul.{0, 0, 0}
      (HMul.hMul.{0, 0, 0} 27
        (HPow.hPow.{0, 0, 0} (HDiv.hDiv.{0, 0, 0} ↑(HAdd.hAdd.{0, 0, 0} s 1) ↑(HAdd.hAdd.{0, 0, 0} n 1)) 3))
      C)
'DerridaRetaux.weightedSupThree_shiftLeft_iterate_gain' depends on axioms: [propext, Classical.choice, Quot.sound]
DerridaRetaux.weightedSupThree_twoParameter_log_of_split (n a h : Nat) (C : Real) (rho early late : DerridaRetaux.Seq)
  (hsplit : Eq.{1} rho (HAdd.hAdd.{0, 0, 0} early late))
  (hearly :
    DerridaRetaux.WeightedSupThreeLE (DerridaRetaux.profileScale n) early
      (HMul.hMul.{0, 0, 0} (HDiv.hDiv.{0, 0, 0} C (HPow.hPow.{0, 0, 0} (DerridaRetaux.profileScale n) 3))
        ↑(HAdd.hAdd.{0, 0, 0} a 1)))
  (hlate :
    DerridaRetaux.WeightedSupThreeLE (DerridaRetaux.profileScale n) (DerridaRetaux.discreteDerivative late)
      (HMul.hMul.{0, 0, 0} (HDiv.hDiv.{0, 0, 0} C (HPow.hPow.{0, 0, 0} (DerridaRetaux.profileScale n) 3))
        (HAdd.hAdd.{0, 0, 0} 1
          (Real.log (HDiv.hDiv.{0, 0, 0} (DerridaRetaux.profileScale n) ↑(HAdd.hAdd.{0, 0, 0} a 1)))))) :
  DerridaRetaux.WeightedSupThreeLE (DerridaRetaux.profileScale n)
    (HSub.hSub.{0, 0, 0} rho (Nat.iterate.{1} DerridaRetaux.shiftLeft h rho))
    (HMul.hMul.{0, 0, 0} (HDiv.hDiv.{0, 0, 0} C (HPow.hPow.{0, 0, 0} (DerridaRetaux.profileScale n) 3))
      (HAdd.hAdd.{0, 0, 0} (HMul.hMul.{0, 0, 0} 2 ↑(HAdd.hAdd.{0, 0, 0} a 1))
        (HMul.hMul.{0, 0, 0} (↑h)
          (HAdd.hAdd.{0, 0, 0} 1
            (Real.log (HDiv.hDiv.{0, 0, 0} (DerridaRetaux.profileScale n) ↑(HAdd.hAdd.{0, 0, 0} a 1)))))))
'DerridaRetaux.weightedSupThree_twoParameter_log_of_split' depends on axioms: [propext, Classical.choice, Quot.sound]
DerridaRetaux.yaglomDensity_eq_of_laplace {t : Real} (ht : LT.lt.{0} 0 t) {u : Real → Real}
  (hucont : ContinuousOn.{0, 0} u (Set.Ici.{0} 0))
  (hu : ∀ (x : Real), Membership.mem.{0, 0} (Set.Ici.{0} 0) x → LE.le.{0} 0 (u x))
  (huint : MeasureTheory.IntegrableOn.{0, 0} u (Set.Ici.{0} 0) MeasureTheory.volume.{0})
  (hLaplace :
    ∀ (p : Real),
      LT.lt.{0} 0 p →
        Eq.{1}
          (∫ (x : Real) in Set.Ici.{0} 0, HMul.hMul.{0, 0, 0} (Real.exp (HMul.hMul.{0, 0, 0} (Neg.neg.{0} p) x)) (u x))
          (HDiv.hDiv.{0, 0, 0} 4 (HMul.hMul.{0, 0, 0} t (HAdd.hAdd.{0, 0, 0} (HMul.hMul.{0, 0, 0} t p) 2))))
  (x : Real) :
  Membership.mem.{0, 0} (Set.Ici.{0} 0) x →
    Eq.{1} (u x)
      (HMul.hMul.{0, 0, 0} (HDiv.hDiv.{0, 0, 0} 4 (HPow.hPow.{0, 0, 0} t 2))
        (Real.exp (HDiv.hDiv.{0, 0, 0} (HMul.hMul.{0, 0, 0} (-2) x) t)))
'DerridaRetaux.yaglomDensity_eq_of_laplace' depends on axioms: [propext, Classical.choice, Quot.sound]
DerridaRetaux.yaglomDensity_hasWeakEquationOn (eta T : Real) (heta : LT.lt.{0} 0 eta) :
  DerridaRetaux.HasWeakEquationOn (fun s => DerridaRetaux.yaglomDensity s) (Set.Icc.{0} eta T)
'DerridaRetaux.yaglomDensity_hasWeakEquationOn' depends on axioms: [propext, Classical.choice, Quot.sound]
DerridaRetaux.yaglomDensity_transport_integration_by_parts (phi : Real → Real) (hphi : ContDiff.{0, 0, 0} Real 1 phi)
  (hcompact : HasCompactSupport.{0, 0} phi) (t : Real) (ht : LT.lt.{0} 0 t) :
  Eq.{1}
    (∫ (x : Real) in Set.Ici.{0} 0,
      HMul.hMul.{0, 0, 0} (phi x)
        (HMul.hMul.{0, 0, 0} (HDiv.hDiv.{0, 0, 0} (-8) (HPow.hPow.{0, 0, 0} t 3))
          (Real.exp (HDiv.hDiv.{0, 0, 0} (HMul.hMul.{0, 0, 0} (-2) x) t))))
    (HSub.hSub.{0, 0, 0} (HMul.hMul.{0, 0, 0} (Neg.neg.{0} (phi 0)) (DerridaRetaux.yaglomDensity t 0))
      (∫ (x : Real) in Set.Ici.{0} 0, HMul.hMul.{0, 0, 0} (deriv.{0, 0} phi x) (DerridaRetaux.yaglomDensity t x)))
'DerridaRetaux.yaglomDensity_transport_integration_by_parts' depends on axioms: [propext, Classical.choice, Quot.sound]
DerridaRetaux.zeroExtend (f : DerridaRetaux.Seq) (z : Int) : Real
'DerridaRetaux.zeroExtend' depends on axioms: [propext, Classical.choice, Quot.sound]
DerridaRetaux.zeroTilt_pos_of_admissible (m : Nat) (p : DerridaRetaux.ProbabilityMass) (hm : LE.le.{0} 2 m)
  (hcrit : DerridaRetaux.Critical m p)
  (hnotBinaryFixedPoint : Not (And (Eq.{1} m 2) (Eq.{1} p (DerridaRetaux.diracMass 1)))) :
  LT.lt.{0} 0 (DerridaRetaux.zeroTilt m p)
'DerridaRetaux.zeroTilt_pos_of_admissible' depends on axioms: [propext, Classical.choice, Quot.sound]
DerridaRetaux.FixedArity.cubicWeightedInfiniteChain (m : Nat) (data : DerridaRetaux.ProfileInitialData m) :
  ∃ μ,
    And (MeasureTheory.IsProbabilityMeasure.{0} μ)
      (And
        (∀ (n : Nat),
          Eq.{1} (MeasureTheory.Measure.map.{0, 0} (fun w i => w ↑i) μ)
            (PMF.toMeasure.{0} (DerridaRetaux.spinePathPMF m data n)))
        (And
          (∀ (n : Nat),
            Eq.{1} (MeasureTheory.Measure.map.{0, 0} (fun w => w n) μ)
              (PMF.toMeasure.{0} (DerridaRetaux.spineMarginalPMF m data n)))
          (∀ (n : Nat),
            Eq.{1}
              (MeasureTheory.Measure.map.{0, 0} (fun w => Prod.mk.{0, 0} (fun i => w ↑i) (w (HAdd.hAdd.{0, 0, 0} n 1)))
                μ)
              (PMF.toMeasure.{0}
                (PMF.bind.{0, 0} (DerridaRetaux.spinePathPMF m data n) fun u =>
                  PMF.map.{0, 0} (fun k => Prod.mk.{0, 0} u k)
                    (DerridaRetaux.spineKernel m data n (DerridaRetaux.finPathTerminal u)))))))
'DerridaRetaux.FixedArity.cubicWeightedInfiniteChain' depends on axioms: [propext, Classical.choice, Quot.sound]
DerridaRetaux.FixedArity.momentLaplaceLocalIntegralDerivatives (m : Nat) (data : DerridaRetaux.ProfileInitialData m)
  (phi : Nat → Nat) (g : (k : Nat) → BoundedContinuousFunction.{0, 0} (↑(DerridaRetaux.gridExhaustionRectangle k)) Real)
  (hphi : Filter.Tendsto.{0, 0} phi Filter.atTop.{0} Filter.atTop.{0})
  (hlim :
    ∀ (k : Nat),
      TendstoUniformly.{0, 0, 0}
        (fun n q =>
          DerridaRetaux.gridBilinearInterp (phi n)
            (DerridaRetaux.orbitScaledGrid m
              (DerridaRetaux.CriticalInitialData.law (DerridaRetaux.ProfileInitialData.toCriticalInitialData data))
              (phi n))
            (↑q).1 (↑q).2)
        (fun q => (g k) q) Filter.atTop.{0}) :
  let A := fun r t => DerridaRetaux.continuumMoment (fun x => DerridaRetaux.gluedExhaustionLimit g t x) r;
  let U := fun t p => DerridaRetaux.continuumLaplace (fun x => DerridaRetaux.gluedExhaustionLimit g t x) p;
  let beta := fun t => DerridaRetaux.gluedExhaustionLimit g t 0;
  ∀ (a b : Real),
    LT.lt.{0} 0 a →
      LE.le.{0} a b →
        And
          (DerridaRetaux.HasIntegralDerivativeOn (A 0)
            (fun t =>
              HAdd.hAdd.{0, 0, 0} (Neg.neg.{0} (beta t)) (HMul.hMul.{0, 0, 0} (1 / 2) (HPow.hPow.{0, 0, 0} (A 0 t) 2)))
            (Set.Icc.{0} a b))
          (And
            (DerridaRetaux.HasIntegralDerivativeOn (A 2)
              (fun t => HSub.hSub.{0, 0, 0} (HMul.hMul.{0, 0, 0} (A 0 t) (A 2 t)) 1) (Set.Icc.{0} a b))
            (And
              (DerridaRetaux.HasIntegralDerivativeOn (A 3) (fun t => HMul.hMul.{0, 0, 0} (A 0 t) (A 3 t))
                (Set.Icc.{0} a b))
              (∀ (p : Real),
                LE.le.{0} 0 p →
                  DerridaRetaux.HasIntegralDerivativeOn (fun t => U t p)
                    (fun t =>
                      HSub.hSub.{0, 0, 0}
                        (HAdd.hAdd.{0, 0, 0} (HMul.hMul.{0, 0, 0} p (U t p))
                          (HMul.hMul.{0, 0, 0} (1 / 2) (HPow.hPow.{0, 0, 0} (U t p) 2)))
                        (beta t))
                    (Set.Icc.{0} a b))))
'DerridaRetaux.FixedArity.momentLaplaceLocalIntegralDerivatives' depends on axioms: [propext,
 Classical.choice,
 Quot.sound,
 DerridaRetaux.HumanInputs.cdhls_excess_upper,
 DerridaRetaux.HumanInputs.cdhls_product_upper]

=== extended-axioms.log ===
'DerridaRetaux.squareWeightSummationByParts_source' depends on axioms: [propext, Classical.choice, Quot.sound]
'DerridaRetaux.inverseLinear_isIntegerRegularlyVaryingNegOne' depends on axioms: [propext, Classical.choice, Quot.sound]
'DerridaRetaux.profileScale_pos' depends on axioms: [propext, Classical.choice, Quot.sound]
'DerridaRetaux.integrableOn_Iic_deriv_of_nonneg'' depends on axioms: [propext, Classical.choice, Quot.sound]
'DerridaRetaux.critical_isDirac_eq_binary' depends on axioms: [propext, Classical.choice, Quot.sound]
'DerridaRetaux.ProbabilityMass.ofPMF_toPMF' depends on axioms: [propext, Classical.choice, Quot.sound]
'DerridaRetaux.ProbabilityMass.toPMF_ofPMF' depends on axioms: [propext, Classical.choice, Quot.sound]
'DerridaRetaux.orbit_toPMF_succ' depends on axioms: [propext, Classical.choice, Quot.sound]
'DerridaRetaux.continuous_gridBilinearInterp' depends on axioms: [propext, Classical.choice, Quot.sound]
'DerridaRetaux.gridBilinearInterp_at_node' depends on axioms: [propext, Classical.choice, Quot.sound]
'DerridaRetaux.natSquare_mul_log_gradient_rate_tendsto_zero' depends on axioms: [propext, Classical.choice, Quot.sound]
'DerridaRetaux.probabilityFirstMoment_summable_of_tiltSummable' depends on axioms: [propext,
 Classical.choice,
 Quot.sound]
'DerridaRetaux.orbit_probabilityFirstMoment_tendsto_of_atom_limits' depends on axioms: [propext,
 Classical.choice,
 Quot.sound]
'DerridaRetaux.orbit_probabilityFirstMoment_tendsto_of_atom_limits_and_bound' depends on axioms: [propext,
 Classical.choice,
 Quot.sound]
'DerridaRetaux.conditionalFirstMoment_tendsto' depends on axioms: [propext, Classical.choice, Quot.sound]
'DerridaRetaux.orbitPartition_tendsto_one_of_H1' depends on axioms: [propext, Classical.choice, Quot.sound]
'DerridaRetaux.orbit_fixedAtom_geometric_bound_of_H1_and_pointwise' depends on axioms: [propext,
 Classical.choice,
 Quot.sound]
'DerridaRetaux.boundaryDensity_tendsto_of_compact_profile_error' depends on axioms: [propext,
 Classical.choice,
 Quot.sound]
'DerridaRetaux.fixedAtom_tendsto_of_compact_profile_error' depends on axioms: [propext, Classical.choice, Quot.sound]
'DerridaRetaux.orbitPartition_tendsto_one_of_scaled_excess' depends on axioms: [propext, Classical.choice, Quot.sound]
'DerridaRetaux.survival_tendsto_of_boundary_partition_gradient' depends on axioms: [propext,
 Classical.choice,
 Quot.sound]
'DerridaRetaux.survival_tendsto_of_compact_profile_excess_gradient' depends on axioms: [propext,
 Classical.choice,
 Quot.sound]
'DerridaRetaux.survival_tendsto_of_boundary_partition_log_gradient' depends on axioms: [propext,
 Classical.choice,
 Quot.sound]
'DerridaRetaux.expThirdRemainder_bounds' depends on axioms: [propext, Classical.choice, Quot.sound]
'DerridaRetaux.expThirdRemainder_le_smallCutoff' depends on axioms: [propext, Classical.choice, Quot.sound]
'DerridaRetaux.densityCoeff_nonneg_and_le_choose' depends on axioms: [propext, Classical.choice, Quot.sound]
'DerridaRetaux.densityE_orbit_weightedSup_order_four' depends on axioms: [propext, Classical.choice, Quot.sound]
'DerridaRetaux.densityE_orbit_weightedL1_order_three' depends on axioms: [propext, Classical.choice, Quot.sound]
'DerridaRetaux.densityR_orbit_weightedSup_order_four' depends on axioms: [propext, Classical.choice, Quot.sound]
'DerridaRetaux.smoothingRemainders_orbit_of_H1_and_pointwise' depends on axioms: [propext, Classical.choice, Quot.sound]
'DerridaRetaux.densityTotalMass_eq_tiltFactor_mul_positiveTiltMass' depends on axioms: [propext,
 Classical.choice,
 Quot.sound]
'DerridaRetaux.nat_mul_tendsto_zero_of_natSquare_mul_tendsto' depends on axioms: [propext, Classical.choice, Quot.sound]
'DerridaRetaux.orbit_scaledExcess_tendsto_of_densityMass_and_survival' depends on axioms: [propext,
 Classical.choice,
 Quot.sound]
'DerridaRetaux.natCast_mul_one_sub_exp_neg_two_div_tendsto_two' depends on axioms: [propext,
 Classical.choice,
 Quot.sound]
'DerridaRetaux.exponentialProfile_gridMass_tendsto_two' depends on axioms: [propext, Classical.choice, Quot.sound]
'DerridaRetaux.exponentialProfileGridTail_tendsto_zero' depends on axioms: [propext, Classical.choice, Quot.sound]
'DerridaRetaux.scaled_tsum_tendsto_two_of_local_profile_and_weighted_tail' depends on axioms: [propext,
 Classical.choice,
 Quot.sound]
'DerridaRetaux.orbit_densityTotalMass_tendsto_two_of_local_profile_and_weighted_tail' depends on axioms: [propext,
 Classical.choice,
 Quot.sound]
'DerridaRetaux.orbit_positiveTiltMass_tendsto_of_local_profile_and_weighted_tail' depends on axioms: [propext,
 Classical.choice,
 Quot.sound]
'DerridaRetaux.linearProfileCutoff_ratio_tendsto' depends on axioms: [propext, Classical.choice, Quot.sound]
'DerridaRetaux.densityProfileL1Error_tendsto_zero_of_fixed_windows' depends on axioms: [propext,
 Classical.choice,
 Quot.sound]
'DerridaRetaux.orbit_densityTotalMass_tendsto_two_of_fixed_windows' depends on axioms: [propext,
 Classical.choice,
 Quot.sound]
'DerridaRetaux.densityProfilePrefixL1Error_linearCutoff_tendsto_zero_of_compact' depends on axioms: [propext,
 Classical.choice,
 Quot.sound]
'DerridaRetaux.orbit_densityTotalMass_tendsto_two_of_compact_profile' depends on axioms: [propext,
 Classical.choice,
 Quot.sound]
'DerridaRetaux.orbit_positiveTiltMass_tendsto_of_compact_profile' depends on axioms: [propext,
 Classical.choice,
 Quot.sound]
'DerridaRetaux.inversePower_succ_hasSum' depends on axioms: [propext, Classical.choice, Quot.sound]
'DerridaRetaux.survival_sub_boundary_le' depends on axioms: [propext, Classical.choice, Quot.sound]
'DerridaRetaux.rho_sub_tiltFactor_mul_survivalReadout_le' depends on axioms: [propext, Classical.choice, Quot.sound]
'DerridaRetaux.conditionalPositiveL1Error_profile_scale_le' depends on axioms: [propext, Classical.choice, Quot.sound]
'DerridaRetaux.conditionalPositiveL1Error_isBigO_of_profile_scale' depends on axioms: [propext,
 Classical.choice,
 Quot.sound]
'DerridaRetaux.conditionalPositiveL1Error_eq_two_mul_totalVariation' depends on axioms: [propext,
 Classical.choice,
 Quot.sound]
'DerridaRetaux.scaledSurvivalReadout_tendsto' depends on axioms: [propext, Classical.choice, Quot.sound]
'DerridaRetaux.eventually_inverseSquare_lower_of_scaled_tendsto_pos' depends on axioms: [propext,
 Classical.choice,
 Quot.sound]
'DerridaRetaux.orbit_conditionalPositiveL1Error_isBigO' depends on axioms: [propext, Classical.choice, Quot.sound]
'DerridaRetaux.positiveTiltedDensity_orbit_succ_short' depends on axioms: [propext, Classical.choice, Quot.sound]
'DerridaRetaux.densityB_orbit_succ' depends on axioms: [propext, Classical.choice, Quot.sound]
'DerridaRetaux.densityE_two' depends on axioms: [propext, Classical.choice, Quot.sound]
'DerridaRetaux.densityE_weightedSup_bound' depends on axioms: [propext, Classical.choice, Quot.sound]
'DerridaRetaux.densityE_weightedL1_bound' depends on axioms: [propext, Classical.choice, Quot.sound]
'DerridaRetaux.densityR_weightedSup_bound_of_component_bounds' depends on axioms: [propext,
 Classical.choice,
 Quot.sound]
'DerridaRetaux.sub_shiftLeft_iterate_eq_shiftLeftPartialSum' depends on axioms: [propext, Classical.choice, Quot.sound]
'DerridaRetaux.weightedSupThree_sub_shiftLeft_iterate' depends on axioms: [propext, Classical.choice, Quot.sound]
'DerridaRetaux.weightedSupThree_discreteDerivative' depends on axioms: [propext, Classical.choice, Quot.sound]
'DerridaRetaux.transportDefect_factor' depends on axioms: [propext, Classical.choice, Quot.sound]
'DerridaRetaux.transportDefect_le_quadratic' depends on axioms: [propext, Classical.choice, Quot.sound]
'DerridaRetaux.weightedL1Three_conv_le' depends on axioms: [propext, Classical.choice, Quot.sound]
'DerridaRetaux.weightedSupThree_shiftByInt_nat' depends on axioms: [propext, Classical.choice, Quot.sound]
'DerridaRetaux.weightedSupThree_shiftLeft_iterate_gain' depends on axioms: [propext, Classical.choice, Quot.sound]
'DerridaRetaux.weightedL1Three_convPow_le_pow' depends on axioms: [propext, Classical.choice, Quot.sound]
'DerridaRetaux.weightedSupThree_convPow_succ_le' depends on axioms: [propext, Classical.choice, Quot.sound]
'DerridaRetaux.weightedConvolutionPowers_orbit_bounds' depends on axioms: [propext, Classical.choice, Quot.sound]
'DerridaRetaux.convolutionNorms_orbit_of_pointwise' depends on axioms: [propext, Classical.choice, Quot.sound]
'DerridaRetaux.shiftByInt_of_le' depends on axioms: [propext, Classical.choice, Quot.sound]
'DerridaRetaux.shiftByInt_support' depends on axioms: [propext, Classical.choice, Quot.sound]
'DerridaRetaux.orbitPositiveTilt_eq_product_shift_arrival' depends on axioms: [propext, Classical.choice, Quot.sound]
'DerridaRetaux.arrivalCoeff_succ_eq_formulaSource' depends on axioms: [propext, Classical.choice, Quot.sound]
'DerridaRetaux.arrivalCoeff_duhamel' depends on axioms: [propext, Classical.choice, Quot.sound]
'DerridaRetaux.arrivalFormulaSource_eq_zero_of_lt' depends on axioms: [propext, Classical.choice, Quot.sound]
'DerridaRetaux.arrivalKappa_succ' depends on axioms: [propext, Classical.choice, Quot.sound]
'DerridaRetaux.initialArrivalU24_tendsto_zero' depends on axioms: [propext, Classical.choice, Quot.sound]
'DerridaRetaux.hasRightEnd_noRightBoundaryAmbiguity' depends on axioms: [propext, Classical.choice, Quot.sound]
'DerridaRetaux.isEntranceType_locallyFiniteBelow' depends on axioms: [propext, Classical.choice, Quot.sound]
'DerridaRetaux.Audit.deterministicCriticalClassification_without_arity_is_false' depends on axioms: [propext,
 Classical.choice,
 Quot.sound]
'DerridaRetaux.conv_assoc' depends on axioms: [propext, Classical.choice, Quot.sound]
'DerridaRetaux.drStepSeq_hasSum_one' depends on axioms: [propext, Classical.choice, Quot.sound]
'DerridaRetaux.orbit_eq_coefficientOrbit' depends on axioms: [propext, Classical.choice, Quot.sound]
'DerridaRetaux.lawStep_eq_drStepProb_toPMF' depends on axioms: [propext, Classical.choice, Quot.sound]
'DerridaRetaux.criticalProduct_succ' depends on axioms: [propext, Classical.choice, Quot.sound]
'DerridaRetaux.criticalProductInclusive_eq' depends on axioms: [propext, Classical.choice, Quot.sound]
'DerridaRetaux.volterraSmokeString_isEntranceType' depends on axioms: [propext, Classical.choice, Quot.sound]
'DerridaRetaux.volterraSmokeString_hasSecondEntranceMoment' depends on axioms: [propext, Classical.choice, Quot.sound]
'DerridaRetaux.volterraSmokeSolution_satisfies' depends on axioms: [propext, Classical.choice, Quot.sound]
'DerridaRetaux.volterraSmokeSolution_nonconstant' depends on axioms: [propext, Classical.choice, Quot.sound]
'DerridaRetaux.volterraSmokeIntegral_nonzero' depends on axioms: [propext, Classical.choice, Quot.sound]
'DerridaRetaux.orbit_two_diracMass_one' depends on axioms: [propext, Classical.choice, Quot.sound]
'DerridaRetaux.zeroOneCriticalLaw_critical' depends on axioms: [propext, Classical.choice, Quot.sound]
'DerridaRetaux.zeroOneCriticalLaw_not_isDirac' depends on axioms: [propext, Classical.choice, Quot.sound]
'DerridaRetaux.powerScale_convPow_hasSum' depends on axioms: [propext, Classical.choice, Quot.sound]
'DerridaRetaux.generatingFunction_drStep_cross' depends on axioms: [propext, Classical.choice, Quot.sound]
'DerridaRetaux.critical_drStep' depends on axioms: [propext, Classical.choice, Quot.sound]
'DerridaRetaux.orbit_critical' depends on axioms: [propext, Classical.choice, Quot.sound]
'DerridaRetaux.convPow_zeroAtom_add_apply' depends on axioms: [propext, Classical.choice, Quot.sound]
'DerridaRetaux.positiveTiltedDensity_orbit_succ' depends on axioms: [propext, Classical.choice, Quot.sound]
'DerridaRetaux.positiveTiltedDensity_drStepProb_two' depends on axioms: [propext, Classical.choice, Quot.sound]
'DerridaRetaux.thirdMomentScale_conv' depends on axioms: [propext, Classical.choice, Quot.sound]
'DerridaRetaux.orbit_tiltSummable_three' depends on axioms: [propext, Classical.choice, Quot.sound]
'DerridaRetaux.tiltedPartition_one_le_of_critical' depends on axioms: [propext, Classical.choice, Quot.sound]
'DerridaRetaux.criticalProduct_pos_of_critical' depends on axioms: [propext, Classical.choice, Quot.sound]
'DerridaRetaux.normalizedTilt_hasSum' depends on axioms: [propext, Classical.choice, Quot.sound]
'DerridaRetaux.normalizedTilt_mean' depends on axioms: [propext, Classical.choice, Quot.sound]
'DerridaRetaux.positiveTiltedDensity_shiftedMean_hasSum' depends on axioms: [propext, Classical.choice, Quot.sound]
'DerridaRetaux.tiltedPartition_orbit_succ_eq' depends on axioms: [propext, Classical.choice, Quot.sound]
'DerridaRetaux.normalizedTilt_orbit_succ_coeff' depends on axioms: [propext, Classical.choice, Quot.sound]
'DerridaRetaux.normalizedTiltGeneratingFunction_orbit_succ_cross' depends on axioms: [propext,
 Classical.choice,
 Quot.sound]
'DerridaRetaux.binary_zero_atom_hasSum' depends on axioms: [propext, Classical.choice, Quot.sound]
'DerridaRetaux.orbit_zeroTilt_pos' depends on axioms: [propext, Classical.choice, Quot.sound]
'DerridaRetaux.one_sub_transportCoeff_eq' depends on axioms: [propext, Classical.choice, Quot.sound]
'DerridaRetaux.one_subCoeff_le_quadratic' depends on axioms: [propext, Classical.choice, Quot.sound]
'DerridaRetaux.transportProduct_pos' depends on axioms: [propext, Classical.choice, Quot.sound]
'DerridaRetaux.transportProductLimit_pos_of_defect_summable' depends on axioms: [propext, Classical.choice, Quot.sound]
'DerridaRetaux.transportCoeff_inverse_uniform' depends on axioms: [propext, Classical.choice, Quot.sound]
'DerridaRetaux.survival_eq_one_sub_zero' depends on axioms: [propext, Classical.choice, Quot.sound]
'DerridaRetaux.excess_nonneg' depends on axioms: [propext, Classical.choice, Quot.sound]
'DerridaRetaux.survival_le_excess_div' depends on axioms: [propext, Classical.choice, Quot.sound]
'DerridaRetaux.positiveTiltMass_eq_excess_add_survival_div' depends on axioms: [propext, Classical.choice, Quot.sound]
'DerridaRetaux.survival_eq_partition_mul_readout' depends on axioms: [propext, Classical.choice, Quot.sound]
'DerridaRetaux.atom_eq_partition_mul_rho' depends on axioms: [propext, Classical.choice, Quot.sound]
'DerridaRetaux.excess_orbit_decrement' depends on axioms: [propext, Classical.choice, Quot.sound]
'DerridaRetaux.one_add_pow_sub_linear_eq_sq_mul_excessPowerCoeff' depends on axioms: [propext,
 Classical.choice,
 Quot.sound]
'DerridaRetaux.decrement_tendsto_of_exact_identity' depends on axioms: [propext, Classical.choice, Quot.sound]
'DerridaRetaux.excess_orbit_decrement_tendsto' depends on axioms: [propext, Classical.choice, Quot.sound]
'DerridaRetaux.integratedLaplaceSecondGap_eq' depends on axioms: [propext, Classical.choice, Quot.sound]
'DerridaRetaux.integratedExpThirdRemainder_le_cutoff' depends on axioms: [propext, Classical.choice, Quot.sound]
'DerridaRetaux.abs_normalizedIntegratedExpThirdRemainder_le_sqrt' depends on axioms: [propext,
 Classical.choice,
 Quot.sound]
'DerridaRetaux.integratedLaplaceSecondGap_pos' depends on axioms: [propext, Classical.choice, Quot.sound]
'DerridaRetaux.positiveHalfLineMoment_A3_lower' depends on axioms: [propext, Classical.choice, Quot.sound]
'DerridaRetaux.positiveHalfLineMoment_zero_and_three_pos' depends on axioms: [propext, Classical.choice, Quot.sound]
'DerridaRetaux.deriv_momentLaplaceGap_eq' depends on axioms: [propext, Classical.choice, Quot.sound]
'DerridaRetaux.gridBilinearInterp_family_uniformlyBoundedOn_rectangle' depends on axioms: [propext,
 Classical.choice,
 Quot.sound]
'DerridaRetaux.gridBilinearInterp_family_equicontinuousOn_of_eventually' depends on axioms: [propext,
 Classical.choice,
 Quot.sound]
'DerridaRetaux.weightedSupThree_log_modulus_of_early_late' depends on axioms: [propext, Classical.choice, Quot.sound]
'DerridaRetaux.weightedSupThree_gradient_of_early_late' depends on axioms: [propext, Classical.choice, Quot.sound]
'DerridaRetaux.densityInitialSegment_weightedSup_bound' depends on axioms: [propext, Classical.choice, Quot.sound]
'DerridaRetaux.densityQuadraticSegment_derivative_weightedSup_log_bound' depends on axioms: [propext,
 Classical.choice,
 Quot.sound]
'DerridaRetaux.densityLateSegment_derivative_weightedSup_log_bound' depends on axioms: [propext,
 Classical.choice,
 Quot.sound]
'DerridaRetaux.truncatedSmoothingSplit_of_H1' depends on axioms: [propext, Classical.choice, Quot.sound]
'DerridaRetaux.positiveTiltedDensity_spatialSmoothing_of_H1' depends on axioms: [propext, Classical.choice, Quot.sound]
'DerridaRetaux.positiveTiltedDensity_temporalTransport_of_bounds' depends on axioms: [propext,
 Classical.choice,
 Quot.sound]
'DerridaRetaux.positiveTiltedDensity_temporalModulus_of_H1_and_spatial' depends on axioms: [propext,
 Classical.choice,
 Quot.sound]
'DerridaRetaux.exists_gridBilinearInterp_diagonal_subsequence' depends on axioms: [propext,
 Classical.choice,
 Quot.sound]
'DerridaRetaux.gridNodeReadout_tendsto_of_uniformOn_exhaustion' depends on axioms: [propext,
 Classical.choice,
 Quot.sound]
'DerridaRetaux.orbitScaledGrid_adjacent_le_of_gradient' depends on axioms: [propext, Classical.choice, Quot.sound]
'DerridaRetaux.exists_orbitScaledGrid_diagonal_subsequence_and_readout' depends on axioms: [propext,
 Classical.choice,
 Quot.sound]
'DerridaRetaux.transportBetween_eq_transportProduct_div' depends on axioms: [propext, Classical.choice, Quot.sound]
'DerridaRetaux.positiveTiltedDensity_eq_transportRatio_add_quadratic_add_higher' depends on axioms: [propext,
 Classical.choice,
 Quot.sound]
'DerridaRetaux.discreteDerivative_densityQuadraticSegment_telescope' depends on axioms: [propext,
 Classical.choice,
 Quot.sound]
'DerridaRetaux.densityNonlinearSource_orbit_le_of_weightedL1' depends on axioms: [propext, Classical.choice, Quot.sound]
'DerridaRetaux.positiveTiltedDensity_orbit_add_le_shift_add_majorant' depends on axioms: [propext,
 Classical.choice,
 Quot.sound]
'DerridaRetaux.positiveTiltedDensity_pointwise_of_arrival_far' depends on axioms: [propext,
 Classical.choice,
 Quot.sound]
'DerridaRetaux.translate_eq_with_common_rightEnd_imp_zero' depends on axioms: [propext, Classical.choice, Quot.sound]
'DerridaRetaux.translate_eq_with_common_rightEnd_imp_original_eq' depends on axioms: [propext,
 Classical.choice,
 Quot.sound]
'DerridaRetaux.cumulative_translate_eq_with_common_rightEnd_imp_zero' depends on axioms: [propext,
 Classical.choice,
 Quot.sound]
'DerridaRetaux.kotaniCharacteristicFact_imp_cumulative_eq' depends on axioms: [propext, Classical.choice, Quot.sound]
'DerridaRetaux.stringY' depends on axioms: [propext, Classical.choice, Quot.sound]
'DerridaRetaux.hasDerivAt_stringY' depends on axioms: [propext, Classical.choice, Quot.sound]
'DerridaRetaux.hasDerivAt_stringA2Y' depends on axioms: [propext, Classical.choice, Quot.sound]
'DerridaRetaux.stringXi_eq_neg_integral_Ioi' depends on axioms: [propext, Classical.choice, Quot.sound]
'DerridaRetaux.stringXi_bijOn' depends on axioms: [propext, Classical.choice, Quot.sound]
'DerridaRetaux.stringXiMassCoordinate_comp_eq' depends on axioms: [propext, Classical.choice, Quot.sound]
'DerridaRetaux.hasDerivAt_stringXiMassCoordinate' depends on axioms: [propext, Classical.choice, Quot.sound]
'DerridaRetaux.stringA2Y_two_sided' depends on axioms: [propext, Classical.choice, Quot.sound]
'DerridaRetaux.stringXiMassCoordinate_two_sided' depends on axioms: [propext, Classical.choice, Quot.sound]
'DerridaRetaux.stringDensityCoefficient_vs_coordinate' depends on axioms: [propext, Classical.choice, Quot.sound]
'DerridaRetaux.normalizedCubicMoment_drStep' depends on axioms: [propext, Classical.choice, Quot.sound]
'DerridaRetaux.normalizedCubicMoment_orbit_eq' depends on axioms: [propext, Classical.choice, Quot.sound]
'DerridaRetaux.normalizedCubicMoment_eqJ' depends on axioms: [propext, Classical.choice, Quot.sound]
'DerridaRetaux.normalizedTilt_lowMoments_orbit' depends on axioms: [propext, Classical.choice, Quot.sound]
'DerridaRetaux.finiteThirdMoment_implies_cubic_tail_limits' depends on axioms: [propext, Classical.choice, Quot.sound]
'DerridaRetaux.weightedL1Three_positiveTiltedDensity_le' depends on axioms: [propext, Classical.choice, Quot.sound]
'DerridaRetaux.positiveTiltedDensity_firstShifted_tsum' depends on axioms: [propext, Classical.choice, Quot.sound]
'DerridaRetaux.positiveTiltedDensity_weightedMass_orbit' depends on axioms: [propext, Classical.choice, Quot.sound]
'DerridaRetaux.orbitTransportDefect_summable' depends on axioms: [propext, Classical.choice, Quot.sound]
'DerridaRetaux.transportProduct_tendsto_pos' depends on axioms: [propext, Classical.choice, Quot.sound]
'DerridaRetaux.transportProduct_mul_zeroTilt_le_orbitZeroTilt' depends on axioms: [propext,
 Classical.choice,
 Quot.sound]
'DerridaRetaux.orbitZeroTilt_inverse_uniform' depends on axioms: [propext, Classical.choice, Quot.sound]
'DerridaRetaux.quadraticDensityAt_lipschitz_on_unit' depends on axioms: [propext, Classical.choice, Quot.sound]
'DerridaRetaux.coefficientVariation_orbit_of_H1a_and_pointwise' depends on axioms: [propext,
 Classical.choice,
 Quot.sound]
'DerridaRetaux.firstTiltedAtom_eq_theta_sub_theta_succ_add' depends on axioms: [propext, Classical.choice, Quot.sound]
'DerridaRetaux.firstTiltedAtomTail_bound_all' depends on axioms: [propext, Classical.choice, Quot.sound]
'DerridaRetaux.firstTiltedAtom_squareWeight_sum_eq' depends on axioms: [propext, Classical.choice, Quot.sound]
'DerridaRetaux.firstTiltedAtom_squareWeight_sum_linear_bound' depends on axioms: [propext, Classical.choice, Quot.sound]
'DerridaRetaux.arrivalInitialIndex_injective' depends on axioms: [propext, Quot.sound]
'DerridaRetaux.sum_range_sum_range_triangle' depends on axioms: [propext, Classical.choice, Quot.sound]
'DerridaRetaux.arrivalInitialBlock_le_coefficientTail_of_cubic' depends on axioms: [propext,
 Classical.choice,
 Quot.sound]
'DerridaRetaux.shiftedCubicMoment_convPow_summable_and_le' depends on axioms: [propext, Classical.choice, Quot.sound]
'DerridaRetaux.coefficientTail_le_shiftedCubicMoment_div' depends on axioms: [propext, Classical.choice, Quot.sound]
'DerridaRetaux.arrivalMomentTail_bounds' depends on axioms: [propext, Classical.choice, Quot.sound]
'DerridaRetaux.SourceMonomialTag.valid_branch_trichotomy' depends on axioms: [propext, Classical.choice, Quot.sound]
'DerridaRetaux.SourceMonomialTag.tailThreshold_twice_gt' depends on axioms: [propext, Classical.choice, Quot.sound]
'DerridaRetaux.arrivalFormulaSource_sub_eq_fullyExpanded' depends on axioms: [propext, Classical.choice, Quot.sound]
'DerridaRetaux.actual_sourceDifference_terms_have_valid_tags' depends on axioms: [propext, Classical.choice, Quot.sound]
'DerridaRetaux.sourceFactorValue_eq_coreNormalForm' depends on axioms: [propext, Classical.choice, Quot.sound]
'DerridaRetaux.sourceFunctionExpandedTerm_eq_tagNormalForm' depends on axioms: [propext, Classical.choice, Quot.sound]
'DerridaRetaux.actual_sourceDifference_terms_have_valid_normalForms' depends on axioms: [propext,
 Classical.choice,
 Quot.sound]
'DerridaRetaux.sourceShiftChange_eq_zero_of_degree_two' depends on axioms: [propext, Classical.choice, Quot.sound]
'DerridaRetaux.cubicSizeBiasedLaw' depends on axioms: [propext, Classical.choice, Quot.sound]
'DerridaRetaux.cubicSpineKernel_two_one' depends on axioms: [propext, Classical.choice, Quot.sound]
'DerridaRetaux.cubicSizeBiasedPMF_bind_cubicSpineKernel' depends on axioms: [propext, Classical.choice, Quot.sound]
'DerridaRetaux.spineMarginalPMF_bind_spineKernel' depends on axioms: [propext, Classical.choice, Quot.sound]
'DerridaRetaux.cubicSpineExpectedPositiveIncrement_eq_ratio' depends on axioms: [propext, Classical.choice, Quot.sound]
'DerridaRetaux.cubicSpineExpectedPositiveIncrement_le_four' depends on axioms: [propext, Classical.choice, Quot.sound]
'DerridaRetaux.spinePathPMF_initial_marginal' depends on axioms: [propext, Classical.choice, Quot.sound]
'DerridaRetaux.spinePathPMF_terminal_marginal' depends on axioms: [propext, Classical.choice, Quot.sound]
'DerridaRetaux.spinePath_positiveVariation_hasSum' depends on axioms: [propext, Classical.choice, Quot.sound]
'DerridaRetaux.spinePathExpectedPositiveVariation_le_four_mul' depends on axioms: [propext,
 Classical.choice,
 Quot.sound]
'DerridaRetaux.spineSharpTail_le_initial_add' depends on axioms: [propext, Classical.choice, Quot.sound]
'DerridaRetaux.profileThirdTail_quadratic_of_concreteSpine' depends on axioms: [propext, Classical.choice, Quot.sound]
'DerridaRetaux.profileThirdTail_uniform_integrability_of_concreteSpine' depends on axioms: [propext,
 Classical.choice,
 Quot.sound]
'DerridaRetaux.FixedArity.cubicWeightedChain' depends on axioms: [propext, Classical.choice, Quot.sound]
'DerridaRetaux.FixedArity.thirdMomentTail' depends on axioms: [propext,
 Classical.choice,
 Quot.sound,
 DerridaRetaux.HumanInputs.cdhls_product_upper]
'DerridaRetaux.spineMarginal_eq_zero_of_carrier_eq_zero' depends on axioms: [propext, Classical.choice, Quot.sound]
'DerridaRetaux.cubicAllocation_hasSum' depends on axioms: [propext, Classical.choice, Quot.sound]
'DerridaRetaux.cubicAllocationWeight_hasSum_one' depends on axioms: [propext, Classical.choice, Quot.sound]
'DerridaRetaux.cubicAllocation_carrier_identity' depends on axioms: [propext, Classical.choice, Quot.sound]
'DerridaRetaux.cubicSpineOutputMass_eq_nextSizeBiased' depends on axioms: [propext, Classical.choice, Quot.sound]
'DerridaRetaux.normalizedFactorialTwo_sq_le' depends on axioms: [propext, Classical.choice, Quot.sound]
'DerridaRetaux.criticalSpineIncrementRatio_le_four' depends on axioms: [propext, Classical.choice, Quot.sound]
'DerridaRetaux.weightedPathTail_le_initial_add' depends on axioms: [propext, Classical.choice, Quot.sound]
'DerridaRetaux.profileThirdTail_quadratic_of_spineTail' depends on axioms: [propext, Classical.choice, Quot.sound]
'DerridaRetaux.profileThirdTail_uniform_integrability_of_spineTail' depends on axioms: [propext,
 Classical.choice,
 Quot.sound]
'DerridaRetaux.sharpnessPowerLaw_critical' depends on axioms: [propext, Classical.choice, Quot.sound]
'DerridaRetaux.sharpnessPowerLaw_not_tiltSummable_three' depends on axioms: [propext, Classical.choice, Quot.sound]
'DerridaRetaux.sharpnessCriticalInitialData' depends on axioms: [propext, Classical.choice, Quot.sound]
'DerridaRetaux.sharpnessPowerLaw_stableProduct_parameters' depends on axioms: [propext, Classical.choice, Quot.sound]
'DerridaRetaux.sharpnessPowerLaw_product_bounds' depends on axioms: [propext, Classical.choice, Quot.sound]
'DerridaRetaux.no_eventual_subquadratic_poweredPrefixProduct_bound' depends on axioms: [propext,
 Classical.choice,
 Quot.sound]
'DerridaRetaux.summable_partition_excess_sq' depends on axioms: [propext, Classical.choice, Quot.sound]
'DerridaRetaux.partition_log_sum_div_log_tendsto' depends on axioms: [propext, Classical.choice, Quot.sound]
'DerridaRetaux.orbit_criticalProduct_sub_two_log_isLittleO' depends on axioms: [propext, Classical.choice, Quot.sound]
'DerridaRetaux.sharpnessPowerLaw_not_partition_excess_limit' depends on axioms: [propext, Classical.choice, Quot.sound]
'DerridaRetaux.exists_critical_law_with_finite_real_tilt_and_no_profile_excess_limit' depends on axioms: [propext,
 Classical.choice,
 Quot.sound]
'DerridaRetaux.FixedArity.sharpness_core' depends on axioms: [propext, Classical.choice, Quot.sound]
'DerridaRetaux.FixedArity.sharpness' depends on axioms: [propext,
 Classical.choice,
 Quot.sound,
 DerridaRetaux.HumanInputs.chenShi_stable_product]
'DerridaRetaux.FixedArity.cubicMoment' depends on axioms: [propext,
 Classical.choice,
 Quot.sound,
 DerridaRetaux.HumanInputs.cdhls_product_upper]
'DerridaRetaux.FixedArity.firstTiltedAtomTail' depends on axioms: [propext,
 Classical.choice,
 Quot.sound,
 DerridaRetaux.HumanInputs.cdhls_excess_upper]
'DerridaRetaux.FixedArity.arrivalRecursion' depends on axioms: [propext, Classical.choice, Quot.sound]
'DerridaRetaux.arrivalFormulaSource_sub_tailControlled_of_H1' depends on axioms: [propext, Classical.choice, Quot.sound]
'DerridaRetaux.arrivalFormulaSource_sub_tail_bound_of_H1' depends on axioms: [propext, Classical.choice, Quot.sound]
'DerridaRetaux.arrivalCoeff_far_bound_of_H1' depends on axioms: [propext, Classical.choice, Quot.sound]
'DerridaRetaux.arrivalCoeff_scaled_far_constant_of_H1' depends on axioms: [propext, Classical.choice, Quot.sound]
'DerridaRetaux.positiveTiltedDensity_pointwise_of_H1' depends on axioms: [propext, Classical.choice, Quot.sound]
'DerridaRetaux.FixedArity.sourceDifference' depends on axioms: [propext,
 Classical.choice,
 Quot.sound,
 DerridaRetaux.HumanInputs.cdhls_excess_upper,
 DerridaRetaux.HumanInputs.cdhls_product_upper]
'DerridaRetaux.FixedArity.farArrivalBound' depends on axioms: [propext,
 Classical.choice,
 Quot.sound,
 DerridaRetaux.HumanInputs.cdhls_excess_upper,
 DerridaRetaux.HumanInputs.cdhls_product_upper]
'DerridaRetaux.FixedArity.pointwiseBound' depends on axioms: [propext,
 Classical.choice,
 Quot.sound,
 DerridaRetaux.HumanInputs.cdhls_excess_upper,
 DerridaRetaux.HumanInputs.cdhls_product_upper]
'DerridaRetaux.FixedArity.smoothingTwoParameter' depends on axioms: [propext,
 Classical.choice,
 Quot.sound,
 DerridaRetaux.HumanInputs.cdhls_excess_upper,
 DerridaRetaux.HumanInputs.cdhls_product_upper]
'DerridaRetaux.FixedArity.smoothing' depends on axioms: [propext,
 Classical.choice,
 Quot.sound,
 DerridaRetaux.HumanInputs.cdhls_excess_upper,
 DerridaRetaux.HumanInputs.cdhls_product_upper]
'DerridaRetaux.profileDensityMomentTail_uniform_integrability_of_spineTail' depends on axioms: [propext,
 Classical.choice,
 Quot.sound]
'DerridaRetaux.scaledDiscreteMoment_tendsto_of_heads_and_uniform_tails_along' depends on axioms: [propext,
 Classical.choice,
 Quot.sound]
'DerridaRetaux.profileDensityMoment_tendsto_of_compact_heads_and_spineTail_along' depends on axioms: [propext,
 Classical.choice,
 Quot.sound]
'DerridaRetaux.integral_cubicTail_le_of_finiteMeasure_tendsto_eventually' depends on axioms: [propext,
 Classical.choice,
 Quot.sound]
'DerridaRetaux.integral_cubicTail_scaledLatticeMeasure_eq_all' depends on axioms: [propext,
 Classical.choice,
 Quot.sound]
'DerridaRetaux.limit_cubicTail_le_of_scaledLatticeMeasuresAlong_tendsto_eventually' depends on axioms: [propext,
 Classical.choice,
 Quot.sound]
'DerridaRetaux.finiteMeasure_tendsto_of_compact_integrals_and_mass' depends on axioms: [propext,
 Classical.choice,
 Quot.sound]
'DerridaRetaux.scaledLatticeMeasuresAlong_tendsto_of_compact_sums_and_mass' depends on axioms: [propext,
 Classical.choice,
 Quot.sound]
'DerridaRetaux.scaledLatticeMeasuresAlong_tendsto_finiteDensityMeasure' depends on axioms: [propext,
 Classical.choice,
 Quot.sound]
'DerridaRetaux.latticeLeftRiemannSum_tendsto_intervalIntegral' depends on axioms: [propext,
 Classical.choice,
 Quot.sound]
'DerridaRetaux.compact_lattice_sums_tendsto_of_locallyUniform' depends on axioms: [propext,
 Classical.choice,
 Quot.sound]
'DerridaRetaux.continuousOn_gluedExhaustionTimeOneSlice_Ici' depends on axioms: [propext, Classical.choice, Quot.sound]
'DerridaRetaux.locallyUniformLatticeDensity_of_orbitScaledGrid_exhaustionLimits' depends on axioms: [propext,
 Classical.choice,
 Quot.sound]
'DerridaRetaux.gluedExhaustionTimeOneSlice_nonneg_of_exhaustionLimits' depends on axioms: [propext,
 Classical.choice,
 Quot.sound]
'DerridaRetaux.scaledLatticeMeasuresAlong_tendsto_finiteDensityMeasure_of_locallyUniform' depends on axioms: [propext,
 Classical.choice,
 Quot.sound]
'DerridaRetaux.scaledLatticeMeasuresAlong_tendsto_of_exhaustionLimits' depends on axioms: [propext,
 Classical.choice,
 Quot.sound]
'DerridaRetaux.scaled_conv_eq_lattice_product_sum' depends on axioms: [propext, Classical.choice, Quot.sound]
'DerridaRetaux.latticeSelfConvolutionSum_tendsto_moving' depends on axioms: [propext, Classical.choice, Quot.sound]
'DerridaRetaux.scaled_conv_tendsto_moving_of_locallyUniform' depends on axioms: [propext, Classical.choice, Quot.sound]
'DerridaRetaux.scaled_conv_gridIndex_tendsto_of_locallyUniform_of_nonneg' depends on axioms: [propext,
 Classical.choice,
 Quot.sound]
'DerridaRetaux.shiftRightPow_apply_eq_ite' depends on axioms: [propext, Classical.choice, Quot.sound]
'DerridaRetaux.scaled_shiftRightPow_conv_gridIndex_tendsto_of_nonneg' depends on axioms: [propext,
 Classical.choice,
 Quot.sound]
'DerridaRetaux.scaled_conv_uniform_on_compact_away_zero_of_locallyUniform' depends on axioms: [propext,
 Classical.choice,
 Quot.sound]
'DerridaRetaux.orbit_rho_scaled_conv_uniform_on_compact_away_zero' depends on axioms: [propext,
 Classical.choice,
 Quot.sound]
'DerridaRetaux.positiveTiltedDensity_orbit_succ_fullRhoSource' depends on axioms: [propext,
 Classical.choice,
 Quot.sound]
'DerridaRetaux.seq_recurrence_apply_eq_transport_add_forcing' depends on axioms: [propext, Classical.choice, Quot.sound]
'DerridaRetaux.positiveTiltedDensity_orbit_apply_eq_discreteMildDuhamel' depends on axioms: [propext,
 Classical.choice,
 Quot.sound]
'DerridaRetaux.densityHigherSegment_supLE_of_order_four' depends on axioms: [propext, Classical.choice, Quot.sound]
'DerridaRetaux.densityHigherSegment_scaled_abs_le_const_div' depends on axioms: [propext, Classical.choice, Quot.sound]
'DerridaRetaux.densityHigherSegment_scaled_tendsto_zero_of_order_four_on_annulus' depends on axioms: [propext,
 Classical.choice,
 Quot.sound]
'DerridaRetaux.densityHigherSegment_orbit_scaled_tendsto_zero_on_annulus' depends on axioms: [propext,
 Classical.choice,
 Quot.sound]
'DerridaRetaux.hasIntegralDerivativeOn_of_tendstoUniformly_of_tendstoInL1On' depends on axioms: [propext,
 Classical.choice,
 Quot.sound]
'DerridaRetaux.hasIntegralDerivativeOn_Icc_of_local_uniform_and_L1' depends on axioms: [propext,
 Classical.choice,
 Quot.sound]
'DerridaRetaux.HasIntegralDerivativeOn.hasDerivAt_of_continuousOn_Icc' depends on axioms: [propext,
 Classical.choice,
 Quot.sound]
'DerridaRetaux.HasIntegralDerivativeOn.contDiffOn_Ioo_of_continuousOn_Icc' depends on axioms: [propext,
 Classical.choice,
 Quot.sound]
'DerridaRetaux.natFloor_window_div_cofinal_tendsto' depends on axioms: [propext, Classical.choice, Quot.sound]
'DerridaRetaux.orbit_densityD_natFloor_tendsto_half_of_H1a' depends on axioms: [propext, Classical.choice, Quot.sound]
'DerridaRetaux.orbit_densityD_uniform_after_natFloor_of_H1a' depends on axioms: [propext, Classical.choice, Quot.sound]
'DerridaRetaux.transportBetween_orbit_tendsto_one_along_of_H1a' depends on axioms: [propext,
 Classical.choice,
 Quot.sound]
'DerridaRetaux.transportBetween_orbit_uniform_on_natFloor_window_of_H1a' depends on axioms: [propext,
 Classical.choice,
 Quot.sound]
'DerridaRetaux.terminalTransportWeight_orbit_natFloor_window_uniform_of_H1a' depends on axioms: [propext,
 Classical.choice,
 Quot.sound]
'DerridaRetaux.gridTimeArraySum_tendsto_of_uniform_approximation_on_Ioi' depends on axioms: [propext,
 Classical.choice,
 Quot.sound]
'DerridaRetaux.hasTimeIntegratedWeakEquationOn_of_pointwise_derivative' depends on axioms: [propext,
 Classical.choice,
 Quot.sound]
'DerridaRetaux.hasWeakEquationOn_of_pointwise_weak_derivatives' depends on axioms: [propext,
 Classical.choice,
 Quot.sound]
'DerridaRetaux.hasIntegralDerivativeOn_weakObservable_of_integratedWeakEquation' depends on axioms: [propext,
 Classical.choice,
 Quot.sound]
'DerridaRetaux.hasTimeIntegratedWeakEquationOn_iff_hasIntegralDerivativeOn' depends on axioms: [propext,
 Classical.choice,
 Quot.sound]
'DerridaRetaux.locallyUniformLatticeDensity_of_eventually' depends on axioms: [propext, Classical.choice, Quot.sound]
'DerridaRetaux.locallyUniformLatticeDensity_of_eventually_epsilon' depends on axioms: [propext,
 Classical.choice,
 Quot.sound]
'DerridaRetaux.locallyUniformLatticeDensity_of_gluedExhaustion_at_time' depends on axioms: [propext,
 Classical.choice,
 Quot.sound]
'DerridaRetaux.locallyUniformLatticeDensity_orbit_of_gluedExhaustion_at_time' depends on axioms: [propext,
 Classical.choice,
 Quot.sound]
'DerridaRetaux.orbit_rho_scaled_conv_tendsto_of_gluedExhaustion_at_time' depends on axioms: [propext,
 Classical.choice,
 Quot.sound]
'DerridaRetaux.locallyUniformSpacetimeLatticeDensity_orbit_of_gluedExhaustion' depends on axioms: [propext,
 Classical.choice,
 Quot.sound]
'DerridaRetaux.continuousOn_gluedExhaustionLimit_rectangle' depends on axioms: [propext, Classical.choice, Quot.sound]
'DerridaRetaux.tendstoUniformlyOn_gluedExhaustionLimit' depends on axioms: [propext, Classical.choice, Quot.sound]
'DerridaRetaux.scaled_conv_shifted_floor_window_uniform' depends on axioms: [propext, Classical.choice, Quot.sound]
'DerridaRetaux.densityQuadraticWeight_natFloor_window_uniform_of_H1a' depends on axioms: [propext,
 Classical.choice,
 Quot.sound]
'DerridaRetaux.quadraticDuhamelGridSum_tendsto_of_H1a' depends on axioms: [propext, Classical.choice, Quot.sound]
'DerridaRetaux.scaled_densityQuadraticSegment_tendsto_of_H1a' depends on axioms: [propext, Classical.choice, Quot.sound]
'DerridaRetaux.scaled_densityInitialSegment_tendsto_of_H1a' depends on axioms: [propext, Classical.choice, Quot.sound]
'DerridaRetaux.scaled_densityHigherSegment_floor_tendsto_zero' depends on axioms: [propext,
 Classical.choice,
 Quot.sound]
'DerridaRetaux.scaled_terminalDensity_tendsto' depends on axioms: [propext, Classical.choice, Quot.sound]
'DerridaRetaux.continuousOn_shiftedConvolutionTimeIntegral' depends on axioms: [propext, Classical.choice, Quot.sound]
'DerridaRetaux.gluedExhaustionLimit_mild_pos_of_H1a' depends on axioms: [propext, Classical.choice, Quot.sound]
'DerridaRetaux.gluedExhaustionLimit_mild_zero_of_H1a' depends on axioms: [propext, Classical.choice, Quot.sound]
'DerridaRetaux.gluedExhaustionLimit_mild_of_H1a' depends on axioms: [propext, Classical.choice, Quot.sound]
'DerridaRetaux.constructed_stringCumulative_of_neg' depends on axioms: [propext, Classical.choice, Quot.sound]
'DerridaRetaux.tendsto_constructed_stringCumulative_nhds_top' depends on axioms: [propext, Classical.choice, Quot.sound]
'DerridaRetaux.constructedEntranceString_isEntranceType' depends on axioms: [propext, Classical.choice, Quot.sound]
'DerridaRetaux.constructedEntranceString_hasSecondEntranceMoment' depends on axioms: [propext,
 Classical.choice,
 Quot.sound]
'DerridaRetaux.constructedEntranceString_correctRightEnd' depends on axioms: [propext, Classical.choice, Quot.sound]
'DerridaRetaux.constructedEntranceString_hasRightEnd_zero' depends on axioms: [propext, Classical.choice, Quot.sound]
'DerridaRetaux.constructedPhi_pos' depends on axioms: [propext, Classical.choice, Quot.sound]
'DerridaRetaux.tendsto_timeOfNegativeCoordinate_atBot_nhdsGT_zero' depends on axioms: [propext,
 Classical.choice,
 Quot.sound]
'DerridaRetaux.tendsto_constructedEndpointSolution_add_id_atBot' depends on axioms: [propext,
 Classical.choice,
 Quot.sound]
'DerridaRetaux.hasDerivAt_constructedEndpointSolution_of_neg' depends on axioms: [propext, Classical.choice, Quot.sound]
'DerridaRetaux.hasDerivAt_constructedEndpointSlope_of_neg' depends on axioms: [propext, Classical.choice, Quot.sound]
'DerridaRetaux.tendsto_constructedEndpointSlope_atBot' depends on axioms: [propext, Classical.choice, Quot.sound]
'DerridaRetaux.hasSingularCharacteristic_of_endpoint_representation' depends on axioms: [propext,
 Classical.choice,
 Quot.sound]
'DerridaRetaux.constructedEndpointAtTime_pos' depends on axioms: [propext, Classical.choice, Quot.sound]
'DerridaRetaux.constructedEndpointSolution_pos_of_neg' depends on axioms: [propext, Classical.choice, Quot.sound]
'DerridaRetaux.strictAntiOn_constructedEndpointSolution' depends on axioms: [propext, Classical.choice, Quot.sound]
'DerridaRetaux.hasDerivAt_constructedPhi' depends on axioms: [propext, Classical.choice, Quot.sound]
'DerridaRetaux.hasDerivAt_constructedEndpointAtTime' depends on axioms: [propext, Classical.choice, Quot.sound]
'DerridaRetaux.constructedEndpointAtTime_le_Y_mul_A2' depends on axioms: [propext, Classical.choice, Quot.sound]
'DerridaRetaux.tendsto_constructedEndpointAtTime_atTop_zero' depends on axioms: [propext, Classical.choice, Quot.sound]
'DerridaRetaux.tendsto_timeOfNegativeCoordinate_orderIso_nhdsLT_zero_atTop' depends on axioms: [propext,
 Classical.choice,
 Quot.sound]
'DerridaRetaux.tendsto_constructedEndpointSolution_nhdsLT_zero' depends on axioms: [propext,
 Classical.choice,
 Quot.sound]
'DerridaRetaux.hasDerivAt_constructedEndpointSolution_at' depends on axioms: [propext, Classical.choice, Quot.sound]
'DerridaRetaux.hasDerivAt_constructedEndpointSlope_at' depends on axioms: [propext, Classical.choice, Quot.sound]
'DerridaRetaux.constructedEndpointAtTime_add_coordinate_eq' depends on axioms: [propext, Classical.choice, Quot.sound]
'DerridaRetaux.tendsto_constructedEndpoint_add_coordinate_at_zero' depends on axioms: [propext,
 Classical.choice,
 Quot.sound]
'DerridaRetaux.model_stringCumulative_of_neg' depends on axioms: [propext, Classical.choice, Quot.sound]
'DerridaRetaux.tendsto_model_stringCumulative_nhdsLT_zero_top' depends on axioms: [propext,
 Classical.choice,
 Quot.sound]
'DerridaRetaux.modelEntranceString_isEntranceType' depends on axioms: [propext, Classical.choice, Quot.sound]
'DerridaRetaux.modelEntranceString_hasSecondEntranceMoment' depends on axioms: [propext, Classical.choice, Quot.sound]
'DerridaRetaux.modelEntranceString_correctRightEnd' depends on axioms: [propext, Classical.choice, Quot.sound]
'DerridaRetaux.modelEntranceString_hasRightEnd_zero' depends on axioms: [propext, Classical.choice, Quot.sound]
'DerridaRetaux.modelStringEntranceSolution_isVolterra' depends on axioms: [propext, Classical.choice, Quot.sound]
'DerridaRetaux.modelEntranceString_hasSingularCharacteristic' depends on axioms: [propext, Classical.choice, Quot.sound]
'DerridaRetaux.sourceModelEntranceString_hasSingularCharacteristic' depends on axioms: [propext,
 Classical.choice,
 Quot.sound]
'DerridaRetaux.modelStringEndpointSolution_pos' depends on axioms: [propext, Classical.choice, Quot.sound]
'DerridaRetaux.modelStringEndpointSolutionDeriv_neg' depends on axioms: [propext, Classical.choice, Quot.sound]
'DerridaRetaux.strictAntiOn_modelStringEndpointSolution' depends on axioms: [propext, Classical.choice, Quot.sound]
'DerridaRetaux.modelStringEndpointSolution_ode' depends on axioms: [propext, Classical.choice, Quot.sound]
'DerridaRetaux.modelStringEndpointSolution_secondODE' depends on axioms: [propext, Classical.choice, Quot.sound]
'DerridaRetaux.tendsto_modelStringEndpointSolutionDeriv_atBot' depends on axioms: [propext,
 Classical.choice,
 Quot.sound]
'DerridaRetaux.tendsto_modelStringEndpointSolution_nhdsLT_zero' depends on axioms: [propext,
 Classical.choice,
 Quot.sound]
'DerridaRetaux.tendsto_modelStringEndpointSolution_add_id_atBot' depends on axioms: [propext,
 Classical.choice,
 Quot.sound]
'DerridaRetaux.physicalTimeCoordinate_eq_neg_div' depends on axioms: [propext, Classical.choice, Quot.sound]
'DerridaRetaux.physicalTimeScale_eq' depends on axioms: [propext, Classical.choice, Quot.sound]
'DerridaRetaux.physicalTimeZerothMoment_eq' depends on axioms: [propext, Classical.choice, Quot.sound]
'DerridaRetaux.physicalTimePhi_eq_of_modelDerivative' depends on axioms: [propext, Classical.choice, Quot.sound]
'DerridaRetaux.hasDerivAt_physicalTimePhi' depends on axioms: [propext, Classical.choice, Quot.sound]
'DerridaRetaux.physicalTimeLaplaceGap_eq' depends on axioms: [propext, Classical.choice, Quot.sound]
'DerridaRetaux.physicalTimeLaplaceTransform_eq' depends on axioms: [propext, Classical.choice, Quot.sound]
'DerridaRetaux.integrableOn_pow_mul_of_locallyUniform_and_momentBound_Ici' depends on axioms: [propext,
 Classical.choice,
 Quot.sound]
'DerridaRetaux.orbit_scaledDiscreteMoment_eventually_bounded_of_weightedL1' depends on axioms: [propext,
 Classical.choice,
 Quot.sound]
'DerridaRetaux.softScaledDiscreteMoment_sandwich' depends on axioms: [propext, Classical.choice, Quot.sound]
'DerridaRetaux.scaledDiscreteMoment_tendsto_of_locallyUniform_and_uniformTails' depends on axioms: [propext,
 Classical.choice,
 Quot.sound]
'DerridaRetaux.orbit_scaledDiscreteMoment_le_envelope' depends on axioms: [propext, Classical.choice, Quot.sound]
'DerridaRetaux.scaledLatticeMeasuresAlong_tendsto_of_locallyUniform_and_mass' depends on axioms: [propext,
 Classical.choice,
 Quot.sound]
'DerridaRetaux.FixedArity.subsequentialMildEquation' depends on axioms: [propext,
 Classical.choice,
 Quot.sound,
 DerridaRetaux.HumanInputs.cdhls_excess_upper,
 DerridaRetaux.HumanInputs.cdhls_product_upper]
'DerridaRetaux.FixedArity.subsequentialMoment_integrable' depends on axioms: [propext,
 Classical.choice,
 Quot.sound,
 DerridaRetaux.HumanInputs.cdhls_excess_upper,
 DerridaRetaux.HumanInputs.cdhls_product_upper]
'DerridaRetaux.FixedArity.subsequentialMoment_tendsto' depends on axioms: [propext,
 Classical.choice,
 Quot.sound,
 DerridaRetaux.HumanInputs.cdhls_excess_upper,
 DerridaRetaux.HumanInputs.cdhls_product_upper]
'DerridaRetaux.FixedArity.subsequentialMoment_bounds' depends on axioms: [propext,
 Classical.choice,
 Quot.sound,
 DerridaRetaux.HumanInputs.cdhls_excess_upper,
 DerridaRetaux.HumanInputs.cdhls_product_upper]
'DerridaRetaux.FixedArity.subsequentialThirdMomentTail' depends on axioms: [propext,
 Classical.choice,
 Quot.sound,
 DerridaRetaux.HumanInputs.cdhls_excess_upper,
 DerridaRetaux.HumanInputs.cdhls_product_upper]
